DATE,CO,NO,NO2,O3,CO2,PM2.5,AQHI,NO2_contrib,O3_contrib,PM2_5_contrib,Top_AQHI_Contributor
2026-03-29 03:30:00,0.7897000000000001,2.35,8.98,38.48,566.64,1.39,,,,,
2026-03-29 03:45:00,0.7898206666666666,2.35,8.971333333333334,38.507333333333335,567.8273333333333,1.14,,,,,
2026-03-29 04:00:00,0.7909326666666667,2.35,8.957333333333334,38.535333333333334,567.682,1.0613333333333332,,,,,
2026-03-29 04:15:00,0.7930566666666666,2.346,8.945333333333332,38.486,567.2473333333334,1.188,,,,,
2026-03-29 04:30:00,0.7938906666666666,2.334,8.929333333333332,38.43333333333334,567.9633333333334,1.0413333333333334,,,,,
2026-03-29 04:45:00,0.7954060000000001,2.33,8.902666666666667,38.101333333333336,568.2593333333333,1.0753333333333333,,,,,
2026-03-29 05:00:00,0.7981553333333333,2.334,8.878,37.786,569.0786666666667,1.054,,,,,
2026-03-29 05:15:00,0.8001986666666666,2.34,8.856,37.348,569.7613333333334,1.1266666666666667,,,,,
2026-03-29 05:30:00,0.8033126666666667,2.34,8.826666666666666,37.14666666666667,570.9826666666667,1.456,,,,,
2026-03-29 05:45:00,0.8044473333333334,2.34,8.803333333333335,36.95333333333333,570.38,1.4953333333333334,,,,,
2026-03-29 06:00:00,0.8060313333333333,2.34,8.799333333333333,36.782000000000004,569.8013333333333,1.5113333333333334,,,,,
2026-03-29 06:15:00,0.8053686666666666,2.34,8.786666666666667,36.688,569.898,1.4666666666666668,3,0.2691466818067022,0.7097519129817447,0.0211014052115532,O3
2026-03-29 06:30:00,0.8058393333333334,2.34,8.787333333333333,36.594,570.204,1.4506666666666665,3,0.26957130888510894,0.7091699664237607,0.021258724691130347,O3
2026-03-29 06:45:00,0.8047453333333333,2.3406666666666665,8.798,36.477333333333334,571.2466666666667,1.456,3,0.26999904695875315,0.7082261855221245,0.021774767519122377,O3
2026-03-29 07:00:00,0.8029693333333333,2.3406666666666665,8.806666666666667,36.37533333333333,572.7726666666666,1.4386666666666668,3,0.27050437978288616,0.7071129419645823,0.022382678252531502,O3
2026-03-29 07:15:00,0.8020166666666666,2.34,8.807333333333334,36.372,571.746,1.4253333333333333,3,0.27107078700763965,0.7061320265046878,0.022797186487672625,O3
2026-03-29 07:30:00,0.8018186666666667,2.3406666666666665,8.804666666666668,36.338,572.4353333333333,1.3553333333333333,3,0.2716280577292927,0.7050518141712794,0.023320128099427836,O3
2026-03-29 07:45:00,0.80225,2.34,8.827333333333334,36.27066666666666,572.3386666666667,1.4166666666666667,3,0.2721548292330754,0.7039736520857071,0.023871518681217552,O3
2026-03-29 08:00:00,0.8012039999999999,2.332,8.878666666666668,36.37133333333333,571.8093333333334,1.4633333333333334,3,0.2726175907281815,0.702882476740873,0.024499932530945536,O3
2026-03-29 08:15:00,0.797836,2.3393333333333333,8.926666666666666,36.535333333333334,570.78,1.354,3,0.2730195000845656,0.7021340783889025,0.024846421526531878,O3
2026-03-29 08:30:00,0.7942100000000001,2.35,8.959333333333333,36.52133333333333,571.9300000000001,1.4953333333333334,3,0.2735298976720845,0.7015519307814211,0.024918171546494443,O3
2026-03-29 08:45:00,0.792408,2.35,8.977333333333334,36.647999999999996,571.7293333333333,1.3293333333333333,3,0.2740578528939979,0.7012558121337014,0.024686334972300692,O3
2026-03-29 09:00:00,0.7922026666666667,2.35,8.973333333333334,36.77466666666667,571.0219999999999,1.142,3,0.2745341347721637,0.7013087199195018,0.02415714530833442,O3
2026-03-29 09:15:00,0.7944646666666666,2.35,8.957333333333334,36.71,571.2866666666666,1.258,3,0.2749276323518316,0.7012197268491142,0.02385264079905424,O3
2026-03-29 09:30:00,0.8014446666666667,2.348666666666667,8.939333333333334,36.768,577.0753333333333,1.4013333333333333,3,0.27515526661504963,0.7010774301860562,0.02376730319889414,O3
2026-03-29 09:45:00,0.8111473333333333,2.3353333333333333,8.904666666666667,36.728,586.0066666666667,1.382,3,0.27527326950044423,0.7010794220431984,0.02364730845635736,O3
2026-03-29 10:00:00,0.8191573333333333,2.33,8.875333333333334,36.599333333333334,597.006,1.3606666666666667,3,0.27533333252960096,0.7011415003254029,0.023525167144996098,O3
2026-03-29 10:15:00,0.8266993333333333,2.33,8.829333333333333,36.693333333333335,614.7126666666667,1.4473333333333334,3,0.27522313181403485,0.7012343957164365,0.023542472469528675,O3
2026-03-29 10:30:00,0.840216,2.3393333333333333,8.804,36.67666666666666,628.9326666666667,1.3646666666666667,3,0.2750679121536581,0.7013893546420127,0.023542733204329168,O3
2026-03-29 10:45:00,0.863016,2.378,8.792666666666667,36.699333333333335,638.0613333333333,1.324,3,0.2748495203974414,0.7017516630616004,0.023398816540958135,O3
2026-03-29 11:00:00,0.87579,2.356,8.842,36.81066666666667,644.5813333333333,1.3006666666666666,3,0.2746504220385141,0.7021928340156482,0.023156743945837638,O3
2026-03-29 11:15:00,0.878618,2.36,9.176,36.973333333333336,641.2986666666667,1.2586666666666666,3,0.27496075226607775,0.7020470482039171,0.022992199530005218,O3
2026-03-29 11:30:00,0.8746146666666667,2.4466666666666668,9.102,37.03933333333333,643.0326666666667,1.2353333333333334,3,0.2751005683314349,0.7022982277062255,0.022601203962339594,O3
2026-03-29 11:45:00,0.877866,2.452666666666667,8.770666666666667,37.019333333333336,647.4506666666666,1.084,3,0.27464669390428736,0.7030966869978548,0.02225661909785788,O3
2026-03-29 12:00:00,0.880794,2.45,8.792666666666667,37.124,662.4246666666667,1.0133333333333334,3,0.2742051307168183,0.7037204237002687,0.02207444558291304,O3
2026-03-29 12:15:00,0.8819646666666666,2.4506666666666668,8.788,37.98,674.486,1.042,3,0.2734139480218662,0.7048489137453298,0.021737138232804095,O3
2026-03-29 12:30:00,0.888754,2.458,9.143333333333333,38.455333333333336,680.1866666666666,0.9773333333333333,3,0.2732205539019808,0.705703712973539,0.021075733124480283,O3
2026-03-29 12:45:00,0.9027173333333333,2.372666666666667,9.432,38.38133333333333,673.7626666666666,1.082,3,0.27359626545198223,0.7058291980621232,0.0205745364858946,O3
2026-03-29 13:00:00,0.9121946666666666,2.3513333333333333,9.295333333333334,38.232,670.4073333333333,1.0073333333333334,3,0.2738002306394292,0.7061907074121794,0.020009061948391423,O3
2026-03-29 13:15:00,0.9170940000000001,2.35,8.968666666666667,38.21333333333333,681.424,0.9753333333333334,3,0.27357922179859606,0.707120633838938,0.019300144362466024,O3
2026-03-29 13:30:00,0.9163546666666667,2.3473333333333333,8.862,38.23266666666667,684.8993333333333,0.9946666666666667,3,0.2731540716584536,0.708107809420198,0.018738118921348336,O3
2026-03-29 13:45:00,0.915744,2.344666666666667,8.845333333333333,38.024,684.2486666666666,0.9913333333333334,3,0.27280634196531944,0.7089567262433475,0.018236931791333007,O3
2026-03-29 14:00:00,0.9172273333333334,2.342,8.824666666666667,37.876666666666665,687.38,0.8406666666666667,3,0.2724910168456448,0.7099369144118208,0.01757206874253442,O3
2026-03-29 14:15:00,0.91676,2.3673333333333333,8.808666666666667,37.796,692.494,0.874,3,0.2716068678871075,0.7113589586746283,0.017034173438264306,O3
2026-03-29 14:30:00,0.915476,2.36,8.818,37.69866666666667,693.4673333333334,0.88,3,0.2709351810459529,0.7125273657406048,0.01653745321344233,O3
2026-03-29 14:45:00,0.9079286666666667,2.3553333333333333,8.841333333333333,37.67666666666667,695.2253333333333,0.8246666666666667,3,0.27088284896038034,0.7129582099616346,0.016158941077984972,O3
2026-03-29 15:00:00,0.9003260000000001,2.3593333333333333,8.827333333333334,37.55466666666667,721.6913333333333,0.88,3,0.2708132354876352,0.7132244492410856,0.0159623152712792,O3
2026-03-29 15:15:00,0.89567,2.3593333333333333,8.882666666666667,37.376,716.3193333333334,0.7326666666666667,3,0.2713645488198102,0.7130896691245534,0.015545782055636368,O3
2026-03-29 15:30:00,0.900026,2.36,8.985999999999999,37.6,737.75,0.858,3,0.27148699098051055,0.7131054311548269,0.015407577864662526,O3
2026-03-29 15:45:00,0.9057466666666667,2.3666666666666667,8.858666666666666,37.715333333333334,751.9713333333333,0.7766666666666666,3,0.2708283009530388,0.71415004184632,0.015021657200641131,O3
2026-03-29 16:00:00,0.9049333333333333,2.4353333333333333,8.314666666666668,37.47933333333334,731.3186666666667,0.6266666666666667,3,0.2694721509840959,0.7159824452131285,0.01454540380277563,O3
2026-03-29 16:15:00,0.904768,2.452,8.318,37.63333333333333,711.5986666666666,0.5206666666666666,3,0.2686779514971273,0.7173765870287421,0.013945461474130599,O3
2026-03-29 16:30:00,0.8937759999999999,2.45,9.332666666666666,37.19266666666667,670.2546666666666,0.546,3,0.27018107317760814,0.7164974331124356,0.013321493709956224,O3
2026-03-29 16:45:00,0.8810688888888889,2.45,9.45,37.28111111111111,647.1488888888889,0.46222222222222226,3,0.27183987526737424,0.7155875829197831,0.012572541812842671,O3
2026-03-29 17:00:00,0.869996,2.4473333333333334,9.472666666666667,37.25333333333333,635.976,0.4666666666666667,3,0.27346798317407905,0.714494139860589,0.012037876965332038,O3
2026-03-29 17:15:00,0.8531346666666667,2.456,9.548,37.089333333333336,617.2173333333334,0.66,3,0.2752396803849319,0.7130328271834537,0.011727492431614372,O3
2026-03-29 17:30:00,0.8459093333333334,2.5193333333333334,9.636666666666667,37.166,616.4473333333333,0.7026666666666667,3,0.27706529940880376,0.7114712254457214,0.011463475145474912,O3
2026-03-29 17:45:00,0.8411146666666667,2.489333333333333,9.527333333333333,37.858,614.238,0.8646666666666667,3,0.2782384513559493,0.7102653666697798,0.01149618197427083,O3
2026-03-29 18:00:00,0.8506133333333333,2.4373333333333336,9.450666666666667,37.74133333333333,611.258,0.8953333333333333,3,0.2792987888372929,0.7092052712517293,0.01149593991097786,O3
2026-03-29 18:15:00,0.8473533333333334,2.5233333333333334,9.700666666666667,37.308,608.3853333333333,1.046,3,0.28070753795602693,0.7073813047096816,0.01191115733429147,O3
2026-03-29 18:30:00,0.837686,2.52,9.742,37.64933333333333,600.1213333333334,1.0853333333333333,3,0.28197811552056523,0.7058176837974611,0.012204200681973658,O3
2026-03-29 18:45:00,0.8337066666666667,2.4733333333333336,9.443333333333333,38.394,597.062,0.9526666666666667,3,0.2826699404683039,0.7049124939103161,0.012417565621379979,O3
2026-03-29 19:00:00,0.8333846666666667,2.498666666666667,9.684000000000001,37.62866666666667,592.55,0.9126666666666666,3,0.2849706646477317,0.7022619287387458,0.012767406613522504,O3
2026-03-29 19:15:00,0.8221286666666667,2.52,9.722666666666667,37.30466666666667,586.8573333333334,0.8646666666666667,3,0.2875085856072888,0.6992884313977499,0.013202982994961306,O3
2026-03-29 19:30:00,0.8141906666666666,2.52,9.484,37.016,584.6726666666667,0.91,3,0.28771348054067847,0.6985837354118337,0.013702784047487782,O3
2026-03-29 19:45:00,0.808506,2.52,9.464666666666668,36.74,579.59,0.8873333333333333,3,0.28781341529590576,0.6978875215414372,0.014299063162657118,O3
2026-03-29 20:00:00,0.8066393333333333,2.52,9.462666666666667,37.028,577.9993333333333,0.82,3,0.287755365394825,0.6974541489790672,0.01479048562610782,O3
2026-03-29 20:15:00,0.8083319999999999,2.52,9.503333333333334,36.934666666666665,576.346,0.7993333333333333,3,0.28768921790351604,0.6973234551380982,0.014987326958385743,O3
2026-03-29 20:30:00,0.8088386666666667,2.52,9.628,36.98,573.8173333333333,0.9126666666666666,3,0.28767334987100557,0.6970459125795833,0.015280737549411167,O3
2026-03-29 20:45:00,0.8089493333333334,2.52,9.730666666666666,37.094,575.0366666666666,0.7826666666666666,3,0.28841624342535577,0.6964052959289248,0.015178460645719517,O3
2026-03-29 21:00:00,0.8109573333333334,2.52,9.771333333333333,37.07066666666667,573.7766666666666,0.73,3,0.28936171413496364,0.6956836371632654,0.01495464870177091,O3
2026-03-29 21:15:00,0.8097053333333333,2.52,9.770666666666667,36.844,573.6,0.6086666666666667,3,0.28987547057607715,0.6957643335536817,0.014360195870241108,O3
2026-03-29 21:30:00,0.8080526666666668,2.52,9.770666666666667,36.672,574.3053333333334,0.6886666666666666,3,0.29053471867194236,0.695632112405077,0.013833168922980574,O3
2026-03-29 21:45:00,0.806438,2.52,9.771333333333333,36.51466666666666,574.588,0.5660000000000001,3,0.29214533599072207,0.6945279085872538,0.013326755422024184,O3
2026-03-29 22:00:00,0.803238,2.52,9.648,36.492666666666665,573.2453333333333,0.5606666666666666,3,0.29275125122575135,0.6943861484079552,0.01286260036629344,O3
2026-03-29 22:15:00,0.7995206666666667,2.52,9.504666666666667,36.342,572.0273333333333,0.574,3,0.2929263588382244,0.6945895195798244,0.012484121581951295,O3
2026-03-29 22:30:00,0.7999206666666666,2.52,9.462000000000002,36.263333333333335,573.7533333333333,0.6606666666666666,3,0.29334068751159154,0.6945078844831726,0.012151428005235923,O3
2026-03-29 22:45:00,0.8094046666666667,2.52,9.61,35.97,576.242,1.1826666666666668,3,0.2938395483669504,0.6935857170935261,0.012574734539523473,O3
2026-03-29 23:00:00,0.8279613333333333,2.52,9.672,35.756,576.8126666666667,1.748,3,0.2944256176737906,0.6916837092292097,0.013890673096999602,O3
2026-03-29 23:15:00,0.8405773333333333,2.52,9.774666666666667,35.636,577.3893333333333,2.0886666666666667,3,0.29498502792651365,0.6893060626858711,0.015708909387615218,O3
2026-03-29 23:30:00,0.84653,2.5206666666666666,9.769333333333332,35.45666666666666,577.438,2.298,3,0.2953756736726247,0.6869531621731839,0.0176711641541914,O3
2026-03-29 23:45:00,0.8537013333333333,2.521333333333333,9.771333333333333,35.484,576.8846666666667,2.4606666666666666,3,0.29550366410429985,0.6844485155015355,0.02004782039416462,O3
2026-03-30 00:00:00,0.8582473333333334,2.5233333333333334,9.77,35.452666666666666,578.056,2.743333333333333,3,0.29541956366301914,0.6816887845238019,0.02289165181317899,O3
2026-03-30 00:15:00,0.8614486666666666,2.522,9.770666666666667,35.43666666666667,577.3266666666667,2.7133333333333334,3,0.29520078040742675,0.6789479152624841,0.025851304330089166,O3
2026-03-30 00:30:00,0.8581646666666667,2.5246666666666666,9.77,35.467999999999996,579.2926666666667,2.6006666666666667,3,0.29496611836148307,0.6765007727059701,0.028533108932546812,O3
2026-03-30 00:45:00,0.8554853333333333,2.525333333333333,9.767333333333333,35.35666666666667,581.0913333333333,2.723333333333333,3,0.2946021772915917,0.673853407690449,0.031544415017959265,O3
2026-03-30 01:00:00,0.8576026666666666,2.526,9.763333333333334,35.239333333333335,581.6853333333333,2.9419999999999997,3,0.29440440172606114,0.6707472654615414,0.03484833281239742,O3
2026-03-30 01:15:00,0.8602293333333333,2.528,9.764,35.004,582.482,3.186,3,0.2944086023252765,0.6671465731687589,0.03844482450596453,O3
2026-03-30 01:30:00,0.8630873333333334,2.5286666666666666,9.756666666666666,34.78066666666667,583.308,3.3353333333333333,3,0.29451689679142984,0.6633672479743,0.04211585523427012,O3
2026-03-30 01:45:00,0.8629773333333334,2.53,9.754,34.59733333333333,584.2873333333333,3.2906666666666666,3,0.2945392242427683,0.6604380705051197,0.04502270525211201,O3
2026-03-30 02:00:00,0.8607333333333334,2.529333333333333,9.754666666666667,34.580666666666666,583.5813333333333,2.916,3,0.29474890505782153,0.6585904658894394,0.04666062905273903,O3
2026-03-30 02:15:00,0.8591673333333333,2.529333333333333,9.755333333333333,34.492,585.098,2.941333333333333,3,0.2948927288891336,0.6572196826451132,0.04788758846575318,O3
2026-03-30 02:30:00,0.8615546666666667,2.53,9.751333333333333,34.367333333333335,584.8093333333334,2.973333333333333,3,0.29508714248807727,0.6560378810901498,0.04887497642177296,O3
2026-03-30 02:45:00,0.8637626666666667,2.53,9.75,34.112,585.6033333333334,2.994,3,0.29546657222403944,0.6548365353895123,0.04969689238644837,O3
2026-03-30 03:00:00,0.8655926666666667,2.53,9.752666666666666,33.97933333333333,588.9513333333333,3.108,3,0.2959719291932515,0.6537249213080364,0.050303149498712174,O3
2026-03-30 03:15:00,0.8659613333333332,2.5006666666666666,9.754666666666667,33.97,589.3853333333333,3.3026666666666666,3,0.2963843703792118,0.6524037432195334,0.05121188640125478,O3
2026-03-30 03:30:00,0.8664980000000001,2.515333333333333,9.754,33.80866666666667,591.594,3.1226666666666665,3,0.2969169811344973,0.6510339216675999,0.052049097197902794,O3
2026-03-30 03:45:00,0.867404,2.453333333333333,9.756666666666666,33.754,593.056,2.994,3,0.29754031584418317,0.6499129603378093,0.05254672381800757,O3
2026-03-30 04:00:00,0.8659206666666667,2.5006666666666666,9.755333333333333,33.666,593.9953333333333,2.9353333333333333,3,0.29827467318120543,0.649054769382113,0.05267055743668156,O3
2026-03-30 04:15:00,0.8647773333333333,2.5006666666666666,9.754666666666667,33.54266666666667,594.1093333333333,2.985333333333333,3,0.2990394525853502,0.6484365707391763,0.05252397667547353,O3
2026-03-30 04:30:00,0.86324,2.4273333333333333,9.758666666666667,33.422,595.168,2.5793333333333335,3,0.30001728195741345,0.6483683295880726,0.05161438845451401,O3
2026-03-30 04:45:00,0.8639966666666666,2.3213333333333335,9.762,33.263333333333335,596.7573333333333,2.6406666666666667,3,0.30095460173980454,0.6482050633095661,0.05084033495062935,O3
2026-03-30 05:00:00,0.8641593333333333,2.31,9.764,33.218,596.316,2.6306666666666665,3,0.30175575998626547,0.647682711158453,0.050561528855281555,O3
2026-03-30 05:15:00,0.8662426666666666,2.31,9.768666666666666,33.274,596.8453333333333,2.4486666666666665,3,0.3025879395954138,0.6474267841143564,0.04998527629022973,O3
2026-03-30 05:30:00,0.8648726666666666,2.31,9.77,33.21,597.472,2.4646666666666666,3,0.30341135915756573,0.6472101744190136,0.0493784664234206,O3
2026-03-30 05:45:00,0.8665813333333333,2.31,9.773333333333333,33.038666666666664,601.038,2.4126666666666665,3,0.304237964941873,0.6471008316364164,0.048661203421710576,O3
2026-03-30 06:00:00,0.8700173333333333,2.3033333333333332,9.764666666666667,33.00933333333333,616.5673333333333,2.798,3,0.30487674242351215,0.6468147297995624,0.04830852777692542,O3
2026-03-30 06:15:00,0.8835893333333333,2.3026666666666666,9.721333333333334,32.91266666666667,653.278,3.772666666666667,3,0.3051329407724347,0.64582134757282,0.04904571165474533,O3
2026-03-30 06:30:00,0.9084513333333333,2.4526666666666666,9.564666666666668,32.604,687.8466666666667,4.854,3,0.304619850454562,0.6438222111940718,0.05155793835136612,O3
2026-03-30 06:45:00,0.9375460000000001,2.4846666666666666,9.835333333333333,32.002,711.4533333333334,5.904,3,0.30434460707065053,0.639957806964025,0.05569758596532439,O3
2026-03-30 07:00:00,0.9688413333333333,2.4846666666666666,9.869333333333334,31.406666666666666,719.2586666666666,6.43,3,0.304126997593419,0.6352084824332309,0.06066451997335009,O3
2026-03-30 07:15:00,1.00861,2.485333333333333,9.870666666666667,30.848666666666666,711.7826666666666,6.8406666666666665,3,0.30396890104194657,0.6298824800416515,0.06614861891640192,O3
2026-03-30 07:30:00,1.0478886666666667,2.517333333333333,9.87,30.574,698.8386666666667,7.105333333333333,3,0.3035839334230105,0.6238817228928722,0.07253434368411724,O3
2026-03-30 07:45:00,1.078192,2.5193333333333334,9.838,30.562,692.0546666666667,7.24,3,0.3030326032852372,0.6179886872651739,0.07897870944958901,O3
2026-03-30 08:00:00,1.102872,2.52,9.462,30.717333333333332,689.1953333333333,8.223333333333333,3,0.3012733207319934,0.6119739081434291,0.08675277112457742,O3
2026-03-30 08:15:00,1.1153306666666667,2.52,9.462666666666667,30.63533333333333,690.688,8.798,3,0.2992594583410951,0.6052603115473041,0.09548023011160077,O3
2026-03-30 08:30:00,1.1018806666666667,2.524,9.431333333333333,30.916,690.746,7.637333333333333,3,0.297537752837545,0.5998756649466247,0.1025865822158303,O3
2026-03-30 08:45:00,1.0829533333333334,2.466,9.4,31.477333333333334,693.5793333333334,6.499333333333333,3,0.2958751932066075,0.5959654127330096,0.10815939406038284,O3
2026-03-30 09:00:00,1.0628386666666667,2.4553333333333334,9.486666666666666,31.998666666666665,699.5533333333334,5.325333333333333,3,0.2947869995495868,0.5935985719793319,0.11161442847108134,O3
2026-03-30 09:15:00,1.0393973333333333,2.482,9.491333333333333,32.739333333333335,702.5086666666666,4.395333333333333,3,0.2941926529974229,0.5933100931373294,0.11249725386524766,O3
2026-03-30 09:30:00,1.0219113333333334,2.5246666666666666,9.736666666666666,33.559333333333335,716.3833333333333,3.5220000000000002,3,0.2946133758090826,0.5947902032686604,0.11059642092225701,O3
2026-03-30 09:45:00,1.0104626666666667,2.5246666666666666,9.741333333333333,34.287333333333336,733.8646666666667,2.942,3,0.2946143207261393,0.5989125922925208,0.10647308698133993,O3
2026-03-30 10:00:00,1.0050046666666668,2.524,9.744666666666667,34.998666666666665,764.2013333333333,2.5326666666666666,3,0.2943391596702192,0.60471660823443385,0.10094423209534699,O3
2026-03-30 10:15:00,0.9879666666666667,2.5233333333333334,9.660666666666666,36.031333333333336,768.362,2.15,3,0.29349725542625416,0.6123284453896348,0.09417429918411103,O3
2026-03-30 10:30:00,0.977754,2.52,9.465333333333334,36.32533333333333,757.7933333333333,1.7186666666666666,3,0.2923291174107734,0.6211889008816727,0.08648198170755399,O3
2026-03-30 10:45:00,1.020254,2.52,9.477333333333334,36.15266666666667,742.4086666666667,1.5366666666666666,3,0.29144586450420495,0.630158955206014,0.07839518028978112,O3
2026-03-30 11:00:00,1.251636,2.52,9.48,35.797333333333334,737.2133333333334,1.5533333333333335,3,0.29188392712476346,0.6390964415130014,0.06901963136223513,O3
2026-03-30 11:15:00,1.4611226666666666,2.52,9.974,35.762,733.198,1.556,3,0.29343172824503233,0.6477917712703037,0.05877650048466392,O3
2026-03-30 11:30:00,1.502416,2.52,10.246,35.87533333333334,733.8573333333334,1.3980000000000001,3,0.2951862244246776,0.6549643776540492,0.049849397921273166,O3
2026-03-30 11:45:00,1.4677453333333332,2.518666666666667,10.3,36.34533333333333,733.866,1.602,3,0.29656775283927295,0.6606692570849763,0.04276299007575076,O3
2026-03-30 12:00:00,1.4466553333333334,2.5166666666666666,10.3,36.498,735.1726666666667,1.442,3,0.2975332960936374,0.6653379138582214,0.03712879004814118,O3
2026-03-30 12:15:00,1.4294366666666667,2.51,10.3,36.59866666666667,728.3886666666667,1.3093333333333332,3,0.2984498562859514,0.6688964920293504,0.032653651684698144,O3
2026-03-30 12:30:00,1.4156493333333333,2.518,10.3,37.14333333333333,730.0346666666667,1.3226666666666667,3,0.2986839920193861,0.6718683551106809,0.029447652869933033,O3
2026-03-30 12:45:00,1.3551053333333334,2.52,10.3,37.456,735.0853333333333,1.0826666666666667,3,0.29896048047105594,0.6742935941908925,0.026745925338051577,O3
2026-03-30 13:00:00,1.2865626666666667,2.5193333333333334,10.3,37.61,725.828,1.186,3,0.2992760053871711,0.675943654023541,0.024780340589287964,O3
2026-03-30 13:15:00,1.2040240000000002,2.52,10.3,37.964666666666666,721.4433333333334,1.398,3,0.2998051855155402,0.6765428603720445,0.023651954112415295,O3
2026-03-30 13:30:00,1.1414393333333333,2.52,10.3,38.214666666666666,730.0333333333333,1.7586666666666666,3,0.300362806188687,0.6760495935305986,0.023587600280714487,O3
2026-03-30 13:45:00,1.103054,2.496,10.3,38.31133333333333,732.226,1.8233333333333333,3,0.30066792695450784,0.6754876548193253,0.023844418226166893,O3
2026-03-30 14:00:00,1.1075773333333334,2.436,10.3,38.504,730.4126666666667,1.6513333333333333,3,0.3007900946721034,0.6753819931740065,0.023827912153890126,O3
2026-03-30 14:15:00,1.1104413333333334,2.43,10.3,38.32266666666667,744.3746666666667,1.4153333333333333,3,0.3002317156150026,0.676238054285355,0.023530230099642464,O3
2026-03-30 14:30:00,1.0826906666666667,2.43,10.3,38.28933333333333,748.9366666666666,1.484,3,0.2991900906233367,0.6772556490173025,0.02355426035936086,O3
2026-03-30 14:45:00,1.0355366666666665,2.43,10.3,38.454,748.1973333333333,1.6199999999999999,3,0.29822943249782324,0.6782677445033309,0.023502822998845842,O3
2026-03-30 15:00:00,1.0111793333333334,2.362,10.3,38.68933333333333,732.6286666666667,1.48,3,0.2972298518124121,0.6792951988674523,0.023474949320135625,O3
2026-03-30 15:15:00,0.9818326666666667,2.378,10.3,39.02066666666666,719.074,1.5246666666666666,3,0.2960642208861044,0.6802655802061407,0.023670198907754885,O3
2026-03-30 15:30:00,0.9682293333333333,2.43,10.3,38.96333333333333,727.184,1.468,3,0.29520070619613686,0.6810047845908476,0.02379450921301559,O3
2026-03-30 15:45:00,0.9499353333333334,2.43,10.270666666666667,39.181333333333335,698.614,1.3933333333333333,3,0.2942696573209833,0.681593122518443,0.024137220160573767,O3
2026-03-30 16:00:00,0.9335693333333334,2.43,10.3,38.977333333333334,683.3186666666667,1.2473333333333334,3,0.2936466385174062,0.6821860563893298,0.024167305093264015,O3
2026-03-30 16:15:00,0.9106166666666666,2.43,10.3,39.31,692.3013333333333,1.578,3,0.2929898682375992,0.6826591432929962,0.02435098846940462,O3
2026-03-30 16:30:00,0.9003321428571428,2.43,10.3,39.67857142857143,698.8442857142857,1.6528571428571428,3,0.2923947211890098,0.6834432190822483,0.024162059728741896,O3
2026-03-30 17:00:00,0.9119706666666666,2.508,10.3,38.949333333333335,686.2406666666667,1.668,3,0.29217811084254464,0.6838823172085604,0.02393957194889493,O3
2026-03-30 17:15:00,0.913744,2.52,10.3,38.23533333333333,699.1353333333334,1.604,3,0.2923127096689883,0.6837990608265734,0.023888229504438297,O3
2026-03-30 17:30:00,0.9303386666666666,2.52,10.142666666666667,37.696666666666665,730.9506666666666,1.8,3,0.29217113952606166,0.6834143452920792,0.02441451518185915,O3
2026-03-30 17:45:00,0.9455686666666667,2.521333333333333,9.74,37.33533333333333,758.918,1.7033333333333334,3,0.29155604963317033,0.6836793194460967,0.024764630920732937,O3
2026-03-30 18:00:00,0.957954,2.527333333333333,9.678666666666667,37.18066666666667,804.1,1.8933333333333333,3,0.2909517146980936,0.6838463552930968,0.025201930008809627,O3
2026-03-30 18:15:00,0.9697393333333333,2.493333333333333,9.821333333333333,36.962666666666664,834.1320000000001,2.312666666666667,3,0.2905673408860434,0.6830575774749238,0.02637508163903276,O3
2026-03-30 18:30:00,0.9803473333333333,2.4346666666666668,9.609333333333334,36.456,844.2646666666667,2.504,3,0.2901270044945292,0.6820793963552451,0.027793599150225723,O3
2026-03-30 18:45:00,0.9832926666666667,2.448,9.584666666666667,35.962,825.884,2.48,3,0.28981863490825444,0.6808936818216489,0.029287683270096652,O3
2026-03-30 19:00:00,0.99595,2.5246666666666666,9.708666666666668,35.508,792.2246666666667,2.2653333333333334,3,0.29012197318338534,0.6792447212645688,0.03063330555204589,O3
2026-03-30 19:15:00,0.995454,2.53,9.74,35.577333333333335,774.094,2.3946666666666667,3,0.29020257433406665,0.677454867460344,0.03234255820558936,O3
2026-03-30 19:30:00,0.9879840000000001,2.53,9.735333333333333,35.67466666666667,775.828,2.6406666666666667,3,0.29041385649930873,0.6756159900454324,0.033970153455258875,O3
2026-03-30 19:45:00,0.9737713333333333,2.53,9.730666666666668,35.754666666666665,776.7106666666667,2.7173333333333334,3,0.29074761933802273,0.6736179181043324,0.0356344625576449,O3
2026-03-30 20:00:00,0.9617346666666666,2.53,9.731333333333334,35.897333333333336,777.3846666666667,2.7106666666666666,3,0.29070201690555847,0.6720585078126174,0.03723947528182408,O3
2026-03-30 20:15:00,0.95148,2.52,9.77,36.256,785.928,2.4686666666666666,3,0.2903114126926151,0.6711340297334447,0.03855455757394014,O3
2026-03-30 20:30:00,0.94071,2.5193333333333334,9.736666666666666,36.254666666666665,776.22,2.2006666666666668,3,0.29008218655013546,0.6707032946880592,0.03921451876180535,O3
2026-03-30 20:45:00,0.9378586666666666,2.518,9.704666666666666,35.944,782.0673333333333,2.252,3,0.29042789553032616,0.6695368096628059,0.04003529480686783,O3
2026-03-30 21:00:00,0.9515939999999999,2.519333333333333,9.506,35.46666666666667,780.4933333333333,2.546666666666667,3,0.29063461514279937,0.6683324106362639,0.04103297422093671,O3
2026-03-30 21:15:00,0.966288,2.4566666666666666,9.5,35.31066666666667,771.164,2.982,3,0.2905423894251816,0.6673895200778132,0.042068090497005266,O3
2026-03-30 21:30:00,0.9948373333333334,2.3426666666666667,8.970666666666666,35.34,746.4553333333333,3.7973333333333334,3,0.2893851153686088,0.6666737505813809,0.04394113405001039,O3
2026-03-30 21:45:00,1.02091,2.344666666666667,9.137333333333334,34.580666666666666,717.3153333333333,4.448,3,0.2884153924687406,0.6648671364664447,0.046717471064814685,O3
2026-03-30 22:00:00,1.02714,2.348666666666667,9.200666666666667,34.284,697.4093333333333,5.042,3,0.2869398499003975,0.6624933379635883,0.050566812136014126,O3
2026-03-30 22:15:00,1.0402273333333332,2.33,8.898,34.32,681.7113333333333,5.5600000000000005,3,0.28472553281579843,0.6603009477813159,0.0549735194028857,O3
2026-03-30 22:30:00,1.0542273333333332,2.356666666666667,9.150666666666666,33.632,667.5713333333333,5.64,3,0.28339102583038367,0.6574148272523368,0.059194146917279526,O3
2026-03-30 22:45:00,1.06375,2.442,9.584,33.406,652.3713333333334,5.983333333333333,3,0.28287640787697993,0.6533946210621572,0.06372897106086285,O3
2026-03-30 23:00:00,1.0673846666666666,2.51,9.671333333333333,33.19,640.3026666666667,6.489333333333334,3,0.2824748010520167,0.6485748089670058,0.06895038998097741,O3
2026-03-30 23:15:00,1.065292,2.5206666666666666,9.565333333333333,33.14933333333333,629.5433333333333,6.666666666666667,3,0.28182371876029566,0.6433975581826676,0.07477872305703667,O3
2026-03-30 23:30:00,1.0640153333333333,2.52,9.73,33.07066666666667,622.966,7.1353333333333335,3,0.28127494406245157,0.6372088864914068,0.08151616944614166,O3
2026-03-30 23:45:00,1.0663253333333333,2.52,9.738,33.002,617.6106666666667,7.810666666666667,3,0.280450337981195,0.6305715469548078,0.08897811506399726,O3
2026-03-31 00:00:00,1.0738993333333333,2.52,9.745333333333333,32.758,613.186,8.880666666666666,3,0.2795985260634984,0.6231231692793014,0.09727830465720018,O3
2026-03-31 00:15:00,1.077444,2.52,9.751333333333333,32.88333333333333,610.3273333333333,9.385333333333334,3,0.2786287756520726,0.6158395056318304,0.10553171871609694,O3
2026-03-31 00:30:00,1.0814359999999998,2.52,9.752,32.81333333333333,610.054,9.856666666666667,3,0.27878274274939496,0.6080711948991666,0.11314606235143844,O3
2026-03-31 00:45:00,1.0853220000000001,2.5193333333333334,9.755333333333333,32.732,608.2233333333334,10.076,3,0.27852264430454193,0.6014027439137686,0.12007461178168952,O3
2026-03-31 01:00:00,1.0839886666666667,2.5193333333333334,9.759333333333332,32.68333333333333,606.2073333333333,10.328,3,0.2781857124341125,0.5953296521475607,0.1264846354183268,O3
2026-03-31 01:15:00,1.0774266666666668,2.52,9.759333333333332,32.70133333333333,604.0013333333334,10.536666666666667,3,0.2785024588537315,0.589132545939061,0.13236499520720763,O3
2026-03-31 01:30:00,1.070966,2.52,9.759333333333332,32.702,602.73,10.534,3,0.27812277927711265,0.5838579660358632,0.13801925468702414,O3
2026-03-31 01:45:00,1.0678713333333332,2.5193333333333334,9.762666666666666,32.676,603.204,10.582,3,0.2770341500575165,0.5795964500229699,0.14336939991951364,O3
2026-03-31 02:00:00,1.062958,2.5193333333333334,9.764,32.76133333333333,604.916,10.908666666666667,3,0.2757521156475548,0.5758226162338683,0.14842526811857693,O3
2026-03-31 02:15:00,1.0557213333333335,2.52,9.765333333333333,32.70733333333333,604.234,11.387333333333334,3,0.27456389264761166,0.5717096356059446,0.15372647174644374,O3
2026-03-31 02:30:00,1.048654,2.52,9.765333333333333,32.705333333333336,603.2853333333334,11.441333333333333,3,0.2732266126998508,0.5682199480300728,0.15855343927007637,O3
2026-03-31 02:45:00,1.0412786666666667,2.52,9.763333333333334,32.748,603.2933333333333,11.612666666666666,3,0.27202004520023426,0.5652191374211133,0.16276081737865244,O3
2026-03-31 03:00:00,1.0335133333333333,2.52,9.757333333333333,32.80533333333333,601.9846666666667,11.570666666666666,3,0.271073902931711,0.5632636814726032,0.16566241559568573,O3
2026-03-31 03:15:00,1.0232946666666667,2.52,9.758,32.784666666666666,601.9366666666667,12.024666666666667,3,0.2701999142984461,0.5612733077922999,0.16852677790925402,O3
2026-03-31 03:30:00,1.017,2.52,9.756,32.958,601.686,12.308,3,0.2692980654905022,0.5595885787785918,0.17111335573090594,O3
