DATE,TE,CO,NO,NO2,O3,CO2,T,RH,P,PM1.0,PM2.5,PM10,WD,WS,PWR,BATT,CHRG,RUN,SD,RAW,158,7,-7,-11,86,0,0.00000,0.00000,0,CRC
04/24/26 03:54:53,12.54,256.53,8.35,16.98,6.44,478.11,10.20,75.40,1015.00,4.29,7.29,7.36,39.60,0.24,0,13.24,0.00,74.19,1,-31,9,2,4,STAT,60,LAT,LON,W,ÿÿÿÿÿ,3468078631
04/24/26 03:55:56,12.47,226.63,8.29,16.84,7.82,470.96,10.10,75.40,1015.00,4.51,8.19,8.49,50.80,0.33,0,13.24,0.00,77.42,1,-32,9,2,4,STAT,60,LAT,LON,W,ÿÿÿÿÿ,3716243848
04/24/26 03:56:53,12.40,232.38,9.06,16.89,8.70,465.66,10.00,75.30,1015.00,4.71,8.65,8.93,48.50,0.32,0,13.24,0.00,77.42,1,-31,9,2,4,STAT,60,LAT,LON,W,ÿÿÿÿÿ,142907333
04/24/26 03:57:56,12.36,238.39,8.35,17.26,7.93,462.06,10.00,75.50,1015.00,4.28,7.50,7.60,29.90,0.29,0,13.20,0.00,90.32,1,-32,9,2,4,STAT,60,LAT,LON,W,ÿÿÿÿÿ,1778515812
04/24/26 03:58:54,12.29,249.72,8.68,16.64,6.39,461.14,10.00,75.40,1015.00,4.44,7.89,7.93,24.20,0.23,0,13.20,0.00,77.42,1,-30,8,2,4,STAT,60,LAT,LON,W,ÿÿÿÿÿ,664635209
04/24/26 03:59:57,12.23,245.91,7.41,17.28,4.17,463.03,9.90,75.30,1015.00,4.29,7.56,7.71,32.80,0.25,0,13.20,0.00,74.19,1,-31,9,2,4,STAT,60,LAT,LON,W,ÿÿÿÿÿ,778852007
04/24/26 04:00:59,12.18,395.48,12.00,18.15,4.81,464.31,9.90,75.80,1015.00,5.47,9.87,10.35,33.10,0.26,0,13.24,0.00,74.19,1,-30,8,2,4,STAT,60,LAT,LON,W,ÿÿÿÿÿ,1353280756
04/24/26 04:01:57,12.11,501.32,12.22,18.35,5.28,465.02,9.80,76.20,1015.00,5.45,9.55,9.90,39.70,0.29,0,13.20,0.00,93.55,1,-29,7,2,4,STAT,60,LAT,LON,W,ÿÿÿÿÿ,846522084
04/24/26 04:02:54,12.06,463.05,12.63,17.21,6.24,464.69,9.70,76.40,1015.00,5.33,9.53,9.97,36.90,0.30,0,13.20,0.00,90.32,1,-29,7,2,4,STAT,60,LAT,LON,W,ÿÿÿÿÿ,4209086919
04/24/26 04:03:57,11.99,579.21,14.88,18.63,4.42,467.14,9.70,76.60,1015.00,5.37,8.68,9.07,35.20,0.27,0,13.20,0.00,90.32,1,-27,7,3,4,STAT,60,LAT,LON,W,ÿÿÿÿÿ,1400027991
04/24/26 04:04:59,11.94,464.66,13.29,17.28,5.54,472.35,9.60,76.70,1015.00,5.05,9.07,9.45,33.80,0.28,0,13.20,0.00,77.42,1,-27,7,2,4,STAT,60,LAT,LON,W,ÿÿÿÿÿ,1256891610
04/24/26 04:05:57,11.88,352.38,11.50,16.91,5.33,476.50,9.60,76.80,1015.00,5.24,10.43,10.74,33.90,0.28,0,13.24,0.00,77.42,1,-29,6,2,3,STAT,60,LAT,LON,W,ÿÿÿÿÿ,1025728538
04/24/26 04:06:59,11.83,305.61,9.94,17.12,6.93,478.82,9.50,76.80,1015.00,5.14,9.25,9.37,44.90,0.32,0,13.20,0.00,93.55,1,-28,7,1,4,STAT,60,LAT,LON,W,ÿÿÿÿÿ,807349912
04/24/26 04:07:57,11.78,265.50,9.62,17.61,6.28,479.94,9.50,77.10,1015.00,4.79,8.85,9.87,42.80,0.34,0,13.20,0.00,145.16,1,-30,7,2,4,STAT,60,LAT,LON,W,ÿÿÿÿÿ,2763851453
04/24/26 04:09:00,11.72,235.02,9.31,17.12,7.20,480.17,9.40,77.20,1015.00,5.35,10.47,11.35,48.40,0.35,0,13.24,0.00,77.42,1,-29,7,2,4,STAT,60,LAT,LON,W,ÿÿÿÿÿ,1502484739
04/24/26 04:09:57,11.68,216.74,9.58,16.32,7.27,478.57,9.40,77.50,1015.00,5.70,11.25,11.85,42.40,0.32,0,13.20,0.00,77.42,1,-30,8,2,4,STAT,60,LAT,LON,W,ÿÿÿÿÿ,1132012812
04/24/26 04:10:59,11.62,206.61,8.03,16.22,7.20,474.98,9.30,77.30,1015.00,5.69,10.36,10.96,29.60,0.25,0,13.20,0.00,77.42,1,-28,8,2,4,STAT,60,LAT,LON,W,ÿÿÿÿÿ,3088998692
04/24/26 04:11:56,11.58,385.13,10.74,17.31,5.70,472.28,9.30,77.70,1015.00,6.32,12.36,12.86,35.70,0.25,0,13.20,0.00,90.32,1,-30,6,2,4,STAT,60,LAT,LON,W,ÿÿÿÿÿ,339461454
04/24/26 04:12:59,11.51,371.35,7.88,17.58,6.51,468.94,9.30,77.90,1015.00,7.13,13.18,13.42,33.10,0.28,0,13.20,0.00,77.42,1,-28,8,2,4,STAT,60,LAT,LON,W,ÿÿÿÿÿ,3525438871
04/24/26 04:13:56,11.47,293.13,10.57,18.15,6.58,465.26,9.20,78.20,1015.00,6.62,12.09,12.57,44.50,0.32,0,13.20,0.00,80.65,1,-28,6,2,4,STAT,60,LAT,LON,W,ÿÿÿÿÿ,3261700372
04/24/26 04:15:00,11.41,241.37,8.56,17.49,6.28,462.57,9.20,78.30,1015.00,5.95,10.46,10.72,33.50,0.28,0,13.20,0.00,74.19,1,-31,8,1,4,STAT,60,LAT,LON,W,ÿÿÿÿÿ,3816760625
04/24/26 04:15:57,11.38,215.28,8.21,17.43,7.49,461.20,9.10,78.40,1015.00,5.78,10.08,10.41,44.60,0.32,0,13.20,0.00,77.42,1,-29,7,1,4,STAT,60,LAT,LON,W,ÿÿÿÿÿ,3912572391
04/24/26 04:16:59,11.32,206.18,8.99,17.48,7.32,459.77,9.10,78.40,1015.00,6.14,11.43,11.67,35.00,0.29,0,13.20,0.00,77.42,1,-30,7,2,4,STAT,60,LAT,LON,W,ÿÿÿÿÿ,4285880554
04/24/26 04:17:56,11.28,199.03,8.44,17.13,6.90,459.30,9.10,78.50,1015.00,5.22,9.65,9.73,31.40,0.27,0,13.20,0.00,77.42,1,-31,8,2,3,STAT,60,LAT,LON,W,ÿÿÿÿÿ,1085433396
04/24/26 04:18:59,11.22,193.54,7.22,16.91,7.39,459.72,9.10,78.60,1015.00,5.35,9.22,9.97,31.80,0.28,0,13.20,0.00,90.32,1,-32,8,1,4,STAT,60,LAT,LON,W,ÿÿÿÿÿ,776788868
04/24/26 04:19:56,11.18,188.26,8.34,17.22,5.20,459.89,9.00,78.70,1015.00,5.30,10.20,10.61,30.90,0.28,0,13.20,0.00,80.65,1,-28,8,2,3,STAT,60,LAT,LON,W,ÿÿÿÿÿ,412067605
04/24/26 04:20:58,11.14,187.59,9.04,17.16,6.23,460.35,9.00,78.80,1015.00,5.61,10.87,11.22,35.60,0.28,0,13.20,0.00,77.42,1,-28,7,2,3,STAT,60,LAT,LON,W,ÿÿÿÿÿ,2643111578
04/24/26 04:21:58,11.09,187.49,10.59,17.01,7.47,459.64,9.00,78.80,1015.00,6.43,11.35,12.13,44.50,0.32,0,13.20,0.00,77.42,1,-29,5,1,4,STAT,60,LAT,LON,W,ÿÿÿÿÿ,3259492285
04/24/26 04:23:01,11.06,185.36,7.87,17.13,6.54,457.83,8.90,78.70,1015.00,6.70,12.11,13.04,39.90,0.33,0,13.20,0.00,80.65,1,-31,7,2,3,STAT,60,LAT,LON,W,ÿÿÿÿÿ,4277814312
04/24/26 04:23:58,11.00,180.94,8.79,17.32,5.80,456.70,8.90,78.90,1015.00,7.59,13.38,14.57,29.20,0.27,0,13.20,0.00,80.65,1,-31,7,2,3,STAT,60,LAT,LON,W,ÿÿÿÿÿ,3074838918
04/24/26 04:25:00,10.97,185.33,13.99,17.40,5.59,456.48,8.90,78.80,1015.00,8.28,14.54,15.22,30.10,0.26,0,13.20,0.00,80.65,1,-28,7,2,3,STAT,60,LAT,LON,W,ÿÿÿÿÿ,1219207196
04/24/26 04:25:57,10.92,224.73,30.33,20.14,3.91,457.41,8.80,78.90,1015.00,10.46,17.63,18.15,31.10,0.28,0,13.24,0.00,77.42,1,-29,7,3,4,STAT,60,LAT,LON,W,ÿÿÿÿÿ,828573719
04/24/26 04:26:59,10.88,287.86,23.40,20.13,3.24,460.83,8.90,79.00,1015.00,10.98,17.99,18.24,29.20,0.27,0,13.20,0.00,93.55,1,-29,7,2,3,STAT,60,LAT,LON,W,ÿÿÿÿÿ,1379912558
04/24/26 04:28:00,10.85,239.42,17.00,18.91,3.26,462.09,8.90,79.00,1015.00,8.71,15.51,15.83,18.70,0.24,0,13.20,0.00,96.77,1,-29,6,1,3,STAT,60,LAT,LON,W,ÿÿÿÿÿ,2376026946
04/24/26 04:28:57,10.80,203.84,14.05,17.82,4.62,462.65,8.90,79.00,1015.00,8.23,13.92,14.33,10.40,0.20,0,13.20,0.00,103.23,1,-30,5,1,3,STAT,60,LAT,LON,W,ÿÿÿÿÿ,1460416917
04/24/26 04:30:00,10.77,214.38,11.22,17.11,5.57,463.71,8.90,79.20,1015.00,8.27,14.50,15.22,17.20,0.18,0,13.20,0.00,93.55,1,-28,7,1,3,STAT,60,LAT,LON,W,ÿÿÿÿÿ,4247221714
04/24/26 04:30:57,10.74,219.22,10.61,16.50,5.57,464.80,8.80,79.10,1015.00,7.76,14.51,15.31,30.10,0.24,0,13.20,0.00,90.32,1,-26,7,1,3,STAT,60,LAT,LON,W,ÿÿÿÿÿ,3158155753
04/24/26 04:31:59,10.68,235.97,10.29,16.99,4.10,465.93,8.80,78.90,1015.00,7.31,13.72,14.41,25.50,0.25,0,13.20,0.00,77.42,1,-29,6,1,3,STAT,60,LAT,LON,W,ÿÿÿÿÿ,2719460524
04/24/26 04:33:02,10.66,245.50,10.61,17.15,3.30,468.09,8.80,78.90,1015.00,8.18,13.95,14.18,12.90,0.21,0,13.20,0.00,77.42,1,-29,5,2,2,STAT,60,LAT,LON,W,ÿÿÿÿÿ,2469468406
04/24/26 04:33:59,10.61,228.15,10.75,17.09,3.39,470.38,8.70,78.90,1015.00,7.41,12.86,13.83,23.70,0.20,0,13.20,0.00,93.55,1,-31,5,2,2,STAT,60,LAT,LON,W,ÿÿÿÿÿ,1103619380
04/24/26 04:35:02,10.57,199.62,9.51,17.39,3.49,471.08,8.70,78.90,1015.00,6.45,12.26,12.96,23.80,0.23,0,13.20,0.00,138.71,1,-30,6,2,2,STAT,60,LAT,LON,W,ÿÿÿÿÿ,2964094163
04/24/26 04:35:59,10.55,196.38,10.16,16.46,4.71,471.32,8.70,78.80,1015.00,8.37,14.90,15.68,25.20,0.27,0,13.20,0.00,90.32,1,-28,6,2,3,STAT,60,LAT,LON,W,ÿÿÿÿÿ,3049780346
04/24/26 04:37:01,10.49,189.69,8.93,16.54,3.24,473.13,8.70,78.50,1015.00,8.71,15.75,16.25,21.00,0.23,0,13.20,0.00,90.32,1,-27,7,1,2,STAT,60,LAT,LON,W,ÿÿÿÿÿ,2333312456
04/24/26 04:37:58,10.47,187.95,9.04,16.86,5.74,474.28,8.50,79.00,1015.00,12.39,21.99,22.41,42.60,0.28,0,13.20,0.00,90.32,1,-29,6,2,3,STAT,60,LAT,LON,W,ÿÿÿÿÿ,3172726949
04/24/26 04:39:00,10.41,189.49,8.61,17.03,5.89,473.81,8.50,79.20,1015.00,17.74,29.37,30.68,37.60,0.27,0,13.20,0.00,80.65,1,-27,6,1,2,STAT,60,LAT,LON,W,ÿÿÿÿÿ,3909976338
04/24/26 04:39:58,10.38,183.34,9.41,15.99,5.22,473.22,8.50,79.20,1015.00,17.41,29.15,30.12,28.20,0.24,0,13.20,0.00,74.19,1,-27,6,1,2,STAT,60,LAT,LON,W,ÿÿÿÿÿ,971403220
04/24/26 04:41:01,10.36,182.83,10.23,16.43,5.01,472.16,8.50,79.60,1015.00,17.63,30.15,30.98,34.10,0.23,0,13.20,0.00,90.32,1,-27,5,2,2,STAT,60,LAT,LON,W,ÿÿÿÿÿ,1107441820
04/24/26 04:41:59,10.30,183.43,9.78,16.08,5.83,469.00,8.50,79.80,1015.00,19.28,31.15,32.07,36.70,0.25,0,13.20,0.00,87.10,1,-27,4,0,2,STAT,60,LAT,LON,W,ÿÿÿÿÿ,873644852
04/24/26 04:43:01,10.27,185.78,12.87,16.09,4.85,465.29,8.40,79.60,1015.00,19.62,31.38,33.68,21.60,0.22,0,13.20,0.00,77.42,1,-28,4,1,2,STAT,60,LAT,LON,W,ÿÿÿÿÿ,3247898962
04/24/26 04:43:59,10.23,183.69,11.25,16.66,2.69,465.48,8.40,79.50,1015.00,20.03,32.86,35.46,26.40,0.22,0,13.20,0.00,80.65,1,-27,5,2,1,STAT,60,LAT,LON,W,ÿÿÿÿÿ,2091869401
04/24/26 04:45:02,10.18,182.38,9.61,16.33,3.35,466.96,8.40,79.50,1015.00,21.37,35.10,38.59,17.00,0.21,0,13.20,0.00,90.32,1,-24,6,1,1,STAT,60,LAT,LON,W,ÿÿÿÿÿ,491043715
04/24/26 04:45:59,10.16,184.11,9.25,16.41,3.98,468.33,8.40,79.50,1015.00,22.24,36.30,40.60,7.70,0.17,0,13.20,0.00,90.32,1,-26,7,2,2,STAT,60,LAT,LON,W,ÿÿÿÿÿ,511196018
04/24/26 04:47:02,10.11,184.95,8.70,16.62,3.09,469.87,8.40,79.40,1015.00,23.67,38.25,44.47,0.00,0.17,0,13.20,0.00,90.32,1,-25,7,1,2,STAT,60,LAT,LON,W,ÿÿÿÿÿ,3729917213
04/24/26 04:47:59,10.08,186.64,9.38,16.64,4.03,471.27,8.40,79.50,1015.00,23.50,39.08,45.99,23.80,0.23,0,13.20,0.00,80.65,1,-26,6,2,2,STAT,60,LAT,LON,W,ÿÿÿÿÿ,2687239894
04/24/26 04:49:04,10.06,196.14,7.25,16.23,5.00,470.46,8.30,79.70,1015.00,27.88,45.24,54.04,28.70,0.27,0,13.20,0.00,93.55,1,-27,8,1,2,STAT,60,LAT,LON,W,ÿÿÿÿÿ,3108664043
04/24/26 04:50:01,10.00,207.11,8.45,16.76,3.49,467.76,8.30,79.80,1015.00,30.75,49.51,60.55,30.20,0.28,0,13.20,0.00,87.10,1,-26,7,1,2,STAT,60,LAT,LON,W,ÿÿÿÿÿ,2767185056
04/24/26 04:51:04,9.97,216.05,8.34,16.48,4.85,465.97,8.20,79.90,1015.00,32.75,52.75,64.62,30.80,0.28,0,13.20,0.00,93.55,1,-27,7,1,2,STAT,60,LAT,LON,W,ÿÿÿÿÿ,3195697266
04/24/26 04:52:01,9.95,216.72,9.13,17.40,2.70,465.37,8.10,79.80,1015.00,31.65,50.87,62.07,28.20,0.25,0,13.20,0.00,90.32,1,-25,6,1,2,STAT,60,LAT,LON,W,ÿÿÿÿÿ,67969695
04/24/26 04:53:03,9.89,226.15,10.84,16.92,3.83,464.90,8.10,80.10,1016.00,36.46,60.13,71.24,34.30,0.25,0,13.20,0.00,90.32,1,-25,5,1,1,STAT,60,LAT,LON,W,ÿÿÿÿÿ,4254246452
04/24/26 04:54:01,9.87,248.20,10.19,18.07,4.69,463.07,8.10,80.30,1016.00,42.33,69.53,79.30,36.60,0.28,0,13.20,0.00,90.32,1,-26,5,0,2,STAT,60,LAT,LON,W,ÿÿÿÿÿ,4039561125
04/24/26 04:55:03,9.83,255.11,10.96,17.71,4.31,459.52,8.10,80.50,1016.00,42.23,69.03,79.77,31.90,0.22,0,13.20,0.00,129.03,1,-25,5,1,2,STAT,60,LAT,LON,W,ÿÿÿÿÿ,4294056684
04/24/26 04:56:01,9.79,245.73,11.28,16.84,4.42,458.98,8.00,80.80,1016.00,39.20,63.25,75.02,36.60,0.23,0,13.20,0.00,80.65,1,-23,4,1,2,STAT,60,LAT,LON,W,ÿÿÿÿÿ,2932772700
04/24/26 04:57:01,9.77,231.44,9.74,17.04,4.84,459.29,8.00,81.00,1016.00,33.88,54.62,65.06,37.20,0.27,0,13.20,0.00,77.42,1,-26,4,1,2,STAT,60,LAT,LON,W,ÿÿÿÿÿ,3209168440
04/24/26 04:58:04,9.72,215.96,9.58,17.04,4.52,457.95,8.00,80.90,1016.00,30.34,48.32,57.34,28.40,0.26,0,13.20,0.00,87.10,1,-25,6,1,2,STAT,60,LAT,LON,W,ÿÿÿÿÿ,239629193
04/24/26 04:59:01,9.68,208.67,10.36,16.53,5.93,457.60,8.00,80.80,1016.00,29.64,47.30,55.66,31.50,0.26,0,13.20,0.00,80.65,1,-26,5,0,2,STAT,60,LAT,LON,W,ÿÿÿÿÿ,3784921659
04/24/26 05:00:03,9.66,203.12,10.09,17.51,5.10,457.86,7.90,80.90,1016.00,28.76,45.77,53.98,33.20,0.27,0,13.20,0.00,93.55,1,-24,5,2,2,STAT,60,LAT,LON,W,ÿÿÿÿÿ,3034335085
04/24/26 05:01:05,9.62,198.06,10.58,16.71,4.03,458.91,7.90,81.00,1016.00,26.35,42.40,49.85,30.70,0.25,0,13.20,0.00,90.32,1,-24,5,1,1,STAT,60,LAT,LON,W,ÿÿÿÿÿ,751029534
04/24/26 05:02:03,9.58,192.77,8.60,14.53,6.44,460.20,7.90,81.10,1016.00,23.59,37.30,41.74,30.80,0.27,0,13.20,0.00,80.65,1,-26,6,0,1,STAT,60,LAT,LON,W,ÿÿÿÿÿ,2655551985
04/24/26 05:02:59,9.57,194.37,8.61,15.35,6.72,460.69,7.90,81.10,1016.00,23.89,37.39,42.01,36.90,0.32,0,13.20,0.00,90.32,1,-28,6,0,2,STAT,60,LAT,LON,W,ÿÿÿÿÿ,1052193775
04/24/26 05:04:02,9.54,266.38,10.24,16.42,5.90,460.02,7.90,81.00,1016.00,24.08,38.79,43.83,23.00,0.24,0,13.20,0.00,74.19,1,-23,4,0,2,STAT,60,LAT,LON,W,ÿÿÿÿÿ,2886345050
04/24/26 05:05:04,9.49,2103.88,12.30,16.72,5.27,460.83,7.90,81.10,1016.00,23.04,36.88,41.62,28.40,0.27,0,13.20,0.00,77.42,1,-6,5,0,2,STAT,60,LAT,LON,W,ÿÿÿÿÿ,1568268730
04/24/26 05:06:02,9.47,1805.33,11.45,17.14,6.31,462.47,7.90,80.90,1016.00,22.62,36.21,39.92,33.50,0.29,0,13.20,0.00,74.19,1,0,4,1,2,STAT,60,LAT,LON,W,ÿÿÿÿÿ,4097951740
04/24/26 05:07:04,9.45,983.60,11.27,18.01,5.58,460.40,7.80,80.70,1016.00,23.21,36.62,39.58,39.40,0.28,0,13.20,0.00,80.65,1,-11,4,1,2,STAT,60,LAT,LON,W,ÿÿÿÿÿ,2774742311
04/24/26 05:08:01,9.41,600.99,10.51,16.78,6.26,456.37,7.80,80.50,1016.00,22.49,35.85,39.11,35.50,0.27,0,13.20,0.00,93.55,1,-15,5,0,2,STAT,60,LAT,LON,W,ÿÿÿÿÿ,2871929153
04/24/26 05:09:02,9.38,439.74,11.06,16.34,5.80,454.29,7.90,80.70,1016.00,22.27,35.70,38.26,30.00,0.35,0,13.20,0.00,80.65,1,-19,4,0,1,STAT,60,LAT,LON,W,ÿÿÿÿÿ,3912658917
04/24/26 05:10:05,9.36,581.47,9.79,17.04,3.57,454.51,7.90,80.80,1016.00,22.07,35.14,38.23,24.80,0.30,0,13.20,0.00,77.42,1,-19,6,1,1,STAT,60,LAT,LON,W,ÿÿÿÿÿ,3409568964
04/24/26 05:11:02,9.35,709.57,10.10,16.76,3.36,457.10,7.90,80.70,1016.00,21.47,33.35,35.53,24.20,0.25,0,13.20,0.00,90.32,1,-19,6,1,1,STAT,60,LAT,LON,W,ÿÿÿÿÿ,2372857207
04/24/26 05:12:05,9.31,555.79,10.29,17.19,4.85,458.60,7.80,81.10,1016.00,24.56,38.28,43.02,29.80,0.23,0,13.20,0.00,74.19,1,-17,6,1,2,STAT,60,LAT,LON,W,ÿÿÿÿÿ,2149195195
04/24/26 05:13:07,9.27,359.75,9.01,16.93,6.20,457.22,7.80,81.20,1016.00,23.83,36.60,40.64,39.90,0.32,0,13.20,0.00,80.65,1,-19,6,1,3,STAT,60,LAT,LON,W,ÿÿÿÿÿ,427838889
04/24/26 05:14:04,9.26,277.90,9.39,16.91,4.94,456.01,7.70,81.10,1016.00,22.66,35.65,38.48,35.70,0.35,0,13.20,0.00,93.55,1,-20,6,0,2,STAT,60,LAT,LON,W,ÿÿÿÿÿ,1285179669
04/24/26 05:15:03,9.25,250.20,11.06,16.40,4.62,457.95,7.70,80.70,1016.00,24.10,37.70,42.59,28.40,0.30,0,13.20,0.00,90.32,1,-22,5,0,1,STAT,60,LAT,LON,W,ÿÿÿÿÿ,174118094
04/24/26 05:16:04,9.20,240.02,11.02,15.65,5.28,463.90,7.80,80.60,1016.00,24.95,39.43,45.79,13.50,0.21,0,13.20,0.00,80.65,1,-25,4,1,2,STAT,60,LAT,LON,W,ÿÿÿÿÿ,3558490426
04/24/26 05:17:02,9.17,235.49,12.18,15.94,3.44,468.66,7.70,80.60,1016.00,24.79,38.56,43.10,7.90,0.20,0,13.20,0.00,80.65,1,-23,4,1,1,STAT,60,LAT,LON,W,ÿÿÿÿÿ,4056496897
04/24/26 05:18:04,9.16,233.72,9.60,15.65,3.82,471.34,7.70,80.50,1016.00,26.78,41.44,47.71,16.90,0.23,0,13.20,0.00,77.42,1,-24,5,0,1,STAT,60,LAT,LON,W,ÿÿÿÿÿ,111390147
04/24/26 05:19:02,9.15,232.38,9.21,15.24,4.71,472.72,7.60,80.20,1016.00,27.89,43.20,50.36,24.50,0.24,0,13.20,0.00,90.32,1,-23,6,1,2,STAT,60,LAT,LON,W,ÿÿÿÿÿ,575558551
04/24/26 05:20:05,9.11,217.88,11.42,15.50,5.59,474.01,7.60,80.60,1016.00,23.13,36.28,40.16,28.20,0.26,0,13.20,0.00,80.65,1,-23,4,0,2,STAT,60,LAT,LON,W,ÿÿÿÿÿ,1065307199
04/24/26 05:21:06,9.07,204.05,9.91,15.58,3.96,472.85,7.60,80.90,1016.00,22.76,35.56,38.60,30.60,0.27,0,13.20,0.00,90.32,1,-23,5,0,1,STAT,60,LAT,LON,W,ÿÿÿÿÿ,3476969369
04/24/26 05:22:05,9.06,205.48,10.16,15.00,4.05,472.49,7.50,81.10,1016.00,23.05,36.52,40.28,28.30,0.26,0,13.20,0.00,125.81,1,-23,4,-1,1,STAT,60,LAT,LON,W,ÿÿÿÿÿ,140567399
04/24/26 05:23:02,9.05,198.38,10.39,15.68,3.95,472.80,7.50,81.20,1016.00,22.81,36.03,39.93,28.90,0.27,0,13.20,0.00,90.32,1,-23,4,0,1,STAT,60,LAT,LON,W,ÿÿÿÿÿ,3601316702
04/24/26 05:24:04,9.00,203.73,10.56,15.78,4.11,473.01,7.50,81.30,1016.00,24.77,38.04,42.56,28.90,0.25,0,13.20,0.00,77.42,1,-22,5,0,1,STAT,60,LAT,LON,W,ÿÿÿÿÿ,2203040841
04/24/26 05:25:07,8.97,211.09,10.01,16.10,3.79,473.49,7.40,81.50,1016.00,27.23,42.56,49.26,34.60,0.26,0,13.20,0.00,87.10,1,-23,4,1,1,STAT,60,LAT,LON,W,ÿÿÿÿÿ,573047482
04/24/26 05:26:04,8.96,210.68,11.18,16.34,3.18,472.75,7.40,81.70,1016.00,26.40,41.07,46.69,38.60,0.29,0,13.20,0.00,80.65,1,-24,4,1,1,STAT,60,LAT,LON,W,ÿÿÿÿÿ,2601242492
04/24/26 05:27:06,8.95,190.01,10.63,16.32,4.81,468.73,7.40,81.80,1016.00,19.67,30.22,32.71,46.50,0.33,0,13.20,0.00,93.55,1,-22,4,0,2,STAT,60,LAT,LON,W,ÿÿÿÿÿ,3186100548
04/24/26 05:28:03,8.90,180.85,10.28,16.56,4.55,464.45,7.40,81.80,1016.00,17.44,26.61,28.16,43.20,0.33,0,13.20,0.00,90.32,1,-24,5,0,1,STAT,60,LAT,LON,W,ÿÿÿÿÿ,313195317
04/24/26 05:29:06,8.87,172.42,13.74,16.34,4.19,461.02,7.40,81.80,1016.00,15.60,23.37,24.45,34.90,0.28,0,13.20,0.00,90.32,1,-24,2,0,0,STAT,60,LAT,LON,W,ÿÿÿÿÿ,1937418433
04/24/26 05:30:03,8.86,166.93,12.00,16.41,3.56,459.42,7.40,81.80,1016.00,15.24,23.26,24.24,27.00,0.24,0,13.20,0.00,93.55,1,-23,4,0,0,STAT,60,LAT,LON,W,ÿÿÿÿÿ,3381317843
04/24/26 05:31:06,8.85,177.09,10.78,16.54,3.77,458.85,7.30,81.90,1016.00,19.93,29.87,32.03,33.20,0.25,0,13.20,0.00,77.42,1,-22,4,1,0,STAT,60,LAT,LON,W,ÿÿÿÿÿ,596573132
04/24/26 05:32:08,8.82,200.73,9.91,15.55,3.69,459.84,7.30,81.90,1016.00,24.46,38.37,44.00,30.80,0.27,0,13.20,0.00,74.19,1,-24,5,0,1,STAT,60,LAT,LON,W,ÿÿÿÿÿ,369268460
04/24/26 05:33:05,8.78,214.14,10.91,16.24,3.30,461.52,7.30,82.00,1016.00,27.54,42.06,48.61,29.70,0.26,0,13.20,0.00,80.65,1,-25,4,0,1,STAT,60,LAT,LON,W,ÿÿÿÿÿ,2074713671
04/24/26 05:34:07,8.76,226.60,12.14,15.68,4.55,462.48,7.30,82.00,1016.00,29.80,45.97,54.45,33.00,0.27,0,13.20,0.00,90.32,1,-23,4,0,1,STAT,60,LAT,LON,W,ÿÿÿÿÿ,3199280016
04/24/26 05:35:04,8.76,228.92,10.05,16.32,4.45,462.36,7.30,82.10,1016.00,29.17,44.66,52.75,42.10,0.34,0,13.20,0.00,77.42,1,-23,5,0,0,STAT,60,LAT,LON,W,ÿÿÿÿÿ,458291057
04/24/26 05:36:07,8.75,221.82,11.34,16.26,4.88,460.09,7.30,82.10,1016.00,27.78,42.90,50.51,39.70,0.34,0,13.20,0.00,77.42,1,-23,5,0,0,STAT,60,LAT,LON,W,ÿÿÿÿÿ,4014287799
04/24/26 05:37:04,8.72,222.82,12.49,17.07,4.53,457.42,7.20,82.10,1016.00,27.31,40.51,46.77,38.40,0.32,0,13.20,0.00,74.19,1,-22,3,0,0,STAT,60,LAT,LON,W,ÿÿÿÿÿ,3025426012
04/24/26 05:38:07,8.68,223.43,11.39,17.34,3.23,454.70,7.30,82.00,1016.00,26.92,40.91,47.07,32.90,0.30,0,13.20,0.00,93.55,1,-22,5,0,1,STAT,60,LAT,LON,W,ÿÿÿÿÿ,2703860468
04/24/26 05:39:04,8.66,227.25,10.91,16.62,3.85,453.58,7.30,82.20,1016.00,27.45,42.08,49.19,32.20,0.30,0,13.20,0.00,74.19,1,-21,5,1,1,STAT,60,LAT,LON,W,ÿÿÿÿÿ,1440776713
04/24/26 05:40:06,8.66,224.60,11.43,15.62,3.73,453.82,7.30,82.20,1016.00,27.23,41.76,48.25,29.50,0.26,0,13.20,0.00,93.55,1,-22,4,0,0,STAT,60,LAT,LON,W,ÿÿÿÿÿ,2383592771
04/24/26 05:41:03,8.65,229.87,11.05,15.52,3.27,456.28,7.20,82.10,1016.00,28.41,43.44,50.96,29.40,0.28,0,13.20,0.00,80.65,1,-21,4,0,0,STAT,60,LAT,LON,W,ÿÿÿÿÿ,3735514610
04/24/26 05:42:07,8.64,240.06,10.63,14.68,4.31,460.00,7.20,81.90,1016.00,30.47,47.13,55.66,29.20,0.28,0,13.20,0.00,100.00,1,-22,5,0,0,STAT,60,LAT,LON,W,ÿÿÿÿÿ,2586557230
04/24/26 05:43:04,8.60,241.47,9.76,15.31,3.61,464.09,7.20,81.70,1016.00,30.86,47.88,56.39,28.00,0.24,0,13.20,0.00,77.42,1,-20,6,0,1,STAT,60,LAT,LON,W,ÿÿÿÿÿ,429188471
04/24/26 05:44:07,8.57,241.43,11.24,15.89,2.35,468.26,7.20,81.60,1016.00,30.68,47.14,55.69,19.50,0.21,0,13.20,0.00,80.65,1,-21,4,0,0,STAT,60,LAT,LON,W,ÿÿÿÿÿ,1974913547
04/24/26 05:45:09,8.56,234.23,10.97,14.84,2.82,470.68,7.20,81.70,1016.00,29.94,45.97,54.18,27.30,0.26,0,13.20,0.00,93.55,1,-23,5,0,0,STAT,60,LAT,LON,W,ÿÿÿÿÿ,3182713375
04/24/26 05:46:07,8.55,232.15,10.96,15.82,3.16,471.82,7.20,81.70,1016.00,29.20,44.43,52.05,30.70,0.28,0,13.20,0.00,90.32,1,-22,4,1,1,STAT,60,LAT,LON,W,ÿÿÿÿÿ,1789584824
04/24/26 05:47:09,8.54,221.15,10.56,15.22,3.11,472.59,7.20,81.80,1016.00,27.45,41.44,47.82,30.00,0.27,0,13.20,0.00,80.65,1,-20,5,0,1,STAT,60,LAT,LON,W,ÿÿÿÿÿ,1315728936
04/24/26 05:48:06,8.51,206.76,11.22,15.97,2.70,472.68,7.20,82.10,1016.00,24.05,37.40,41.03,36.10,0.29,0,13.20,0.00,80.65,1,-19,4,0,0,STAT,60,LAT,LON,W,ÿÿÿÿÿ,3416383284
04/24/26 05:49:05,8.47,191.51,11.53,14.93,3.58,471.75,7.20,82.10,1016.00,20.28,31.00,32.74,35.90,0.32,0,13.20,0.00,77.42,1,-20,3,0,0,STAT,60,LAT,LON,W,ÿÿÿÿÿ,554696359
04/24/26 05:50:08,8.46,180.23,11.37,16.00,2.87,468.73,7.10,82.10,1016.00,16.75,26.88,28.17,37.70,0.32,0,13.20,0.00,90.32,1,-20,3,0,0,STAT,60,LAT,LON,W,ÿÿÿÿÿ,652870966
04/24/26 05:51:05,8.45,178.00,12.14,15.82,3.62,465.07,7.10,82.10,1016.00,15.15,23.65,24.38,39.90,0.30,0,13.20,0.00,90.32,1,-23,3,0,0,STAT,60,LAT,LON,W,ÿÿÿÿÿ,4184956883
04/24/26 05:52:08,8.45,175.58,10.84,15.23,4.65,461.20,7.10,82.10,1016.00,13.24,20.49,21.10,34.50,0.29,0,13.20,0.00,77.42,1,-25,3,0,0,STAT,60,LAT,LON,W,ÿÿÿÿÿ,2479384200
04/24/26 05:53:10,8.44,171.23,8.76,15.53,3.92,458.62,7.10,82.20,1016.00,11.64,17.27,17.75,33.40,0.29,0,13.20,0.00,80.65,1,-22,6,0,0,STAT,60,LAT,LON,W,ÿÿÿÿÿ,2790645896
04/24/26 05:54:07,8.41,164.91,11.33,15.87,3.52,457.39,7.10,82.40,1016.00,10.68,15.64,16.52,32.10,0.28,0,13.20,0.00,125.81,1,-22,3,1,0,STAT,60,LAT,LON,W,ÿÿÿÿÿ,589418970
04/24/26 05:55:09,8.37,162.60,10.47,16.00,2.77,456.69,7.10,82.50,1016.00,11.26,17.18,18.02,29.90,0.26,0,13.20,0.00,77.42,1,-22,5,1,0,STAT,60,LAT,LON,W,ÿÿÿÿÿ,1402682661
04/24/26 05:56:09,8.36,161.77,11.72,16.38,2.29,457.06,7.10,82.50,1016.00,10.41,15.85,16.94,39.50,0.30,0,13.20,0.00,90.32,1,-21,4,0,0,STAT,60,LAT,LON,W,ÿÿÿÿÿ,756152294
04/24/26 05:57:06,8.35,160.15,11.67,16.58,3.87,455.45,7.10,82.50,1016.00,9.71,15.03,15.73,37.80,0.35,0,13.20,0.00,80.65,1,-21,4,0,0,STAT,60,LAT,LON,W,ÿÿÿÿÿ,1165974080
04/24/26 05:58:10,8.35,164.47,9.48,16.58,3.82,453.28,7.10,82.50,1016.00,9.89,15.16,16.03,38.60,0.33,0,13.20,0.00,77.42,1,-20,5,1,0,STAT,60,LAT,LON,W,ÿÿÿÿÿ,2643514266
04/24/26 05:59:07,8.34,165.28,10.92,16.10,4.04,451.37,7.10,82.50,1016.00,9.62,13.87,14.63,43.20,0.34,0,13.20,0.00,80.65,1,-21,4,0,0,STAT,60,LAT,LON,W,ÿÿÿÿÿ,977848858
04/24/26 06:00:09,8.33,162.01,10.29,16.68,4.46,450.86,7.10,82.50,1016.00,8.22,12.31,12.73,48.50,0.40,0,13.20,0.00,77.42,1,-20,5,0,0,STAT,60,LAT,LON,W,ÿÿÿÿÿ,71969605
04/24/26 06:01:07,8.29,160.41,11.01,17.50,3.98,449.92,7.20,82.60,1016.00,7.23,11.22,11.55,50.30,0.38,0,13.20,0.00,106.45,1,-23,4,0,0,STAT,60,LAT,LON,W,ÿÿÿÿÿ,3768465127
04/24/26 06:02:09,8.26,153.14,11.54,16.55,4.43,448.78,7.20,82.60,1016.00,6.42,10.50,10.63,43.20,0.32,0,13.20,0.00,77.42,1,-21,4,1,0,STAT,60,LAT,LON,W,ÿÿÿÿÿ,3678532057
04/24/26 06:03:06,8.25,152.87,9.46,17.76,2.71,448.30,7.20,82.60,1016.00,6.20,11.25,11.33,44.20,0.31,0,13.20,0.00,74.19,1,-21,5,1,0,STAT,60,LAT,LON,W,ÿÿÿÿÿ,1109801962
04/24/26 06:04:08,8.25,152.15,10.58,17.15,4.62,447.49,7.20,82.80,1016.00,5.83,11.21,11.45,55.20,0.37,0,13.20,0.00,77.42,1,-22,4,0,0,STAT,60,LAT,LON,W,ÿÿÿÿÿ,4199692601
04/24/26 06:05:06,8.25,153.11,11.43,16.80,5.49,446.78,7.20,82.90,1016.00,6.26,10.78,11.04,47.70,0.26,0,13.20,0.00,77.42,1,-22,3,0,0,STAT,60,LAT,LON,W,ÿÿÿÿÿ,4278892215
04/24/26 06:06:09,8.25,156.53,10.30,17.20,4.58,446.68,7.20,82.90,1016.00,5.88,10.29,10.71,43.40,0.24,0,13.20,0.00,77.42,1,-20,4,0,0,STAT,60,LAT,LON,W,ÿÿÿÿÿ,3405774821
04/24/26 06:07:06,8.25,155.83,11.56,15.83,6.04,446.88,7.20,82.80,1016.00,5.89,10.32,10.97,42.90,0.29,0,13.20,0.00,80.65,1,-19,3,0,0,STAT,60,LAT,LON,W,ÿÿÿÿÿ,3235136795
04/24/26 06:08:09,8.25,152.26,11.19,16.57,5.35,447.38,7.20,82.90,1016.00,5.48,10.26,10.52,46.40,0.31,0,13.20,0.00,77.42,1,-20,4,0,0,STAT,60,LAT,LON,W,ÿÿÿÿÿ,90213655
04/24/26 06:09:08,8.24,150.98,13.20,16.62,5.49,447.14,7.20,83.00,1016.00,5.64,9.99,10.39,49.40,0.34,0,13.20,0.00,80.65,1,-20,2,0,0,STAT,60,LAT,LON,W,ÿÿÿÿÿ,3713111930
04/24/26 06:10:11,8.23,152.51,12.16,16.60,5.70,446.76,7.20,83.00,1016.00,5.84,10.04,10.80,50.50,0.32,0,13.20,0.00,74.19,1,-21,4,0,0,STAT,60,LAT,LON,W,ÿÿÿÿÿ,3195818977
04/24/26 06:11:07,8.23,154.80,11.79,17.80,3.65,446.29,7.20,83.30,1016.00,6.13,9.77,10.14,57.60,0.33,0,13.20,0.00,77.42,1,-20,3,0,0,STAT,60,LAT,LON,W,ÿÿÿÿÿ,110133131
04/24/26 06:12:10,8.22,154.26,12.36,17.08,4.27,446.10,7.20,83.30,1016.00,5.65,10.17,10.34,51.00,0.30,0,13.20,0.00,90.32,1,-21,4,0,0,STAT,60,LAT,LON,W,ÿÿÿÿÿ,1354659824
04/24/26 06:13:12,8.22,154.35,9.70,17.12,3.52,446.04,7.20,83.10,1016.00,5.72,9.56,10.24,41.80,0.28,0,13.20,0.00,93.55,1,-20,5,0,0,STAT,60,LAT,LON,W,ÿÿÿÿÿ,2658292518
04/24/26 06:14:10,8.22,153.84,10.63,16.37,4.50,446.24,7.20,83.20,1016.00,6.49,10.87,11.18,36.10,0.28,0,13.20,0.00,77.42,1,-19,4,1,0,STAT,60,LAT,LON,W,ÿÿÿÿÿ,1529534524
04/24/26 06:15:12,8.22,149.43,10.09,16.24,4.82,447.01,7.20,83.00,1016.00,6.70,10.60,10.93,28.20,0.29,0,13.20,0.00,77.42,1,-19,5,1,0,STAT,60,LAT,LON,W,ÿÿÿÿÿ,3205356385
04/24/26 06:16:11,8.21,152.21,11.67,15.13,5.37,447.91,7.30,82.90,1016.00,6.67,10.38,11.34,20.40,0.26,0,13.20,0.00,80.65,1,-21,3,0,0,STAT,60,LAT,LON,W,ÿÿÿÿÿ,3731760243
04/24/26 06:17:13,8.19,154.00,11.16,15.03,3.90,450.54,7.30,82.50,1016.00,7.28,11.18,11.91,12.10,0.21,0,13.20,0.00,74.19,1,-21,4,0,0,STAT,60,LAT,LON,W,ÿÿÿÿÿ,3118397047
04/24/26 06:18:11,8.16,160.88,12.59,14.83,3.16,453.86,7.20,82.20,1016.00,9.02,13.71,14.00,12.90,0.21,0,13.20,0.00,80.65,1,-22,4,0,0,STAT,60,LAT,LON,W,ÿÿÿÿÿ,1543848815
04/24/26 06:19:13,8.15,185.58,12.43,14.59,3.79,456.83,7.20,82.50,1016.00,14.75,21.32,22.21,12.20,0.20,0,13.20,0.00,80.65,1,-21,3,0,0,STAT,60,LAT,LON,W,ÿÿÿÿÿ,711781252
04/24/26 06:20:11,8.15,209.74,13.13,14.29,3.30,460.54,7.20,82.40,1016.00,20.10,30.05,31.34,26.70,0.25,0,13.20,0.00,90.32,1,-20,2,0,0,STAT,60,LAT,LON,W,ÿÿÿÿÿ,2865784849
04/24/26 06:21:13,8.15,231.30,12.45,14.22,3.60,464.09,7.20,82.20,1016.00,23.59,34.85,37.32,22.90,0.25,0,13.20,0.00,74.19,1,-18,2,0,0,STAT,60,LAT,LON,W,ÿÿÿÿÿ,2261127058
04/24/26 06:22:10,8.15,246.57,11.87,13.95,2.60,466.47,7.20,82.20,1016.00,25.68,38.74,43.10,25.20,0.24,0,13.20,0.00,77.42,1,-20,3,0,0,STAT,60,LAT,LON,W,ÿÿÿÿÿ,429811351
04/24/26 06:23:12,8.15,276.75,11.94,15.07,1.38,467.46,7.20,82.10,1016.00,28.14,42.31,48.78,27.30,0.28,0,13.20,0.00,87.10,1,-18,3,0,0,STAT,60,LAT,LON,W,ÿÿÿÿÿ,999697372
04/24/26 06:24:09,8.15,295.08,12.40,13.90,1.79,468.23,7.10,81.80,1016.00,30.06,45.19,53.03,13.10,0.27,0,13.20,0.00,106.45,1,-17,2,0,0,STAT,60,LAT,LON,W,ÿÿÿÿÿ,2243637356
04/24/26 06:25:12,8.14,306.18,8.87,14.39,0.92,471.81,7.10,81.70,1016.00,30.42,45.70,53.53,20.40,0.23,0,13.20,0.00,93.55,1,-17,6,0,0,STAT,60,LAT,LON,W,ÿÿÿÿÿ,3224061634
04/24/26 06:26:08,8.11,323.23,12.06,14.38,0.83,474.39,7.00,81.60,1016.00,31.53,47.69,56.25,23.50,0.28,0,13.20,0.00,90.32,1,-16,4,0,0,STAT,60,LAT,LON,W,ÿÿÿÿÿ,3617637466
04/24/26 06:27:12,8.07,339.95,13.17,14.00,1.75,477.07,7.00,81.60,1016.00,31.43,47.44,56.42,12.80,0.27,0,13.20,0.00,87.10,1,-17,3,0,0,STAT,60,LAT,LON,W,ÿÿÿÿÿ,3425762013
04/24/26 06:28:09,8.05,344.62,14.05,13.51,1.13,480.33,7.00,81.80,1017.00,31.07,46.84,55.04,23.80,0.26,0,13.20,0.00,74.19,1,-17,3,0,0,STAT,60,LAT,LON,W,ÿÿÿÿÿ,2735709672
04/24/26 06:29:18,8.05,332.86,11.18,13.88,1.00,482.74,6.90,81.70,1016.00,29.20,43.61,50.62,8.40,0.32,0,13.20,0.00,90.32,1,-18,5,0,0,STAT,60,LAT,LON,W,ÿÿÿÿÿ,454803727
04/24/26 06:30:10,8.05,306.35,10.76,13.35,1.86,483.47,6.90,81.70,1017.00,26.45,39.07,43.56,6.10,0.22,0,13.20,0.00,77.42,1,-18,5,0,0,STAT,60,LAT,LON,W,ÿÿÿÿÿ,1563106977
04/24/26 06:31:13,8.02,260.17,11.32,14.41,1.77,483.38,6.90,82.60,1017.00,20.67,30.77,32.52,19.80,0.25,0,13.20,0.00,77.42,1,-19,4,0,0,STAT,60,LAT,LON,W,ÿÿÿÿÿ,2045115231
04/24/26 06:32:10,7.98,228.57,11.53,14.37,1.80,481.19,6.90,82.80,1017.00,16.45,23.66,24.75,16.00,0.25,0,13.20,0.00,77.42,1,-19,3,0,0,STAT,60,LAT,LON,W,ÿÿÿÿÿ,2581918385
04/24/26 06:33:12,7.96,205.49,10.72,14.87,2.23,479.04,6.80,83.20,1017.00,12.90,18.83,19.68,21.70,0.29,0,13.20,0.00,80.65,1,-18,5,0,0,STAT,60,LAT,LON,W,ÿÿÿÿÿ,3306009240
04/24/26 06:34:09,7.95,190.91,10.20,14.62,1.46,476.70,6.80,83.20,1017.00,10.50,15.48,15.88,15.10,0.25,0,13.20,0.00,77.42,1,-20,4,0,0,STAT,60,LAT,LON,W,ÿÿÿÿÿ,2199474356
04/24/26 06:35:12,7.95,180.36,11.69,13.49,2.75,476.10,6.80,83.30,1017.00,9.85,15.52,16.61,9.60,0.23,0,13.20,0.00,80.65,1,-22,3,0,0,STAT,60,LAT,LON,W,ÿÿÿÿÿ,2636883253
04/24/26 06:36:11,7.93,174.30,13.15,14.15,1.62,476.04,6.80,83.10,1017.00,8.73,13.62,14.23,4.40,0.25,0,13.20,0.00,96.77,1,-20,2,0,0,STAT,60,LAT,LON,W,ÿÿÿÿÿ,1594641234
04/24/26 06:37:14,7.89,156.49,13.54,13.54,3.04,476.01,6.80,83.20,1017.00,6.58,11.40,11.61,15.10,0.27,0,13.20,0.00,100.00,1,-19,1,0,0,STAT,60,LAT,LON,W,ÿÿÿÿÿ,2312053946
04/24/26 06:38:12,7.86,147.37,12.58,14.92,3.12,474.78,6.80,84.00,1017.00,4.81,8.61,8.86,20.50,0.26,0,13.20,0.00,77.42,1,-20,2,0,0,STAT,60,LAT,LON,W,ÿÿÿÿÿ,2308603754
04/24/26 06:39:15,7.85,140.00,10.76,15.56,2.97,472.17,6.80,84.40,1017.00,4.43,8.03,8.76,11.50,0.29,0,13.20,0.00,77.42,1,-19,4,0,0,STAT,60,LAT,LON,W,ÿÿÿÿÿ,3755910450
04/24/26 06:40:12,7.85,139.44,11.76,15.97,2.05,470.83,6.80,84.10,1017.00,4.56,8.53,9.04,19.50,0.33,0,13.20,0.00,80.65,1,-18,3,0,0,STAT,60,LAT,LON,W,ÿÿÿÿÿ,1019366482
04/24/26 06:41:15,7.84,135.87,11.72,15.18,2.37,470.06,6.80,84.30,1017.00,3.68,7.25,7.75,14.60,0.32,0,13.20,0.00,80.65,1,-20,4,0,0,STAT,60,LAT,LON,W,ÿÿÿÿÿ,1767740171
04/24/26 06:42:12,7.82,134.29,11.64,14.35,2.90,469.41,6.70,84.20,1017.00,3.27,5.81,5.99,5.00,0.29,0,13.20,0.00,74.19,1,-19,4,0,0,STAT,60,LAT,LON,W,ÿÿÿÿÿ,1048730157
04/24/26 06:43:14,7.78,129.33,13.90,13.52,3.57,469.72,6.70,84.20,1017.00,3.18,5.37,5.73,358.20,0.24,0,13.20,0.00,87.10,1,-21,3,0,0,STAT,60,LAT,LON,W,ÿÿÿÿÿ,3593132361
04/24/26 06:44:13,7.76,130.53,11.87,13.96,2.87,469.89,6.70,84.30,1017.00,3.06,5.22,5.56,354.70,0.26,0,13.20,0.00,77.42,1,-20,3,0,0,STAT,60,LAT,LON,W,ÿÿÿÿÿ,206494810
04/24/26 06:45:15,7.75,133.08,12.41,13.69,2.26,470.37,6.70,84.30,1017.00,3.31,6.05,6.66,9.30,0.23,0,13.20,0.00,77.42,1,-21,2,0,0,STAT,60,LAT,LON,W,ÿÿÿÿÿ,123940112
04/24/26 06:46:13,7.74,128.02,11.13,14.45,1.84,470.23,6.70,84.40,1017.00,3.53,6.09,6.66,14.40,0.25,0,13.20,0.00,93.55,1,-22,4,0,0,STAT,60,LAT,LON,W,ÿÿÿÿÿ,4041341819
04/24/26 06:47:11,7.74,130.31,13.26,14.62,1.89,470.70,6.70,84.50,1017.00,3.55,6.04,6.23,2.70,0.23,0,13.20,0.00,80.65,1,-22,3,0,0,STAT,60,LAT,LON,W,ÿÿÿÿÿ,3919254341
04/24/26 06:48:13,7.74,130.72,13.18,14.87,2.14,471.25,6.70,84.80,1017.00,3.36,6.03,6.11,6.10,0.30,0,13.20,0.00,74.19,1,-20,3,0,0,STAT,60,LAT,LON,W,ÿÿÿÿÿ,2106036654
04/24/26 06:49:15,7.72,126.68,10.42,14.94,0.88,471.67,6.70,84.90,1017.00,3.12,5.36,5.58,17.20,0.28,0,13.20,0.00,77.42,1,-20,5,0,0,STAT,60,LAT,LON,W,ÿÿÿÿÿ,2963210601
04/24/26 06:50:13,7.68,126.27,10.05,13.71,3.06,471.87,6.70,85.20,1017.00,2.86,5.31,6.16,9.00,0.24,0,13.20,0.00,80.65,1,-19,5,-1,0,STAT,60,LAT,LON,W,ÿÿÿÿÿ,727860498
04/24/26 06:51:15,7.66,122.67,9.94,15.06,3.64,471.73,6.70,86.00,1017.00,2.41,4.92,6.16,12.20,0.25,0,13.20,0.00,77.42,1,-18,5,0,0,STAT,60,LAT,LON,W,ÿÿÿÿÿ,4289624299
04/24/26 06:52:12,7.65,122.67,11.31,15.28,2.75,470.70,6.70,86.20,1017.00,2.53,4.99,5.74,355.90,0.29,0,13.20,0.00,80.65,1,-19,4,0,0,STAT,60,LAT,LON,W,ÿÿÿÿÿ,919054143
04/24/26 06:53:14,7.64,124.15,11.45,15.65,2.77,467.80,6.70,86.40,1017.00,2.95,5.47,6.19,8.80,0.26,0,13.20,0.00,77.42,1,-20,3,0,0,STAT,60,LAT,LON,W,ÿÿÿÿÿ,1496406600
04/24/26 06:54:12,7.64,125.83,10.89,16.14,3.01,464.19,6.80,87.10,1017.00,3.50,6.95,7.21,20.40,0.27,0,13.20,0.00,77.42,1,-18,5,0,-1,STAT,60,LAT,LON,W,ÿÿÿÿÿ,2819797533
04/24/26 06:55:14,7.64,126.20,10.00,16.81,3.13,460.02,6.90,87.60,1017.00,3.30,5.65,6.01,350.80,0.23,0,13.20,0.00,77.42,1,-20,4,0,0,STAT,60,LAT,LON,W,ÿÿÿÿÿ,830264524
04/24/26 06:56:19,7.64,126.58,12.59,16.58,4.40,456.22,6.90,88.00,1017.00,3.31,6.27,6.94,336.70,0.22,0,13.20,0.00,129.03,1,-18,2,0,0,STAT,60,LAT,LON,W,ÿÿÿÿÿ,595945816
04/24/26 06:57:12,7.64,125.55,13.84,18.21,4.20,453.76,6.90,88.70,1017.00,3.57,7.86,8.18,27.20,0.25,0,13.20,0.00,74.19,1,-19,1,0,0,STAT,60,LAT,LON,W,ÿÿÿÿÿ,3880903140
04/24/26 06:58:15,7.64,130.49,9.91,20.21,4.47,449.78,7.10,89.40,1017.00,3.79,8.28,8.41,39.70,0.26,0,13.20,0.00,74.19,1,-20,3,0,0,STAT,60,LAT,LON,W,ÿÿÿÿÿ,1630605979
04/24/26 06:59:13,7.64,132.60,9.56,19.57,4.71,446.75,7.20,89.50,1017.00,3.95,8.89,9.56,38.80,0.36,0,13.20,0.00,93.55,1,-18,4,0,-1,STAT,60,LAT,LON,W,ÿÿÿÿÿ,1915683772
04/24/26 07:00:15,7.64,131.91,9.50,18.45,7.38,444.43,7.20,89.90,1017.00,3.96,8.52,8.90,38.50,0.30,0,13.20,0.00,90.32,1,-20,5,0,0,STAT,60,LAT,LON,W,ÿÿÿÿÿ,1012691584
04/24/26 07:01:17,7.66,131.75,10.53,18.80,6.85,442.21,7.30,89.90,1017.00,3.83,8.46,8.91,37.20,0.29,0,13.20,0.00,90.32,1,-19,4,0,0,STAT,60,LAT,LON,W,ÿÿÿÿÿ,2503576321
04/24/26 07:02:15,7.70,130.70,10.79,17.75,6.97,441.46,7.40,89.90,1017.00,4.33,9.33,9.98,30.20,0.28,0,13.20,0.00,90.32,1,-20,4,0,0,STAT,60,LAT,LON,W,ÿÿÿÿÿ,1382709330
04/24/26 07:03:17,7.73,127.47,9.62,18.97,6.81,441.66,7.50,90.00,1017.00,3.68,7.89,8.19,59.90,0.53,0,13.20,0.00,80.65,1,-18,4,-1,0,STAT,60,LAT,LON,W,ÿÿÿÿÿ,856515949
04/24/26 07:04:15,7.74,129.57,11.66,18.70,4.62,442.22,7.50,90.20,1017.00,3.44,7.16,7.27,36.70,0.30,0,13.20,0.00,74.19,1,-16,4,0,-1,STAT,60,LAT,LON,W,ÿÿÿÿÿ,970307969
04/24/26 07:05:18,7.74,131.71,9.23,18.10,4.85,443.43,7.50,90.00,1017.00,3.29,7.48,7.55,25.20,0.26,0,13.20,0.00,74.19,1,-19,5,0,0,STAT,60,LAT,LON,W,ÿÿÿÿÿ,2612985332
04/24/26 07:06:15,7.79,130.41,8.93,18.60,5.64,445.26,7.60,89.90,1017.00,3.65,7.40,7.82,38.60,0.32,0,13.20,0.00,74.19,1,-19,6,0,0,STAT,60,LAT,LON,W,ÿÿÿÿÿ,4127266787
04/24/26 07:07:18,7.82,130.66,9.26,18.27,7.41,445.84,7.60,89.80,1017.00,3.85,7.24,7.39,33.40,0.30,0,13.20,0.00,80.65,1,-18,5,0,0,STAT,60,LAT,LON,W,ÿÿÿÿÿ,3138739070
04/24/26 07:08:14,7.84,131.90,8.27,18.85,5.09,446.17,7.70,89.60,1017.00,3.76,7.64,8.08,9.20,0.21,0,13.20,0.00,74.19,1,-19,6,0,-1,STAT,60,LAT,LON,W,ÿÿÿÿÿ,3788766133
04/24/26 07:09:17,7.85,130.69,9.20,19.52,6.09,446.97,7.70,89.80,1017.00,4.03,8.26,8.46,40.10,0.33,0,13.20,0.00,74.19,1,-18,5,0,-1,STAT,60,LAT,LON,W,ÿÿÿÿÿ,8985433
04/24/26 07:10:14,7.90,130.73,8.21,20.74,3.07,447.34,7.80,89.70,1017.00,3.97,7.83,8.27,14.70,0.26,0,13.20,0.00,80.65,1,-18,6,1,-1,STAT,60,LAT,LON,W,ÿÿÿÿÿ,3565097973
04/24/26 07:11:16,7.93,130.54,8.45,19.53,4.87,448.22,7.90,89.60,1017.00,3.70,7.18,7.33,40.50,0.34,0,13.20,0.00,90.32,1,-18,6,0,-1,STAT,60,LAT,LON,W,ÿÿÿÿÿ,1080752523
04/24/26 07:12:13,7.94,130.69,9.47,19.58,5.61,447.87,7.90,89.60,1017.00,3.79,7.76,8.37,24.00,0.25,0,13.20,0.00,93.55,1,-16,6,0,-1,STAT,60,LAT,LON,W,ÿÿÿÿÿ,2636119233
04/24/26 07:13:16,7.98,129.73,10.01,18.84,5.54,446.80,8.00,89.50,1017.00,4.10,8.17,8.75,11.60,0.22,0,13.20,0.00,77.42,1,-16,5,0,-2,STAT,60,LAT,LON,W,ÿÿÿÿÿ,316813001
04/24/26 07:14:13,8.02,129.98,11.36,17.94,5.93,446.31,8.00,89.30,1017.00,4.13,7.79,7.99,14.00,0.27,0,13.20,0.00,77.42,1,-17,4,0,-1,STAT,60,LAT,LON,W,ÿÿÿÿÿ,3549810245
04/24/26 07:15:16,8.04,130.80,11.61,18.79,5.75,446.43,8.00,89.10,1017.00,3.91,6.66,6.73,21.20,0.26,0,13.20,0.00,77.42,1,-18,4,0,-1,STAT,60,LAT,LON,W,ÿÿÿÿÿ,607221352
04/24/26 07:16:15,8.05,131.74,10.89,18.86,5.89,446.67,8.00,89.00,1017.00,4.04,7.38,8.10,43.90,0.31,0,13.20,0.00,80.65,1,-17,4,0,-1,STAT,60,LAT,LON,W,ÿÿÿÿÿ,1291405088
04/24/26 07:17:18,8.10,130.37,11.38,18.23,5.88,446.88,8.10,88.80,1017.00,3.69,6.37,6.81,29.00,0.24,0,13.20,0.00,90.32,1,-16,4,-1,-2,STAT,60,LAT,LON,W,ÿÿÿÿÿ,266360049
04/24/26 07:18:16,8.13,130.09,11.37,18.07,4.77,447.36,8.10,88.50,1017.00,3.54,6.36,6.80,11.50,0.21,0,13.20,0.00,93.55,1,-17,4,-1,-1,STAT,60,LAT,LON,W,ÿÿÿÿÿ,373660201
04/24/26 07:19:18,8.14,128.46,11.37,18.15,5.10,447.94,8.10,88.40,1017.00,3.66,6.66,7.25,50.00,0.22,0,13.20,0.00,87.10,1,-17,3,-1,-1,STAT,60,LAT,LON,W,ÿÿÿÿÿ,1514401638
04/24/26 07:20:15,8.15,130.56,11.84,20.08,5.79,447.98,8.20,88.50,1017.00,4.13,8.92,9.55,51.40,0.34,0,13.20,0.00,77.42,1,-15,3,0,-2,STAT,60,LAT,LON,W,ÿÿÿÿÿ,3440290002
04/24/26 07:21:18,8.20,133.82,9.79,19.74,4.90,447.58,8.20,88.30,1017.00,3.40,7.14,7.52,44.50,0.33,0,13.20,0.00,77.42,1,-15,5,-1,-3,STAT,60,LAT,LON,W,ÿÿÿÿÿ,817930943
04/24/26 07:22:15,8.23,135.41,9.68,18.77,5.79,446.61,8.20,88.10,1017.00,3.35,7.80,8.31,29.00,0.27,0,13.20,0.00,74.19,1,-18,4,-1,-2,STAT,60,LAT,LON,W,ÿÿÿÿÿ,746234875
04/24/26 07:23:19,8.24,132.06,10.83,16.31,6.60,446.30,8.20,87.80,1017.00,3.37,7.13,8.04,23.10,0.25,0,13.20,0.00,100.00,1,-16,3,-2,-1,STAT,60,LAT,LON,W,ÿÿÿÿÿ,4141721597
04/24/26 07:24:16,8.25,129.78,10.65,16.76,4.74,446.73,8.20,87.60,1017.00,3.75,7.22,7.79,19.00,0.25,0,13.20,0.00,77.42,1,-17,4,-1,-2,STAT,60,LAT,LON,W,ÿÿÿÿÿ,725334837
04/24/26 07:25:18,8.30,125.94,10.92,17.49,3.66,447.95,8.20,87.40,1017.00,3.42,6.78,7.17,3.40,0.23,0,13.20,0.00,87.10,1,-16,4,0,-2,STAT,60,LAT,LON,W,ÿÿÿÿÿ,288751789
04/24/26 07:26:15,8.33,124.83,9.63,17.53,2.75,449.63,8.20,87.10,1017.00,3.18,6.27,6.51,8.00,0.22,0,13.20,0.00,77.42,1,-17,4,0,-2,STAT,60,LAT,LON,W,ÿÿÿÿÿ,4041400978
04/24/26 07:27:18,8.34,126.94,11.04,17.69,3.76,450.62,8.30,87.00,1017.00,3.13,6.41,6.49,7.40,0.24,0,13.20,0.00,93.55,1,-18,4,-1,-2,STAT,60,LAT,LON,W,ÿÿÿÿÿ,3347771918
04/24/26 07:28:20,8.35,124.53,11.61,17.62,3.42,451.48,8.20,86.90,1017.00,3.28,6.41,7.14,14.60,0.30,0,13.20,0.00,90.32,1,-18,4,0,-1,STAT,60,LAT,LON,W,ÿÿÿÿÿ,4016136291
04/24/26 07:29:17,8.35,126.08,12.33,17.45,3.51,452.96,8.20,86.90,1017.00,3.10,6.46,6.80,5.70,0.24,0,13.20,0.00,96.77,1,-17,3,0,-2,STAT,60,LAT,LON,W,ÿÿÿÿÿ,2713445221
04/24/26 07:30:19,8.36,125.25,12.34,19.85,0.47,454.04,8.20,86.80,1017.00,3.23,6.75,6.88,2.00,0.24,0,13.20,0.00,77.42,1,-17,3,2,-2,STAT,60,LAT,LON,W,ÿÿÿÿÿ,3227186653
04/24/26 07:31:16,8.40,125.76,11.01,18.73,0.92,454.63,8.20,86.70,1017.00,3.41,6.60,7.70,22.00,0.24,0,13.20,0.00,80.65,1,-17,4,1,-2,STAT,60,LAT,LON,W,ÿÿÿÿÿ,531224433
04/24/26 07:32:19,8.42,128.27,11.96,17.53,2.96,454.87,8.30,86.70,1017.00,3.48,7.44,8.46,11.90,0.22,0,13.20,0.00,77.42,1,-16,4,0,-2,STAT,60,LAT,LON,W,ÿÿÿÿÿ,3734591252
04/24/26 07:33:16,8.44,130.19,12.97,16.67,5.73,454.21,8.30,86.70,1017.00,3.23,6.38,6.77,20.00,0.23,0,13.20,0.00,80.65,1,-18,3,-1,-1,STAT,60,LAT,LON,W,ÿÿÿÿÿ,2645073120
04/24/26 07:34:18,8.45,129.31,14.01,18.24,4.21,453.38,8.30,86.60,1017.00,3.24,6.34,6.73,22.80,0.23,0,13.20,0.00,74.19,1,-17,3,0,-2,STAT,60,LAT,LON,W,ÿÿÿÿÿ,1025159594
04/24/26 07:35:15,8.45,132.20,15.12,18.46,2.97,452.08,8.30,86.60,1017.00,3.75,7.09,8.34,21.90,0.24,0,13.20,0.00,74.19,1,-17,1,0,-2,STAT,60,LAT,LON,W,ÿÿÿÿÿ,2550705650
04/24/26 07:36:18,8.45,129.46,12.04,18.14,3.67,450.50,8.30,86.40,1017.00,4.08,7.05,7.86,357.00,0.21,0,13.20,0.00,77.42,1,-18,4,0,-2,STAT,60,LAT,LON,W,ÿÿÿÿÿ,2262367481
04/24/26 07:37:21,8.45,124.82,11.63,17.45,5.07,449.53,8.30,86.30,1017.00,3.47,7.05,7.68,30.00,0.21,0,13.20,0.00,80.65,1,-18,3,-1,-1,STAT,60,LAT,LON,W,ÿÿÿÿÿ,2148177040
04/24/26 07:38:19,8.45,126.13,12.07,17.39,4.36,449.20,8.20,86.30,1017.00,3.46,7.35,8.41,28.00,0.27,0,13.20,0.00,77.42,1,-18,3,0,-1,STAT,60,LAT,LON,W,ÿÿÿÿÿ,2846179438
04/24/26 07:39:21,8.45,128.77,11.55,15.80,4.46,449.37,8.20,86.10,1017.00,3.56,6.76,7.31,26.40,0.25,0,13.20,0.00,80.65,1,-19,4,-1,-2,STAT,60,LAT,LON,W,ÿÿÿÿÿ,1656519169
04/24/26 07:40:18,8.45,126.99,13.41,15.86,4.80,450.55,8.20,85.80,1017.00,3.41,5.99,6.66,10.40,0.27,0,13.20,0.00,77.42,1,-17,2,0,-1,STAT,60,LAT,LON,W,ÿÿÿÿÿ,2562722832
04/24/26 07:41:20,8.45,126.35,11.67,15.16,4.67,451.72,8.20,85.50,1017.00,3.12,5.76,6.28,7.30,0.23,0,13.20,0.00,80.65,1,-17,4,0,-1,STAT,60,LAT,LON,W,ÿÿÿÿÿ,239691136
04/24/26 07:42:18,8.45,124.54,11.12,15.21,3.60,453.91,8.20,85.40,1017.00,3.58,6.55,6.98,12.30,0.27,0,13.20,0.00,80.65,1,-18,4,0,-2,STAT,60,LAT,LON,W,ÿÿÿÿÿ,2314202314
04/24/26 07:43:27,8.45,120.74,12.03,15.50,3.92,456.30,8.20,85.40,1017.00,3.26,6.13,6.47,357.60,0.24,0,13.20,0.00,90.32,1,-16,3,-1,-2,STAT,60,LAT,LON,W,ÿÿÿÿÿ,1673327338
04/24/26 07:44:20,8.45,123.24,12.13,15.92,2.66,457.29,8.20,85.40,1018.00,3.42,6.44,6.57,3.90,0.22,0,13.20,0.00,74.19,1,-15,4,0,-2,STAT,60,LAT,LON,W,ÿÿÿÿÿ,459080545
04/24/26 07:45:22,8.45,122.17,11.93,15.66,3.17,457.75,8.20,85.30,1018.00,3.61,6.43,6.76,358.50,0.20,0,13.20,0.00,93.55,1,-18,4,-1,-1,STAT,60,LAT,LON,W,ÿÿÿÿÿ,1746144092
04/24/26 07:46:20,8.45,124.93,13.35,15.75,2.17,458.20,8.20,85.10,1017.00,3.41,6.17,6.63,0.00,0.25,0,13.20,0.00,77.42,1,-18,3,0,-2,STAT,60,LAT,LON,W,ÿÿÿÿÿ,990187483
04/24/26 07:47:22,8.45,120.94,14.01,14.72,4.04,459.61,8.10,85.00,1017.00,3.06,5.90,6.38,6.10,0.21,0,13.20,0.00,90.32,1,-16,2,0,-1,STAT,60,LAT,LON,W,ÿÿÿÿÿ,228176701
04/24/26 07:48:19,8.45,122.47,11.69,16.39,4.44,460.17,8.10,85.50,1017.00,3.34,6.87,7.44,39.10,0.32,0,13.20,0.00,80.65,1,-15,4,0,-1,STAT,60,LAT,LON,W,ÿÿÿÿÿ,78256314
04/24/26 07:49:22,8.45,126.12,12.05,16.73,3.51,458.07,8.10,85.70,1018.00,3.39,6.65,7.11,27.40,0.27,0,13.20,0.00,77.42,1,-15,4,0,-2,STAT,60,LAT,LON,W,ÿÿÿÿÿ,3570243428
04/24/26 07:50:20,8.45,123.56,12.32,15.68,3.17,455.64,8.10,85.80,1017.00,3.25,7.26,8.22,22.00,0.21,0,13.20,0.00,132.26,1,-16,3,-1,-2,STAT,60,LAT,LON,W,ÿÿÿÿÿ,2997529412
04/24/26 07:51:23,8.45,121.53,12.97,15.69,4.61,455.60,8.10,85.80,1018.00,3.39,6.56,6.90,22.60,0.24,0,13.20,0.00,80.65,1,-18,3,0,-1,STAT,60,LAT,LON,W,ÿÿÿÿÿ,3145366441
04/24/26 07:52:20,8.45,123.55,13.33,16.24,2.61,455.93,8.10,85.80,1018.00,3.34,6.43,6.87,17.20,0.25,0,13.20,0.00,77.42,1,-17,3,0,-1,STAT,60,LAT,LON,W,ÿÿÿÿÿ,2876178438
04/24/26 07:53:22,8.45,122.89,13.48,16.08,2.33,457.11,8.10,85.80,1018.00,3.17,6.96,8.23,13.40,0.24,0,13.20,0.00,74.19,1,-18,3,0,-1,STAT,60,LAT,LON,W,ÿÿÿÿÿ,1155015800
04/24/26 07:54:19,8.45,122.78,12.51,16.10,3.93,458.05,8.10,85.70,1018.00,3.40,8.13,8.95,10.30,0.24,0,13.20,0.00,80.65,1,-18,3,0,0,STAT,60,LAT,LON,W,ÿÿÿÿÿ,1977637003
04/24/26 07:55:22,8.45,122.62,11.63,16.33,4.10,457.65,8.10,85.80,1018.00,3.39,7.60,8.64,23.10,0.29,0,13.20,0.00,77.42,1,-19,4,0,-1,STAT,60,LAT,LON,W,ÿÿÿÿÿ,2621451326
04/24/26 07:56:24,8.45,124.05,11.07,16.51,5.20,456.88,8.10,85.80,1018.00,3.42,6.74,7.22,26.20,0.29,0,13.20,0.00,119.35,1,-17,4,0,-1,STAT,60,LAT,LON,W,ÿÿÿÿÿ,1160872859
04/24/26 07:57:20,8.45,121.91,9.55,16.14,5.73,455.18,8.10,85.80,1018.00,3.02,6.20,6.66,33.20,0.31,0,13.20,0.00,77.42,1,-17,6,-1,-1,STAT,60,LAT,LON,W,ÿÿÿÿÿ,2572618663
04/24/26 07:58:22,8.45,125.94,11.99,16.81,6.15,454.01,8.10,85.90,1018.00,3.70,6.89,7.30,33.50,0.34,0,13.20,0.00,77.42,1,-17,3,0,0,STAT,60,LAT,LON,W,ÿÿÿÿÿ,3628893832
04/24/26 07:59:20,8.45,124.42,13.49,15.60,3.39,453.58,8.10,85.90,1018.00,3.61,7.69,8.12,11.00,0.27,0,13.20,0.00,90.32,1,-18,3,0,-1,STAT,60,LAT,LON,W,ÿÿÿÿÿ,3656643551
04/24/26 08:00:18,8.45,125.80,12.35,16.12,3.84,455.50,8.10,86.00,1018.00,3.45,7.11,7.42,19.10,0.26,0,13.20,0.00,74.19,1,-17,4,0,-1,STAT,60,LAT,LON,W,ÿÿÿÿÿ,1237680472
04/24/26 08:01:21,8.45,123.38,12.06,15.50,5.00,455.82,8.10,85.90,1018.00,3.49,6.95,7.42,18.10,0.23,0,13.20,0.00,80.65,1,-16,4,0,0,STAT,60,LAT,LON,W,ÿÿÿÿÿ,1829472944
04/24/26 08:02:18,8.45,124.77,12.49,16.06,4.99,455.52,8.10,86.00,1018.00,3.60,6.65,6.82,19.30,0.25,0,13.20,0.00,77.42,1,-15,4,0,-1,STAT,60,LAT,LON,W,ÿÿÿÿÿ,2009158096
04/24/26 08:03:21,8.45,124.95,12.51,16.88,3.16,455.18,8.10,86.00,1018.00,3.39,6.73,7.16,26.80,0.25,0,13.20,0.00,80.65,1,-15,4,0,-2,STAT,60,LAT,LON,W,ÿÿÿÿÿ,1979848548
04/24/26 08:04:21,8.45,123.56,11.69,16.28,3.95,454.45,8.10,85.90,1018.00,3.33,6.82,7.83,26.30,0.27,0,13.20,0.00,77.42,1,-15,4,0,-1,STAT,60,LAT,LON,W,ÿÿÿÿÿ,4035687928
04/24/26 08:05:24,8.45,121.97,11.68,16.74,3.12,454.72,8.10,85.90,1018.00,3.55,6.27,6.68,21.60,0.25,0,13.20,0.00,74.19,1,-16,4,0,-1,STAT,60,LAT,LON,W,ÿÿÿÿÿ,3030198280
04/24/26 08:06:21,8.45,120.75,11.46,16.18,2.59,456.31,8.10,85.80,1018.00,3.33,6.17,6.32,3.50,0.21,0,13.20,0.00,77.42,1,-15,4,0,-1,STAT,60,LAT,LON,W,ÿÿÿÿÿ,864161621
04/24/26 08:07:24,8.45,121.48,13.49,16.01,3.93,457.69,8.10,85.70,1018.00,3.15,5.80,5.85,27.40,0.27,0,13.20,0.00,93.55,1,-16,3,-1,-1,STAT,60,LAT,LON,W,ÿÿÿÿÿ,2957507030
04/24/26 08:08:21,8.45,126.90,12.35,15.90,4.37,457.88,8.10,85.60,1018.00,3.19,6.29,6.42,24.10,0.28,0,13.20,0.00,77.42,1,-18,4,0,-1,STAT,60,LAT,LON,W,ÿÿÿÿÿ,1667326895
04/24/26 08:09:24,8.45,124.38,12.86,16.39,3.05,457.87,8.10,85.60,1018.00,3.56,7.19,7.23,22.60,0.27,0,13.20,0.00,77.42,1,-17,3,0,-2,STAT,60,LAT,LON,W,ÿÿÿÿÿ,2789857209
04/24/26 08:10:21,8.45,122.09,13.53,16.05,3.54,456.77,8.10,85.70,1018.00,3.85,6.87,7.22,29.00,0.24,0,13.16,0.00,132.26,1,-15,2,0,-1,STAT,60,LAT,LON,W,ÿÿÿÿÿ,1575735283
04/24/26 08:11:19,8.45,125.05,11.92,16.67,3.06,455.52,8.10,85.80,1018.00,3.74,7.43,8.28,14.60,0.26,0,13.20,0.00,74.19,1,-18,3,0,-2,STAT,60,LAT,LON,W,ÿÿÿÿÿ,136126000
04/24/26 08:12:22,8.45,124.06,12.84,15.90,2.82,454.94,8.10,85.70,1018.00,3.39,6.82,7.37,17.60,0.24,0,13.20,0.00,77.42,1,-17,3,0,-2,STAT,60,LAT,LON,W,ÿÿÿÿÿ,995163734
04/24/26 08:13:20,8.45,122.36,11.66,15.46,3.57,455.51,8.10,85.70,1018.00,3.08,5.68,6.06,22.00,0.23,0,13.20,0.00,77.42,1,-15,4,0,-2,STAT,60,LAT,LON,W,ÿÿÿÿÿ,2239699894
04/24/26 08:14:23,8.45,123.47,12.73,15.82,4.26,455.37,8.10,85.80,1018.00,3.24,6.57,6.71,26.30,0.24,0,13.20,0.00,77.42,1,-15,3,-1,-2,STAT,60,LAT,LON,W,ÿÿÿÿÿ,513521501
04/24/26 08:15:20,8.45,122.06,15.56,16.32,3.65,454.56,8.10,85.70,1018.00,3.40,6.35,6.57,14.50,0.23,0,13.20,0.00,77.42,1,-17,1,0,-1,STAT,60,LAT,LON,W,ÿÿÿÿÿ,1975357987
04/24/26 08:16:22,8.45,118.60,13.19,15.46,3.66,454.81,8.10,85.60,1018.00,3.23,5.68,6.10,14.50,0.20,0,13.20,0.00,74.19,1,-17,3,0,-1,STAT,60,LAT,LON,W,ÿÿÿÿÿ,4094817699
04/24/26 08:17:22,8.45,119.52,12.56,15.79,3.02,454.93,8.10,85.60,1018.00,3.76,7.24,7.98,34.00,0.30,0,13.20,0.00,129.03,1,-16,3,0,-2,STAT,60,LAT,LON,W,ÿÿÿÿÿ,513558805
04/24/26 08:18:25,8.45,117.57,13.15,16.17,3.86,454.97,8.10,85.60,1018.00,3.63,7.18,8.05,29.50,0.26,0,13.20,0.00,74.19,1,-17,3,0,-1,STAT,60,LAT,LON,W,ÿÿÿÿÿ,2353979669
04/24/26 08:19:22,8.45,121.66,12.21,17.02,3.94,454.99,8.00,85.50,1018.00,3.29,6.92,7.30,46.50,0.32,0,13.20,0.00,77.42,1,-13,3,0,-1,STAT,60,LAT,LON,W,ÿÿÿÿÿ,1671707600
04/24/26 08:20:25,8.45,125.97,12.68,17.28,3.60,455.00,8.00,85.50,1018.00,3.32,7.00,7.50,44.30,0.35,0,13.20,0.00,74.19,1,-16,3,0,-1,STAT,60,LAT,LON,W,ÿÿÿÿÿ,3347031753
04/24/26 08:21:22,8.45,129.85,12.56,16.17,5.11,455.00,8.00,85.50,1018.00,3.74,7.56,8.11,38.60,0.35,0,13.20,0.00,80.65,1,-17,4,0,-1,STAT,60,LAT,LON,W,ÿÿÿÿÿ,2004407781
04/24/26 08:22:24,8.45,127.18,11.56,16.17,4.47,454.84,8.00,85.50,1018.00,3.60,6.65,6.96,37.10,0.33,0,13.20,0.00,77.42,1,-19,5,0,-2,STAT,60,LAT,LON,W,ÿÿÿÿÿ,3997903287
04/24/26 08:23:22,8.45,128.80,11.86,16.67,4.39,454.57,8.00,85.60,1018.00,3.78,7.26,7.47,42.60,0.36,0,13.20,0.00,90.32,1,-20,5,0,-2,STAT,60,LAT,LON,W,ÿÿÿÿÿ,1926612038
04/24/26 08:24:21,8.45,126.04,12.21,15.63,5.47,453.99,8.00,85.60,1018.00,3.68,7.55,7.96,38.70,0.30,0,13.20,0.00,77.42,1,-17,4,-1,-1,STAT,60,LAT,LON,W,ÿÿÿÿÿ,2183445240
04/24/26 08:25:25,8.45,126.17,11.98,15.84,3.49,453.35,8.00,85.50,1018.00,3.89,7.31,7.45,33.20,0.31,0,13.20,0.00,77.42,1,-16,4,0,-2,STAT,60,LAT,LON,W,ÿÿÿÿÿ,1822742299
04/24/26 08:26:23,8.45,123.92,12.60,16.16,4.29,453.13,8.00,85.50,1018.00,3.65,7.09,7.36,41.60,0.34,0,13.20,0.00,74.19,1,-16,3,0,-1,STAT,60,LAT,LON,W,ÿÿÿÿÿ,2142239185
04/24/26 08:27:25,8.45,122.45,13.40,16.38,3.96,452.90,8.00,85.50,1018.00,4.03,6.99,7.37,31.30,0.30,0,13.20,0.00,77.42,1,-15,3,0,-1,STAT,60,LAT,LON,W,ÿÿÿÿÿ,741789263
04/24/26 08:28:22,8.45,123.44,12.38,15.84,3.66,453.04,8.00,85.50,1018.00,3.53,6.42,7.09,28.80,0.27,0,13.20,0.00,77.42,1,-16,5,0,-1,STAT,60,LAT,LON,W,ÿÿÿÿÿ,3537438562
04/24/26 08:29:25,8.45,124.06,13.18,15.11,2.75,455.58,8.00,85.40,1018.00,3.61,6.51,7.13,29.50,0.28,0,13.20,0.00,77.42,1,-16,4,0,-2,STAT,60,LAT,LON,W,ÿÿÿÿÿ,297511397
04/24/26 08:30:22,8.45,123.10,12.45,15.17,3.50,457.19,7.90,85.50,1018.00,3.63,6.65,6.88,29.80,0.27,0,13.20,0.00,80.65,1,-16,3,0,-1,STAT,60,LAT,LON,W,ÿÿÿÿÿ,1702144809
04/24/26 08:31:24,8.45,123.35,12.83,14.93,3.80,458.21,8.00,85.50,1018.00,3.32,6.95,7.50,44.10,0.28,0,13.20,0.00,77.42,1,-16,3,-1,-2,STAT,60,LAT,LON,W,ÿÿÿÿÿ,1733846904
04/24/26 08:32:22,8.45,121.47,12.13,14.89,4.57,458.66,8.00,85.50,1018.00,3.25,6.45,7.23,33.60,0.29,0,13.20,0.00,93.55,1,-17,5,0,0,STAT,60,LAT,LON,W,ÿÿÿÿÿ,1514645846
04/24/26 08:33:24,8.45,117.20,11.54,15.20,2.30,459.61,7.90,85.30,1018.00,3.01,6.32,6.91,27.20,0.27,0,13.20,0.00,93.55,1,-16,4,0,-1,STAT,60,LAT,LON,W,ÿÿÿÿÿ,3973961202
04/24/26 08:34:22,8.45,119.17,12.06,15.53,3.37,461.00,7.90,85.50,1018.00,3.17,6.48,7.24,29.90,0.31,0,13.20,0.00,93.55,1,-15,4,0,-1,STAT,60,LAT,LON,W,ÿÿÿÿÿ,1752369637
04/24/26 08:35:24,8.45,122.14,12.15,16.39,4.03,460.36,7.90,85.60,1018.00,3.07,6.18,7.02,41.20,0.33,0,13.20,0.00,77.42,1,-15,3,0,-1,STAT,60,LAT,LON,W,ÿÿÿÿÿ,3577396461
04/24/26 08:36:22,8.45,124.54,10.46,16.19,2.35,458.52,7.90,85.60,1018.00,3.40,7.20,7.69,31.40,0.26,0,13.20,0.00,77.42,1,-17,4,0,-1,STAT,60,LAT,LON,W,ÿÿÿÿÿ,3510017415
04/24/26 08:37:27,8.44,121.48,13.68,14.97,3.74,457.54,7.90,85.60,1018.00,3.53,6.94,7.12,25.10,0.25,0,13.20,0.00,93.55,1,-17,2,-1,-1,STAT,60,LAT,LON,W,ÿÿÿÿÿ,2148528092
04/24/26 08:38:24,8.44,121.85,12.04,15.04,3.39,457.21,7.90,85.50,1018.00,3.47,7.58,7.67,28.00,0.28,0,13.20,0.00,77.42,1,-15,3,0,-1,STAT,60,LAT,LON,W,ÿÿÿÿÿ,4036432399
04/24/26 08:39:27,8.44,122.26,12.86,15.21,2.84,457.07,7.90,85.40,1018.00,3.47,7.39,8.37,29.80,0.29,0,13.20,0.00,106.45,1,-18,4,0,-1,STAT,60,LAT,LON,W,ÿÿÿÿÿ,3113523932
04/24/26 08:40:24,8.43,122.40,11.52,15.07,3.43,457.03,7.90,85.40,1018.00,3.83,7.46,8.20,37.20,0.38,0,13.20,0.00,93.55,1,-18,5,0,-1,STAT,60,LAT,LON,W,ÿÿÿÿÿ,2742549444
04/24/26 08:41:27,8.43,123.60,12.29,14.53,4.04,457.01,7.80,85.40,1018.00,3.36,7.02,7.42,35.30,0.33,0,13.20,0.00,90.32,1,-14,4,0,-1,STAT,60,LAT,LON,W,ÿÿÿÿÿ,296391082
04/24/26 08:42:24,8.43,123.88,12.27,15.06,3.22,457.00,7.80,85.40,1018.00,3.22,6.20,6.33,35.90,0.32,0,13.20,0.00,77.42,1,-16,3,0,-1,STAT,60,LAT,LON,W,ÿÿÿÿÿ,3757677021
04/24/26 08:43:26,8.42,122.31,11.99,14.52,4.11,457.30,7.80,85.30,1018.00,3.18,5.91,6.01,35.00,0.31,0,13.20,0.00,80.65,1,-15,3,0,0,STAT,60,LAT,LON,W,ÿÿÿÿÿ,912275904
04/24/26 08:44:24,8.41,122.70,12.81,14.32,3.45,457.73,7.80,85.10,1018.00,3.38,7.12,7.51,26.70,0.27,0,13.20,0.00,93.55,1,-15,3,-1,-1,STAT,60,LAT,LON,W,ÿÿÿÿÿ,4007454231
04/24/26 08:45:27,8.38,122.90,11.94,14.00,4.49,457.90,7.80,85.10,1018.00,3.62,6.70,6.86,31.20,0.28,0,13.20,0.00,77.42,1,-18,3,0,-1,STAT,60,LAT,LON,W,ÿÿÿÿÿ,2184153047
04/24/26 08:46:24,8.36,124.17,12.40,14.79,3.80,457.96,7.80,85.10,1018.00,3.97,7.43,7.61,32.20,0.27,0,13.20,0.00,80.65,1,-18,4,0,-1,STAT,60,LAT,LON,W,ÿÿÿÿÿ,1986709089
04/24/26 08:47:27,8.35,122.42,11.49,14.98,3.72,458.57,7.80,85.20,1018.00,3.81,6.96,7.19,37.40,0.32,0,13.20,0.00,74.19,1,-16,4,0,-1,STAT,60,LAT,LON,W,ÿÿÿÿÿ,3702097096
04/24/26 08:48:25,8.35,122.69,10.93,15.30,3.94,458.25,7.70,85.30,1018.00,3.07,6.14,6.45,38.40,0.31,0,13.20,0.00,74.19,1,-16,5,0,-1,STAT,60,LAT,LON,W,ÿÿÿÿÿ,2444668436
04/24/26 08:49:28,8.35,124.24,10.49,15.00,4.59,457.43,7.70,85.40,1018.00,3.20,6.43,7.08,31.20,0.30,0,13.20,0.00,80.65,1,-16,5,0,-1,STAT,60,LAT,LON,W,ÿÿÿÿÿ,279596295
04/24/26 08:50:25,8.35,122.67,12.99,16.05,4.03,456.59,7.70,85.50,1018.00,3.36,7.09,8.04,33.60,0.30,0,13.20,0.00,80.65,1,-13,2,0,-1,STAT,60,LAT,LON,W,ÿÿÿÿÿ,888889704
04/24/26 08:51:24,8.35,123.16,14.35,15.30,4.26,455.61,7.70,85.50,1018.00,3.21,6.88,7.59,34.00,0.30,0,13.20,0.00,77.42,1,-15,1,-1,-1,STAT,60,LAT,LON,W,ÿÿÿÿÿ,1517027758
04/24/26 08:52:27,8.35,123.39,13.75,15.17,5.71,454.52,7.70,85.70,1018.00,3.24,7.19,8.03,32.40,0.30,0,13.20,0.00,77.42,1,-15,2,-1,-1,STAT,60,LAT,LON,W,ÿÿÿÿÿ,4041513831
04/24/26 08:53:29,8.35,124.57,12.29,15.95,4.87,452.95,7.70,85.70,1018.00,3.42,6.88,7.77,45.80,0.31,0,13.20,0.00,77.42,1,-14,3,-1,-1,STAT,60,LAT,LON,W,ÿÿÿÿÿ,2417782380
04/24/26 08:54:26,8.35,124.24,12.26,15.75,4.83,452.01,7.70,86.00,1018.00,3.46,7.49,7.88,38.90,0.31,0,13.20,0.00,77.42,1,-14,3,0,-1,STAT,60,LAT,LON,W,ÿÿÿÿÿ,2809785266
04/24/26 08:55:28,8.35,124.30,12.78,14.97,3.17,451.59,7.80,85.80,1018.00,3.80,7.65,8.59,30.90,0.30,0,13.20,0.00,77.42,1,-15,3,0,-1,STAT,60,LAT,LON,W,ÿÿÿÿÿ,1637456921
04/24/26 08:56:25,8.35,122.57,13.77,14.37,3.86,452.28,7.80,85.60,1018.00,3.95,8.36,9.27,18.40,0.24,0,13.20,0.00,77.42,1,-17,2,-1,-1,STAT,60,LAT,LON,W,ÿÿÿÿÿ,3604103816
04/24/26 08:57:28,8.35,125.62,12.42,13.64,3.99,455.33,7.70,85.40,1018.00,4.01,8.16,8.71,26.50,0.26,0,13.20,0.00,83.87,1,-17,4,0,-1,STAT,60,LAT,LON,W,ÿÿÿÿÿ,3315836593
04/24/26 08:58:30,8.33,126.06,13.64,14.02,3.62,458.08,7.70,85.40,1018.00,4.09,8.65,9.61,11.70,0.21,0,13.20,0.00,74.19,1,-17,2,0,-1,STAT,60,LAT,LON,W,ÿÿÿÿÿ,3773135803
04/24/26 08:59:27,8.33,133.63,12.56,13.54,4.87,459.26,7.70,85.40,1018.00,4.77,9.85,10.98,27.90,0.29,0,13.20,0.00,74.19,1,-13,4,0,-1,STAT,60,LAT,LON,W,ÿÿÿÿÿ,2842939694
04/24/26 09:00:29,8.32,134.36,14.16,13.30,3.12,459.70,7.70,85.30,1018.00,5.16,10.08,10.83,17.80,0.23,0,13.20,0.00,77.42,1,-15,3,0,-1,STAT,60,LAT,LON,W,ÿÿÿÿÿ,1129379814
04/24/26 09:01:26,8.29,138.04,13.03,13.75,2.22,461.45,7.70,85.20,1018.00,4.25,9.21,9.83,23.40,0.25,0,13.20,0.00,74.19,1,-14,3,0,-1,STAT,60,LAT,LON,W,ÿÿÿÿÿ,4272899550
04/24/26 09:02:28,8.26,136.19,15.37,13.14,2.88,462.46,7.60,85.10,1018.00,4.65,9.80,10.55,26.60,0.27,0,13.20,0.00,74.19,1,-15,2,-1,-1,STAT,60,LAT,LON,W,ÿÿÿÿÿ,2649430579
04/24/26 09:03:25,8.25,130.78,13.82,14.25,0.76,463.14,7.60,85.10,1018.00,4.37,9.48,10.79,22.30,0.26,0,13.20,0.00,80.65,1,-14,2,0,-1,STAT,60,LAT,LON,W,ÿÿÿÿÿ,2466044918
04/24/26 09:04:27,8.25,127.89,14.63,15.50,0.20,464.05,7.60,84.90,1018.00,3.92,8.44,9.62,15.80,0.21,0,13.20,0.00,129.03,1,-17,2,2,0,STAT,60,LAT,LON,W,ÿÿÿÿÿ,3226401995
04/24/26 09:05:25,8.25,126.73,13.43,15.16,1.74,465.18,7.60,84.90,1018.00,4.47,9.10,9.59,31.70,0.28,0,13.20,0.00,90.32,1,-17,2,1,0,STAT,60,LAT,LON,W,ÿÿÿÿÿ,1570786995
04/24/26 09:06:28,8.25,129.23,13.29,14.04,2.53,464.84,7.60,85.10,1018.00,4.58,9.84,10.01,27.20,0.28,0,13.20,0.00,77.42,1,-14,3,0,-1,STAT,60,LAT,LON,W,ÿÿÿÿÿ,3846246403
04/24/26 09:07:26,8.25,128.47,14.08,14.20,1.10,464.40,7.50,85.10,1018.00,4.54,8.81,9.42,19.80,0.24,0,13.20,0.00,80.65,1,-16,3,0,-2,STAT,60,LAT,LON,W,ÿÿÿÿÿ,2918272146
04/24/26 09:08:28,8.24,128.12,13.35,13.54,0.52,465.80,7.50,84.90,1018.00,4.27,9.14,9.46,6.70,0.21,0,13.20,0.00,87.10,1,-16,4,0,-1,STAT,60,LAT,LON,W,ÿÿÿÿÿ,523248541
04/24/26 09:09:25,8.23,127.10,13.46,13.06,1.09,468.09,7.50,84.90,1018.00,4.53,9.36,10.18,18.40,0.23,0,13.20,0.00,74.19,1,-17,4,0,-1,STAT,60,LAT,LON,W,ÿÿÿÿÿ,1064927860
04/24/26 09:10:28,8.20,131.54,14.92,12.81,1.96,470.59,7.50,84.80,1018.00,4.56,9.92,10.86,19.10,0.23,0,13.20,0.00,90.32,1,-15,2,0,-1,STAT,60,LAT,LON,W,ÿÿÿÿÿ,749760741
04/24/26 09:11:27,8.17,138.46,14.14,12.30,2.07,472.00,7.40,84.70,1018.00,5.00,10.05,10.51,15.20,0.22,0,13.20,0.00,80.65,1,-17,2,-1,-1,STAT,60,LAT,LON,W,ÿÿÿÿÿ,1341427589
04/24/26 09:12:29,8.15,139.52,14.69,12.86,1.39,473.19,7.40,84.60,1018.00,4.92,9.85,10.28,24.00,0.25,0,13.20,0.00,77.42,1,-18,2,-1,-1,STAT,60,LAT,LON,W,ÿÿÿÿÿ,2368330577
04/24/26 09:13:27,8.15,137.91,14.73,12.93,2.29,474.76,7.40,84.40,1018.00,4.83,9.50,9.69,27.80,0.28,0,13.20,0.00,77.42,1,-17,2,0,0,STAT,60,LAT,LON,W,ÿÿÿÿÿ,2694201170
04/24/26 09:14:30,8.15,134.66,12.09,12.32,2.77,476.59,7.40,84.30,1018.00,4.58,8.98,9.49,29.70,0.31,0,13.20,0.00,80.65,1,-14,3,0,-1,STAT,60,LAT,LON,W,ÿÿÿÿÿ,1736027402
04/24/26 09:15:27,8.15,131.73,11.99,12.54,3.19,476.11,7.30,84.40,1018.00,4.20,8.18,8.73,28.40,0.31,0,13.20,0.00,93.55,1,-14,4,0,0,STAT,60,LAT,LON,W,ÿÿÿÿÿ,809526807
04/24/26 09:16:30,8.13,128.22,10.93,13.77,3.15,472.51,7.30,84.80,1018.00,4.13,7.96,8.37,26.10,0.31,0,13.20,0.00,90.32,1,-17,5,0,-1,STAT,60,LAT,LON,W,ÿÿÿÿÿ,771609435
04/24/26 09:17:27,8.09,127.58,12.61,13.66,3.37,469.97,7.30,85.00,1018.00,4.14,7.61,8.16,31.70,0.32,0,13.20,0.00,90.32,1,-16,3,-1,-1,STAT,60,LAT,LON,W,ÿÿÿÿÿ,266666385
04/24/26 09:18:31,8.06,126.03,13.55,16.27,2.85,466.58,7.30,85.30,1018.00,4.38,8.37,8.71,42.30,0.34,0,13.20,0.00,74.19,1,-16,2,1,0,STAT,60,LAT,LON,W,ÿÿÿÿÿ,3287802548
04/24/26 09:19:28,8.05,128.64,12.15,15.47,4.88,462.06,7.30,85.70,1018.00,4.32,8.45,9.76,35.70,0.32,0,13.20,0.00,77.42,1,-16,3,0,0,STAT,60,LAT,LON,W,ÿÿÿÿÿ,787801918
04/24/26 09:20:31,8.05,127.98,13.83,14.38,4.15,458.16,7.30,85.60,1018.00,4.27,8.20,8.84,19.80,0.31,0,13.20,0.00,77.42,1,-16,2,0,-1,STAT,60,LAT,LON,W,ÿÿÿÿÿ,3669092993
04/24/26 09:21:28,8.05,125.23,13.04,13.60,2.95,458.64,7.30,84.70,1018.00,4.22,8.62,9.05,8.00,0.31,0,13.20,0.00,80.65,1,-14,3,0,-1,STAT,60,LAT,LON,W,ÿÿÿÿÿ,1601428054
04/24/26 09:22:30,8.05,125.62,13.99,12.22,3.25,462.96,7.30,84.00,1018.00,4.36,9.05,9.40,358.70,0.29,0,13.20,0.00,74.19,1,-17,2,0,0,STAT,60,LAT,LON,W,ÿÿÿÿÿ,3627553791
04/24/26 09:23:27,8.04,126.12,14.40,12.34,2.71,466.61,7.20,84.10,1018.00,4.12,7.74,8.69,1.70,0.22,0,13.20,0.00,80.65,1,-16,3,0,0,STAT,60,LAT,LON,W,ÿÿÿÿÿ,3623034048
04/24/26 09:24:37,8.02,136.37,13.89,12.04,3.90,468.46,7.20,84.30,1018.00,4.96,9.42,10.06,25.90,0.28,0,13.20,0.00,80.65,1,-14,3,-1,0,STAT,60,LAT,LON,W,ÿÿÿÿÿ,1619228471
04/24/26 09:25:30,7.98,145.30,14.60,12.22,2.36,469.90,7.20,84.30,1018.00,5.71,11.26,11.71,12.30,0.22,0,13.20,0.00,77.42,1,-15,3,-1,0,STAT,60,LAT,LON,W,ÿÿÿÿÿ,1955155733
04/24/26 09:26:32,7.96,144.30,14.22,12.53,1.65,471.10,7.20,84.00,1018.00,5.46,11.09,11.54,2.40,0.20,0,13.20,0.00,74.19,1,-16,3,0,-1,STAT,60,LAT,LON,W,ÿÿÿÿÿ,2655931050
04/24/26 09:27:29,7.95,138.05,13.05,12.70,2.56,472.27,7.20,84.20,1018.00,5.24,9.82,10.22,21.30,0.28,0,13.20,0.00,80.65,1,-15,3,0,-1,STAT,60,LAT,LON,W,ÿÿÿÿÿ,3078437855
04/24/26 09:28:32,7.95,128.97,12.42,12.59,2.09,473.24,7.20,84.30,1018.00,4.61,8.59,8.95,22.70,0.27,0,13.20,0.00,90.32,1,-15,4,0,-1,STAT,60,LAT,LON,W,ÿÿÿÿÿ,1605071475
04/24/26 09:29:29,7.95,129.53,13.40,12.57,2.36,474.06,7.20,84.50,1018.00,3.90,7.48,7.90,27.50,0.30,0,13.20,0.00,93.55,1,-16,3,0,0,STAT,60,LAT,LON,W,ÿÿÿÿÿ,1296532526
04/24/26 09:30:33,7.93,123.24,15.67,13.63,0.88,473.03,7.10,84.80,1018.00,3.42,7.00,7.44,32.10,0.31,0,13.20,0.00,80.65,1,-15,2,0,-1,STAT,60,LAT,LON,W,ÿÿÿÿÿ,2285225340
04/24/26 09:31:32,7.90,121.46,14.45,13.33,2.69,471.76,7.10,85.00,1018.00,3.36,7.53,8.16,27.00,0.30,0,13.16,0.00,129.03,1,-17,3,0,0,STAT,60,LAT,LON,W,ÿÿÿÿÿ,1861366160
04/24/26 09:32:30,7.86,118.74,12.25,14.05,4.84,469.01,7.10,85.60,1018.00,3.09,6.81,7.08,43.90,0.33,0,13.20,0.00,74.19,1,-15,4,0,0,STAT,60,LAT,LON,W,ÿÿÿÿÿ,1613232695
04/24/26 09:33:28,7.85,119.82,13.77,13.16,4.32,466.12,7.10,85.70,1018.00,3.56,7.40,7.88,32.10,0.29,0,13.20,0.00,90.32,1,-16,3,0,0,STAT,60,LAT,LON,W,ÿÿÿÿÿ,1739748721
04/24/26 09:34:32,7.85,119.19,13.32,12.69,3.19,464.45,7.10,85.50,1018.00,3.47,7.00,7.16,27.60,0.28,0,13.20,0.00,77.42,1,-15,2,-1,-1,STAT,60,LAT,LON,W,ÿÿÿÿÿ,487485133
04/24/26 09:35:29,7.84,117.22,14.18,12.01,3.14,465.96,7.00,85.30,1018.00,3.71,7.22,7.28,19.60,0.23,0,13.20,0.00,80.65,1,-14,2,-1,-1,STAT,60,LAT,LON,W,ÿÿÿÿÿ,1992285493
04/24/26 09:36:32,7.84,119.53,14.47,13.00,2.40,468.34,7.00,85.20,1018.00,3.61,6.90,7.86,21.70,0.26,0,13.20,0.00,77.42,1,-15,2,0,0,STAT,60,LAT,LON,W,ÿÿÿÿÿ,3391071712
04/24/26 09:37:29,7.83,119.12,14.09,13.20,2.14,470.38,7.00,85.10,1018.00,3.79,7.57,8.19,20.50,0.24,0,13.20,0.00,74.19,1,-17,2,0,0,STAT,60,LAT,LON,W,ÿÿÿÿÿ,2537162380
04/24/26 09:38:31,7.80,113.03,11.06,15.55,-1.99,471.43,7.00,85.00,1018.00,3.52,7.33,7.66,17.60,0.26,0,13.20,0.00,90.32,1,-16,4,2,-1,STAT,60,LAT,LON,W,ÿÿÿÿÿ,3784162491
04/24/26 09:39:29,7.76,115.73,12.67,13.53,0.51,471.78,7.00,85.00,1018.00,3.47,6.58,6.87,20.10,0.26,0,13.20,0.00,80.65,1,-15,3,0,0,STAT,60,LAT,LON,W,ÿÿÿÿÿ,2387371653
04/24/26 09:40:31,7.75,120.94,13.11,12.97,1.94,471.57,7.00,85.10,1018.00,3.86,7.72,8.44,19.70,0.25,0,13.20,0.00,74.19,1,-16,3,0,-1,STAT,60,LAT,LON,W,ÿÿÿÿÿ,3474422105
04/24/26 09:41:28,7.75,131.50,11.73,12.88,2.29,471.22,6.90,85.20,1018.00,4.75,9.12,9.53,27.80,0.28,0,13.20,0.00,77.42,1,-16,5,0,-1,STAT,60,LAT,LON,W,ÿÿÿÿÿ,1619694158
04/24/26 09:42:31,7.74,138.05,14.21,14.00,3.10,470.30,7.00,85.40,1018.00,5.33,9.77,10.45,40.20,0.34,0,13.20,0.00,80.65,1,-16,3,0,0,STAT,60,LAT,LON,W,ÿÿÿÿÿ,1640081426
04/24/26 09:43:28,7.74,136.23,14.19,14.66,3.22,466.23,7.00,85.80,1018.00,4.54,8.05,9.42,37.90,0.30,0,13.20,0.00,80.65,1,-17,2,0,-1,STAT,60,LAT,LON,W,ÿÿÿÿÿ,1248930532
04/24/26 09:44:31,7.74,130.05,11.77,14.87,3.13,462.00,6.90,86.00,1018.00,4.44,8.72,9.34,32.90,0.28,0,13.20,0.00,80.65,1,-14,4,0,-1,STAT,60,LAT,LON,W,ÿÿÿÿÿ,3551048069
04/24/26 09:45:30,7.73,123.10,13.06,13.22,5.65,459.09,6.90,86.00,1018.00,3.97,8.59,9.05,28.20,0.27,0,13.20,0.00,77.42,1,-17,3,-1,0,STAT,60,LAT,LON,W,ÿÿÿÿÿ,1132549083
04/24/26 09:46:33,7.70,122.81,12.74,13.17,4.84,457.09,7.00,86.00,1018.00,3.81,7.81,7.96,27.60,0.26,0,13.20,0.00,93.55,1,-15,3,0,0,STAT,60,LAT,LON,W,ÿÿÿÿÿ,3008525986
04/24/26 09:47:30,7.67,124.09,14.69,13.90,4.98,455.88,7.00,86.20,1018.00,3.60,7.46,8.01,32.10,0.29,0,13.20,0.00,80.65,1,-16,1,0,0,STAT,60,LAT,LON,W,ÿÿÿÿÿ,1923340764
04/24/26 09:48:32,7.65,121.88,13.01,14.71,3.88,453.99,7.00,86.20,1018.00,3.86,7.57,7.84,30.70,0.28,0,13.20,0.00,90.32,1,-16,3,0,-1,STAT,60,LAT,LON,W,ÿÿÿÿÿ,762801478
04/24/26 09:49:30,7.64,120.84,11.94,13.70,4.92,452.76,7.00,86.30,1018.00,3.96,7.72,8.24,29.70,0.27,0,13.20,0.00,80.65,1,-14,3,0,-1,STAT,60,LAT,LON,W,ÿÿÿÿÿ,1280090625
04/24/26 09:50:34,7.64,117.72,14.21,13.79,3.28,452.85,7.00,86.30,1018.00,3.91,8.14,8.41,30.00,0.29,0,13.20,0.00,80.65,1,-13,2,0,-1,STAT,60,LAT,LON,W,ÿÿÿÿÿ,1508032495
04/24/26 09:51:36,7.64,118.78,14.63,12.93,5.55,452.95,7.00,86.30,1018.00,3.91,7.70,8.46,27.50,0.31,0,13.20,0.00,83.87,1,-12,2,-1,-1,STAT,60,LAT,LON,W,ÿÿÿÿÿ,2031275833
04/24/26 09:52:33,7.64,117.48,14.89,14.63,2.24,453.60,7.00,86.30,1018.00,4.17,7.89,8.25,23.60,0.28,0,13.20,0.00,77.42,1,-15,1,0,-1,STAT,60,LAT,LON,W,ÿÿÿÿÿ,741571007
04/24/26 09:53:31,7.64,117.38,13.84,13.87,3.16,455.91,7.00,86.20,1018.00,4.32,8.28,8.41,25.90,0.28,0,13.20,0.00,77.42,1,-15,2,0,-1,STAT,60,LAT,LON,W,ÿÿÿÿÿ,472489288
04/24/26 09:54:33,7.64,119.75,15.59,12.50,3.73,458.54,7.00,85.70,1018.00,4.12,8.67,8.99,25.00,0.29,0,13.20,0.00,77.42,1,-14,1,0,-1,STAT,60,LAT,LON,W,ÿÿÿÿÿ,1203050290
04/24/26 09:55:30,7.64,124.40,14.27,12.76,2.86,461.18,7.00,85.50,1018.00,4.06,8.61,9.13,23.00,0.31,0,13.20,0.00,77.42,1,-14,2,0,-1,STAT,60,LAT,LON,W,ÿÿÿÿÿ,3660318901
04/24/26 09:56:32,7.63,127.84,13.25,11.50,4.21,463.98,6.90,84.50,1018.00,4.35,8.90,10.04,15.80,0.33,0,13.20,0.00,90.32,1,-15,2,0,0,STAT,60,LAT,LON,W,ÿÿÿÿÿ,2814030873
04/24/26 09:57:29,7.62,128.37,13.30,10.70,4.02,467.59,6.80,84.30,1018.00,4.42,9.66,10.14,19.00,0.30,0,13.20,0.00,90.32,1,-14,3,-1,0,STAT,60,LAT,LON,W,ÿÿÿÿÿ,1025564848
04/24/26 09:58:35,7.58,129.48,12.61,10.62,2.96,470.82,6.80,84.30,1018.00,4.62,9.28,9.69,17.80,0.28,0,13.20,0.00,77.42,1,-14,4,-1,-1,STAT,60,LAT,LON,W,ÿÿÿÿÿ,861138127
04/24/26 09:59:32,7.56,129.69,12.33,11.62,1.80,472.16,6.80,84.50,1018.00,4.39,8.04,8.33,5.40,0.22,0,13.20,0.00,90.32,1,-14,4,0,-1,STAT,60,LAT,LON,W,ÿÿÿÿÿ,1769648856
04/24/26 10:00:35,7.55,132.94,12.53,11.49,2.89,472.71,6.80,84.50,1018.00,4.46,8.41,8.71,6.70,0.21,0,13.20,0.00,93.55,1,-15,4,0,-1,STAT,60,LAT,LON,W,ÿÿÿÿÿ,1697338935
04/24/26 10:01:32,7.54,132.69,12.72,12.06,1.66,472.66,6.70,84.60,1018.00,4.38,8.50,8.86,15.00,0.20,0,13.20,0.00,74.19,1,-15,3,0,-1,STAT,60,LAT,LON,W,ÿÿÿÿÿ,2096557251
04/24/26 10:02:36,7.54,131.00,15.26,11.24,2.03,472.23,6.70,84.60,1018.00,4.20,9.27,9.52,19.30,0.22,0,13.20,0.00,77.42,1,-15,2,0,-1,STAT,60,LAT,LON,W,ÿÿÿÿÿ,3132655219
04/24/26 10:03:34,7.54,132.73,15.47,11.91,1.97,471.47,6.70,84.60,1018.00,3.90,8.29,8.41,28.10,0.27,0,13.20,0.00,74.19,1,-15,2,0,-1,STAT,60,LAT,LON,W,ÿÿÿÿÿ,4067279436
04/24/26 10:04:31,7.53,128.88,16.25,11.97,3.28,471.04,6.60,84.80,1018.00,3.95,8.04,8.08,32.20,0.29,0,13.20,0.00,74.19,1,-15,2,0,0,STAT,60,LAT,LON,W,ÿÿÿÿÿ,2105364999
04/24/26 10:05:35,7.48,129.61,16.60,10.69,6.19,469.88,6.60,85.10,1018.00,4.18,7.79,8.22,29.60,0.30,0,13.20,0.00,77.42,1,-16,1,-1,0,STAT,60,LAT,LON,W,ÿÿÿÿÿ,280584311
04/24/26 10:06:32,7.45,124.31,16.03,11.93,3.25,467.21,6.60,85.30,1018.00,4.23,7.59,7.91,29.30,0.28,0,13.20,0.00,80.65,1,-16,1,-1,-1,STAT,60,LAT,LON,W,ÿÿÿÿÿ,589589905
04/24/26 10:07:34,7.44,123.35,16.02,12.04,3.07,465.54,6.60,85.30,1018.00,4.29,8.34,8.51,18.10,0.24,0,13.20,0.00,77.42,1,-16,2,-1,-1,STAT,60,LAT,LON,W,ÿÿÿÿÿ,1695576569
04/24/26 10:08:31,7.44,125.83,14.23,11.89,1.96,466.32,6.60,84.90,1018.00,4.27,8.84,9.09,12.80,0.22,0,13.20,0.00,80.65,1,-16,2,0,0,STAT,60,LAT,LON,W,ÿÿÿÿÿ,591411460
04/24/26 10:09:33,7.44,125.11,13.34,12.34,0.98,468.90,6.60,84.60,1018.00,4.48,8.90,9.24,22.80,0.25,0,13.20,0.00,80.65,1,-14,2,0,-1,STAT,60,LAT,LON,W,ÿÿÿÿÿ,2357502416
04/24/26 10:10:36,7.43,135.63,14.22,12.45,0.56,473.44,6.50,84.40,1018.00,4.76,9.03,9.21,17.40,0.22,0,13.20,0.00,80.65,1,-17,2,0,0,STAT,60,LAT,LON,W,ÿÿÿÿÿ,581806815
04/24/26 10:11:33,7.40,145.04,14.56,12.69,-0.49,478.15,6.50,84.50,1018.00,6.05,11.13,11.98,17.00,0.22,0,13.20,0.00,80.65,1,-16,2,0,-1,STAT,60,LAT,LON,W,ÿÿÿÿÿ,130182361
04/24/26 10:12:33,7.36,142.08,13.83,11.61,0.95,482.01,6.40,84.50,1018.00,5.92,10.70,11.24,18.80,0.21,0,13.20,0.00,77.42,1,-16,4,0,-1,STAT,60,LAT,LON,W,ÿÿÿÿÿ,4168806092
04/24/26 10:13:36,7.35,143.28,14.62,10.79,1.74,486.58,6.40,84.60,1018.00,5.37,10.34,10.89,18.60,0.20,0,13.20,0.00,80.65,1,-16,2,0,-1,STAT,60,LAT,LON,W,ÿÿÿÿÿ,4101437042
04/24/26 10:14:34,7.34,146.92,12.89,11.10,1.86,490.85,6.40,84.80,1018.00,4.88,9.60,9.79,21.00,0.21,0,13.20,0.00,77.42,1,-15,2,0,0,STAT,60,LAT,LON,W,ÿÿÿÿÿ,219745942
04/24/26 10:15:37,7.34,148.34,15.82,11.02,2.78,492.66,6.30,84.90,1018.00,5.03,9.90,10.18,27.60,0.24,0,13.20,0.00,77.42,1,-13,1,0,0,STAT,60,LAT,LON,W,ÿÿÿÿÿ,1438489966
04/24/26 10:16:34,7.32,146.82,14.51,11.37,1.78,490.83,6.30,84.90,1018.00,4.86,9.39,9.81,28.50,0.23,0,13.20,0.00,80.65,1,-13,1,0,-1,STAT,60,LAT,LON,W,ÿÿÿÿÿ,3026906829
04/24/26 10:17:36,7.30,146.24,14.71,11.25,1.38,488.62,6.30,85.00,1018.00,4.96,9.24,9.49,22.50,0.22,0,13.20,0.00,77.42,1,-14,3,0,0,STAT,60,LAT,LON,W,ÿÿÿÿÿ,357822684
04/24/26 10:18:39,7.26,138.01,16.55,11.33,1.27,486.46,6.30,85.10,1018.00,4.45,8.56,8.91,27.60,0.25,0,13.16,0.00,129.03,1,-17,1,0,-1,STAT,60,LAT,LON,W,ÿÿÿÿÿ,1788641190
04/24/26 10:19:38,7.24,134.41,15.30,10.51,1.84,483.75,6.20,85.00,1018.00,4.36,9.07,9.24,25.60,0.22,0,13.20,0.00,90.32,1,-15,2,-1,0,STAT,60,LAT,LON,W,ÿÿÿÿÿ,3923229494
04/24/26 10:20:35,7.24,130.31,15.28,11.60,1.57,483.25,6.20,85.00,1018.00,4.07,9.08,9.41,28.80,0.24,0,13.20,0.00,90.32,1,-15,2,0,0,STAT,60,LAT,LON,W,ÿÿÿÿÿ,2851735567
04/24/26 10:21:37,7.24,128.69,14.27,12.04,1.43,482.47,6.20,84.90,1018.00,3.59,8.57,9.46,29.40,0.28,0,13.20,0.00,90.32,1,-17,2,0,0,STAT,60,LAT,LON,W,ÿÿÿÿÿ,3040667785
04/24/26 10:22:34,7.23,126.69,12.09,11.86,2.32,480.94,6.20,85.10,1018.00,4.24,8.99,9.50,29.60,0.28,0,13.20,0.00,93.55,1,-15,4,0,0,STAT,60,LAT,LON,W,ÿÿÿÿÿ,2427503884
04/24/26 10:23:36,7.21,132.23,15.40,11.61,2.15,478.93,6.20,85.10,1018.00,4.32,8.55,8.84,26.70,0.27,0,13.20,0.00,74.19,1,-18,2,0,0,STAT,60,LAT,LON,W,ÿÿÿÿÿ,4179536265
04/24/26 10:24:38,7.17,126.83,15.25,11.78,1.59,479.11,6.20,85.00,1018.00,4.02,7.82,8.59,23.50,0.26,0,13.20,0.00,77.42,1,-17,2,0,0,STAT,60,LAT,LON,W,ÿÿÿÿÿ,769533501
04/24/26 10:25:37,7.15,121.85,14.54,10.80,3.53,480.78,6.20,85.10,1018.00,3.71,7.70,8.30,26.20,0.26,0,13.20,0.00,77.42,1,-15,3,0,0,STAT,60,LAT,LON,W,ÿÿÿÿÿ,3113516759
04/24/26 10:26:35,7.14,120.81,15.07,11.31,3.30,480.23,6.20,85.40,1018.00,3.24,6.82,7.18,27.90,0.29,0,13.20,0.00,80.65,1,-14,2,-1,0,STAT,60,LAT,LON,W,ÿÿÿÿÿ,310618401
04/24/26 10:27:37,7.13,121.51,14.30,10.70,4.04,478.17,6.20,85.30,1018.00,3.63,8.72,9.18,25.70,0.26,0,13.20,0.00,77.42,1,-13,2,-1,0,STAT,60,LAT,LON,W,ÿÿÿÿÿ,1703724479
04/24/26 10:28:36,7.13,125.61,13.57,11.04,2.90,477.45,6.20,85.40,1018.00,4.06,7.97,8.64,26.90,0.28,0,13.20,0.00,90.32,1,-15,2,0,0,STAT,60,LAT,LON,W,ÿÿÿÿÿ,3694732888
04/24/26 10:29:34,7.12,127.65,14.02,10.89,2.48,477.26,6.20,85.30,1018.00,3.94,8.25,8.49,26.20,0.25,0,13.20,0.00,80.65,1,-15,2,0,0,STAT,60,LAT,LON,W,ÿÿÿÿÿ,100264758
04/24/26 10:30:37,7.08,130.31,13.64,10.56,2.62,477.74,6.10,85.20,1018.00,4.43,8.81,9.17,27.50,0.28,0,13.20,0.00,77.42,1,-15,2,-1,-1,STAT,60,LAT,LON,W,ÿÿÿÿÿ,3714247917
04/24/26 10:31:34,7.05,131.00,12.85,10.40,2.91,477.90,6.10,85.20,1018.00,4.87,9.11,9.35,28.60,0.29,0,13.20,0.00,77.42,1,-15,3,0,-1,STAT,60,LAT,LON,W,ÿÿÿÿÿ,3111963945
04/24/26 10:32:37,7.04,131.07,15.40,9.27,4.48,477.96,6.10,85.30,1018.00,4.89,8.77,9.59,27.70,0.25,0,13.20,0.00,80.65,1,-16,1,-2,0,STAT,60,LAT,LON,W,ÿÿÿÿÿ,1182432681
04/24/26 10:33:39,7.03,128.87,15.35,12.11,2.22,476.80,6.00,85.50,1018.00,4.49,8.52,9.44,31.20,0.26,0,13.20,0.00,80.65,1,-14,1,0,-1,STAT,60,LAT,LON,W,ÿÿÿÿÿ,2638387802
04/24/26 10:34:37,7.03,124.87,15.76,12.10,3.12,473.97,6.00,85.90,1018.00,4.20,8.42,9.38,31.80,0.28,0,13.20,0.00,77.42,1,-15,1,0,-1,STAT,60,LAT,LON,W,ÿÿÿÿÿ,399359740
04/24/26 10:35:39,7.02,121.93,14.64,11.77,4.19,470.17,6.10,86.10,1018.00,4.04,7.59,7.99,33.50,0.28,0,13.20,0.00,87.10,1,-15,1,0,0,STAT,60,LAT,LON,W,ÿÿÿÿÿ,1474177928
04/24/26 10:36:37,7.01,121.97,14.00,13.01,4.12,467.31,6.10,86.30,1018.00,4.09,7.09,7.49,28.10,0.25,0,13.20,0.00,90.32,1,-15,3,0,0,STAT,60,LAT,LON,W,ÿÿÿÿÿ,1563622780
04/24/26 10:37:39,6.98,121.81,15.06,12.61,2.27,464.88,6.10,86.30,1018.00,4.12,6.99,7.31,25.20,0.26,0,13.20,0.00,90.32,1,-15,2,0,-1,STAT,60,LAT,LON,W,ÿÿÿÿÿ,553141159
04/24/26 10:38:37,6.95,123.84,15.04,11.98,2.82,465.52,6.10,86.00,1018.00,4.55,7.59,7.87,14.30,0.27,0,13.20,0.00,80.65,1,-14,2,0,0,STAT,60,LAT,LON,W,ÿÿÿÿÿ,84756499
04/24/26 10:39:34,6.94,129.01,13.92,11.76,1.64,468.73,6.10,85.10,1018.00,4.57,7.89,8.19,7.90,0.26,0,13.20,0.00,80.65,1,-15,3,0,-1,STAT,60,LAT,LON,W,ÿÿÿÿÿ,3512150450
04/24/26 10:40:37,6.93,134.96,15.00,10.82,3.49,473.36,6.00,84.80,1018.00,4.72,8.92,9.27,6.60,0.22,0,13.20,0.00,80.65,1,-16,1,0,0,STAT,60,LAT,LON,W,ÿÿÿÿÿ,3956009797
04/24/26 10:41:35,6.93,134.00,15.44,11.21,2.08,475.83,6.00,84.80,1018.00,4.57,8.06,8.68,14.00,0.21,0,13.20,0.00,77.42,1,-14,1,0,0,STAT,60,LAT,LON,W,ÿÿÿÿÿ,2741303473
04/24/26 10:42:38,6.93,138.60,12.70,11.44,2.32,477.78,6.00,84.90,1018.00,4.84,9.01,9.85,8.80,0.20,0,13.20,0.00,77.42,1,-15,3,0,0,STAT,60,LAT,LON,W,ÿÿÿÿÿ,369297074
04/24/26 10:43:35,6.92,136.70,13.77,11.32,2.53,478.74,6.00,85.10,1018.00,4.77,10.22,10.52,25.60,0.24,0,13.20,0.00,80.65,1,-15,3,0,0,STAT,60,LAT,LON,W,ÿÿÿÿÿ,1851940005
04/24/26 10:44:38,6.91,134.51,13.24,12.21,3.13,476.39,6.00,85.50,1018.00,4.51,8.87,9.41,28.60,0.27,0,13.20,0.00,77.42,1,-15,4,0,0,STAT,60,LAT,LON,W,ÿÿÿÿÿ,2531905194
04/24/26 10:45:43,6.86,130.64,14.58,11.62,3.65,473.49,6.00,85.80,1019.00,4.75,9.11,9.40,28.80,0.27,0,13.20,0.00,90.32,1,-13,2,-1,0,STAT,60,LAT,LON,W,ÿÿÿÿÿ,1942270201
04/24/26 10:46:40,6.84,126.88,15.12,11.44,4.06,470.80,6.00,85.90,1019.00,4.30,8.30,8.92,24.70,0.24,0,13.20,0.00,90.32,1,-13,2,0,0,STAT,60,LAT,LON,W,ÿÿÿÿÿ,3773717494
04/24/26 10:47:37,6.83,122.49,15.14,12.05,2.94,468.85,5.90,86.10,1019.00,4.31,8.05,8.66,29.90,0.28,0,13.20,0.00,90.32,1,-14,1,0,0,STAT,60,LAT,LON,W,ÿÿÿÿÿ,4183859078
04/24/26 10:48:40,6.83,125.72,14.19,11.53,3.13,467.00,5.90,86.20,1019.00,4.54,7.99,8.99,26.10,0.25,0,13.20,0.00,80.65,1,-15,3,0,0,STAT,60,LAT,LON,W,ÿÿÿÿÿ,1977907222
04/24/26 10:49:38,6.83,124.09,13.89,11.78,2.47,466.39,5.90,86.10,1019.00,4.67,7.99,8.52,25.30,0.27,0,13.20,0.00,80.65,1,-14,3,0,-1,STAT,60,LAT,LON,W,ÿÿÿÿÿ,4229525300
04/24/26 10:50:40,6.83,123.94,14.09,11.54,2.00,467.10,6.00,85.90,1019.00,4.64,8.72,9.10,24.80,0.28,0,13.20,0.00,77.42,1,-14,3,0,-1,STAT,60,LAT,LON,W,ÿÿÿÿÿ,210110329
04/24/26 10:51:37,6.82,127.66,14.36,11.52,1.66,469.36,5.90,85.50,1019.00,4.19,7.78,7.94,24.20,0.26,0,13.20,0.00,74.19,1,-15,3,0,-1,STAT,60,LAT,LON,W,ÿÿÿÿÿ,3009810181
04/24/26 10:52:40,6.81,124.62,14.45,10.35,1.83,472.13,5.90,85.30,1019.00,4.34,7.62,7.92,22.10,0.22,0,13.20,0.00,77.42,1,-16,3,-1,-1,STAT,60,LAT,LON,W,ÿÿÿÿÿ,2286880527
04/24/26 10:53:37,6.80,123.50,14.62,10.20,2.11,474.40,5.90,85.20,1019.00,4.15,8.18,8.47,18.60,0.20,0,13.20,0.00,74.19,1,-17,2,-1,-1,STAT,60,LAT,LON,W,ÿÿÿÿÿ,205126086
04/24/26 10:54:40,6.75,120.55,14.35,11.36,1.23,475.79,5.80,85.20,1019.00,4.04,7.33,7.60,25.80,0.22,0,13.20,0.00,90.32,1,-15,2,0,-1,STAT,60,LAT,LON,W,ÿÿÿÿÿ,1641793956
04/24/26 10:55:37,6.73,123.05,13.73,10.43,1.49,476.53,5.80,85.20,1019.00,4.15,8.60,8.94,31.60,0.23,0,13.20,0.00,90.32,1,-14,3,0,-1,STAT,60,LAT,LON,W,ÿÿÿÿÿ,3927608714
04/24/26 10:56:40,6.73,124.03,13.99,10.79,1.35,479.43,5.70,85.10,1019.00,4.37,7.67,8.06,31.90,0.24,0,13.20,0.00,90.32,1,-13,3,0,0,STAT,60,LAT,LON,W,ÿÿÿÿÿ,2734155617
04/24/26 10:57:37,6.73,128.34,13.24,10.16,1.93,484.80,5.70,84.80,1019.00,4.66,8.83,9.26,31.80,0.22,0,13.20,0.00,90.32,1,-14,3,0,-1,STAT,60,LAT,LON,W,ÿÿÿÿÿ,40707545
04/24/26 10:58:40,6.72,126.89,13.60,10.50,2.63,490.52,5.70,84.70,1019.00,4.35,7.88,8.39,28.90,0.21,0,13.20,0.00,77.42,1,-13,4,0,0,STAT,60,LAT,LON,W,ÿÿÿÿÿ,1353638337
04/24/26 10:59:37,6.71,129.15,12.76,10.27,3.25,492.66,5.70,84.70,1019.00,4.07,7.54,7.95,33.80,0.22,0,13.20,0.00,74.19,1,-15,3,-1,0,STAT,60,LAT,LON,W,ÿÿÿÿÿ,302851446
04/24/26 11:00:41,6.68,130.19,12.24,11.93,1.56,491.89,5.60,85.00,1019.00,4.15,8.42,8.56,45.30,0.29,0,13.20,0.00,80.65,1,-16,4,0,0,STAT,60,LAT,LON,W,ÿÿÿÿÿ,2140844972
04/24/26 11:01:39,6.64,131.47,14.03,12.49,0.93,486.60,5.60,85.50,1019.00,4.38,7.65,7.96,47.50,0.33,0,13.20,0.00,93.55,1,-15,2,0,-1,STAT,60,LAT,LON,W,ÿÿÿÿÿ,2585324230
04/24/26 11:02:41,6.63,129.10,14.49,12.40,1.60,479.80,5.60,85.90,1019.00,4.15,8.33,8.47,46.60,0.31,0,13.20,0.00,80.65,1,-16,1,0,-1,STAT,60,LAT,LON,W,ÿÿÿÿÿ,2999629034
04/24/26 11:03:39,6.62,126.81,15.09,12.64,2.90,474.46,5.60,86.10,1019.00,3.72,7.38,7.63,45.20,0.30,0,13.20,0.00,77.42,1,-15,1,0,0,STAT,60,LAT,LON,W,ÿÿÿÿÿ,1069872084
04/24/26 11:04:41,6.62,121.11,13.44,11.84,4.66,470.34,5.60,86.30,1019.00,3.26,6.69,7.27,38.20,0.27,0,13.20,0.00,77.42,1,-14,2,0,0,STAT,60,LAT,LON,W,ÿÿÿÿÿ,3080664068
04/24/26 11:05:39,6.62,119.43,15.34,11.28,5.08,467.55,5.60,86.50,1019.00,3.08,7.49,7.68,32.90,0.23,0,13.20,0.00,90.32,1,-13,2,0,0,STAT,60,LAT,LON,W,ÿÿÿÿÿ,2392357420
04/24/26 11:06:39,6.62,115.43,13.71,10.78,4.38,465.96,5.70,86.50,1019.00,3.31,6.47,6.55,10.30,0.19,0,13.20,0.00,80.65,1,-15,2,0,0,STAT,60,LAT,LON,W,ÿÿÿÿÿ,1788957623
04/24/26 11:07:42,6.61,114.34,13.79,10.15,3.10,468.04,5.70,86.20,1019.00,3.43,6.53,6.60,13.60,0.19,0,13.20,0.00,119.35,1,-16,2,0,-1,STAT,60,LAT,LON,W,ÿÿÿÿÿ,51575239
04/24/26 11:08:39,6.60,117.25,14.44,10.96,2.63,472.71,5.70,86.00,1019.00,3.52,6.90,6.92,24.40,0.22,0,13.20,0.00,74.19,1,-16,2,0,0,STAT,60,LAT,LON,W,ÿÿÿÿÿ,3521875667
04/24/26 11:09:41,6.58,126.09,14.37,10.20,3.42,476.71,5.70,86.00,1019.00,3.52,7.29,7.54,26.10,0.25,0,13.20,0.00,87.10,1,-16,1,0,0,STAT,60,LAT,LON,W,ÿÿÿÿÿ,572063589
04/24/26 11:10:38,6.54,129.87,14.37,10.42,2.81,479.63,5.70,85.90,1019.00,3.64,7.79,7.87,25.70,0.24,0,13.20,0.00,93.55,1,-14,1,0,0,STAT,60,LAT,LON,W,ÿÿÿÿÿ,4237538451
04/24/26 11:11:41,6.53,130.63,15.78,11.01,0.36,481.73,5.60,85.70,1019.00,3.49,6.73,7.31,34.50,0.24,0,13.20,0.00,87.10,1,-16,2,0,-1,STAT,60,LAT,LON,W,ÿÿÿÿÿ,3424616267
04/24/26 11:12:38,6.52,126.32,15.78,11.10,1.10,484.64,5.50,85.40,1019.00,3.37,6.87,7.30,34.10,0.21,0,13.16,0.00,132.26,1,-15,1,0,0,STAT,60,LAT,LON,W,ÿÿÿÿÿ,4222566107
04/24/26 11:13:42,6.52,121.31,15.01,10.90,1.72,487.89,5.50,85.40,1019.00,3.46,7.63,8.27,34.30,0.24,0,13.20,0.00,77.42,1,-13,1,0,0,STAT,60,LAT,LON,W,ÿÿÿÿÿ,956739289
04/24/26 11:14:39,6.52,126.84,14.69,10.77,1.63,489.11,5.50,85.40,1019.00,3.29,6.73,6.95,30.30,0.21,0,13.20,0.00,77.42,1,-14,2,0,-1,STAT,60,LAT,LON,W,ÿÿÿÿÿ,2109916933
04/24/26 11:15:42,6.52,123.51,13.60,10.86,2.43,489.04,5.50,85.40,1019.00,3.75,7.68,8.02,29.10,0.21,0,13.20,0.00,103.23,1,-13,2,0,0,STAT,60,LAT,LON,W,ÿÿÿÿÿ,290096752
04/24/26 11:16:39,6.51,121.88,15.36,11.09,2.67,488.72,5.40,85.50,1019.00,3.67,7.28,7.66,27.30,0.21,0,13.20,0.00,93.55,1,-15,1,0,0,STAT,60,LAT,LON,W,ÿÿÿÿÿ,2716747107
04/24/26 11:17:41,6.50,120.38,13.27,11.67,1.50,486.87,5.40,85.60,1019.00,3.44,7.22,7.99,21.60,0.20,0,13.20,0.00,90.32,1,-15,3,0,0,STAT,60,LAT,LON,W,ÿÿÿÿÿ,2178553024
04/24/26 11:18:39,6.45,118.47,14.17,11.12,0.90,483.40,5.40,85.70,1019.00,3.33,6.79,7.28,29.90,0.20,0,13.20,0.00,93.55,1,-13,3,0,-1,STAT,60,LAT,LON,W,ÿÿÿÿÿ,731967042
04/24/26 11:19:42,6.43,125.28,12.84,8.53,3.37,481.28,5.40,85.70,1019.00,3.45,7.46,7.64,22.00,0.20,0,13.20,0.00,77.42,1,-14,3,-3,-1,STAT,60,LAT,LON,W,ÿÿÿÿÿ,2031372490
04/24/26 11:20:40,6.42,122.14,13.12,8.93,3.71,481.62,5.40,85.70,1019.00,3.45,6.57,6.81,26.20,0.22,0,13.20,0.00,93.55,1,-12,3,-1,0,STAT,60,LAT,LON,W,ÿÿÿÿÿ,3786563821
04/24/26 11:21:43,6.42,116.80,14.97,10.16,1.61,484.15,5.30,85.50,1019.00,3.13,5.80,6.17,30.50,0.22,0,13.20,0.00,80.65,1,-12,2,0,0,STAT,60,LAT,LON,W,ÿÿÿÿÿ,1447246116
04/24/26 11:22:40,6.42,118.73,16.38,10.61,1.45,486.49,5.30,85.20,1019.00,3.33,6.93,7.17,41.90,0.28,0,13.20,0.00,77.42,1,-13,1,0,-1,STAT,60,LAT,LON,W,ÿÿÿÿÿ,2934390108
04/24/26 11:23:43,6.41,122.46,13.67,11.35,1.74,486.41,5.30,85.30,1019.00,3.31,6.27,6.35,52.00,0.36,0,13.20,0.00,80.65,1,-14,2,0,0,STAT,60,LAT,LON,W,ÿÿÿÿÿ,847486779
04/24/26 11:24:41,6.40,123.35,12.93,12.39,0.32,483.55,5.20,85.60,1019.00,3.39,7.10,7.14,48.00,0.33,0,13.20,0.00,77.42,1,-14,3,0,0,STAT,60,LAT,LON,W,ÿÿÿÿÿ,1516038994
04/24/26 11:25:38,6.37,120.44,14.29,12.15,0.78,480.23,5.20,86.00,1019.00,3.31,6.60,7.51,44.60,0.35,0,13.20,0.00,80.65,1,-14,2,0,0,STAT,60,LAT,LON,W,ÿÿÿÿÿ,2940758708
04/24/26 11:26:45,6.33,122.90,14.74,10.45,3.26,476.82,5.20,86.20,1019.00,3.11,6.73,7.46,48.30,0.33,0,13.20,0.00,93.55,1,-15,2,-1,-1,STAT,60,LAT,LON,W,ÿÿÿÿÿ,3226056391
04/24/26 11:27:42,6.32,119.31,13.07,11.04,2.04,473.93,5.20,86.40,1019.00,3.29,7.35,7.61,47.10,0.30,0,13.20,0.00,77.42,1,-15,4,0,-1,STAT,60,LAT,LON,W,ÿÿÿÿÿ,2951811675
04/24/26 11:28:41,6.32,118.16,12.83,11.81,2.28,472.74,5.20,86.50,1019.00,3.95,8.10,8.19,43.40,0.28,0,13.20,0.00,77.42,1,-15,3,0,0,STAT,60,LAT,LON,W,ÿÿÿÿÿ,2078034312
04/24/26 11:29:44,6.32,118.72,12.81,12.88,1.38,472.26,5.20,86.60,1019.00,3.94,7.92,8.20,45.50,0.26,0,13.20,0.00,80.65,1,-13,3,0,0,STAT,60,LAT,LON,W,ÿÿÿÿÿ,3541908792
04/24/26 11:30:41,6.31,123.56,14.05,11.31,1.82,472.10,5.20,86.50,1019.00,3.92,7.01,7.46,36.90,0.22,0,13.20,0.00,80.65,1,-15,2,0,-1,STAT,60,LAT,LON,W,ÿÿÿÿÿ,3127376907
04/24/26 11:31:44,6.31,123.19,13.78,10.60,3.51,472.12,5.20,86.50,1019.00,3.56,6.73,6.89,39.30,0.22,0,13.20,0.00,80.65,1,-15,2,-1,0,STAT,60,LAT,LON,W,ÿÿÿÿÿ,1323768717
04/24/26 11:32:43,6.31,123.55,13.17,11.36,2.47,472.66,5.20,86.50,1019.00,3.74,7.91,8.53,45.50,0.29,0,13.20,0.00,80.65,1,-14,3,0,0,STAT,60,LAT,LON,W,ÿÿÿÿÿ,4082670749
04/24/26 11:33:41,6.30,123.00,13.55,10.59,2.69,472.87,5.10,86.60,1019.00,3.83,7.51,8.05,44.90,0.26,0,13.20,0.00,77.42,1,-15,3,0,-1,STAT,60,LAT,LON,W,ÿÿÿÿÿ,1667137747
04/24/26 11:34:43,6.29,122.77,13.60,10.67,2.32,473.04,5.10,86.60,1019.00,3.92,7.96,8.16,51.60,0.30,0,13.20,0.00,77.42,1,-15,2,-1,-1,STAT,60,LAT,LON,W,ÿÿÿÿÿ,2507600010
04/24/26 11:35:42,6.26,118.71,14.85,10.75,3.77,472.56,5.10,86.80,1019.00,3.39,7.88,8.07,49.30,0.31,0,13.20,0.00,77.42,1,-12,2,-1,-1,STAT,60,LAT,LON,W,ÿÿÿÿÿ,178339709
04/24/26 11:36:45,6.23,119.92,15.06,10.79,3.53,471.55,5.10,87.00,1019.00,3.47,6.98,7.05,45.20,0.26,0,13.20,0.00,93.55,1,-14,1,-1,0,STAT,60,LAT,LON,W,ÿÿÿÿÿ,4089185440
04/24/26 11:37:42,6.22,119.92,14.20,11.43,3.03,470.67,5.20,87.10,1019.00,3.30,7.68,7.89,39.60,0.27,0,13.20,0.00,90.32,1,-13,2,0,0,STAT,60,LAT,LON,W,ÿÿÿÿÿ,2182336241
04/24/26 11:38:44,6.21,118.65,14.49,12.03,2.89,468.51,5.20,87.20,1019.00,3.61,7.81,7.88,32.70,0.27,0,13.20,0.00,87.10,1,-14,2,0,0,STAT,60,LAT,LON,W,ÿÿÿÿÿ,2860571716
04/24/26 11:39:42,6.21,117.10,16.50,10.55,3.80,467.58,5.20,87.20,1019.00,3.95,8.01,8.32,29.60,0.23,0,13.16,0.00,83.87,1,-14,0,-2,0,STAT,60,LAT,LON,W,ÿÿÿÿÿ,679058568
04/24/26 11:40:45,6.21,117.71,12.90,11.37,1.66,467.75,5.20,87.20,1019.00,3.58,7.62,7.76,26.10,0.20,0,13.20,0.00,74.19,1,-16,3,0,-1,STAT,60,LAT,LON,W,ÿÿÿÿÿ,416543620
04/24/26 11:41:42,6.21,117.75,14.21,10.83,1.93,467.90,5.20,87.10,1019.00,3.73,7.74,8.39,16.30,0.18,0,13.20,0.00,90.32,1,-18,2,0,-1,STAT,60,LAT,LON,W,ÿÿÿÿÿ,3964309941
04/24/26 11:42:45,6.21,116.08,15.02,11.39,1.36,469.43,5.20,87.00,1019.00,3.91,7.30,7.75,23.90,0.18,0,13.20,0.00,93.55,1,-15,1,0,0,STAT,60,LAT,LON,W,ÿÿÿÿÿ,669429116
04/24/26 11:43:42,6.21,113.49,15.86,10.37,1.77,471.67,5.20,87.00,1019.00,3.98,8.05,8.21,21.50,0.17,0,13.20,0.00,80.65,1,-13,2,0,0,STAT,60,LAT,LON,W,ÿÿÿÿÿ,12668566
04/24/26 11:44:45,6.21,115.59,14.62,10.68,1.81,474.45,5.20,86.90,1019.00,3.77,6.73,7.51,30.70,0.21,0,13.20,0.00,77.42,1,-14,3,0,0,STAT,60,LAT,LON,W,ÿÿÿÿÿ,147375667
04/24/26 11:45:43,6.21,118.90,15.35,10.68,1.91,477.33,5.20,86.70,1019.00,3.26,7.20,7.65,28.30,0.19,0,13.20,0.00,80.65,1,-15,1,-1,0,STAT,60,LAT,LON,W,ÿÿÿÿÿ,119033384
04/24/26 11:46:43,6.20,114.19,15.93,9.99,2.03,480.45,5.10,86.60,1019.00,3.43,7.36,7.65,29.80,0.19,0,13.20,0.00,80.65,1,-14,2,-1,-1,STAT,60,LAT,LON,W,ÿÿÿÿÿ,2471723864
04/24/26 11:47:46,6.19,115.22,14.49,10.69,1.65,482.33,5.10,86.60,1019.00,3.43,7.23,7.68,30.60,0.19,0,13.20,0.00,77.42,1,-15,2,-1,-1,STAT,60,LAT,LON,W,ÿÿÿÿÿ,3075239151
04/24/26 11:48:43,6.16,116.09,15.50,11.75,0.96,482.96,5.10,86.50,1019.00,3.71,7.57,7.84,26.90,0.20,0,13.20,0.00,80.65,1,-15,1,0,-1,STAT,60,LAT,LON,W,ÿÿÿÿÿ,3350906717
04/24/26 11:49:46,6.13,115.55,14.11,11.13,1.16,482.99,5.10,86.50,1019.00,3.80,7.56,7.65,38.80,0.24,0,13.20,0.00,77.42,1,-14,2,0,0,STAT,60,LAT,LON,W,ÿÿÿÿÿ,2714352586
04/24/26 11:50:43,6.12,116.62,14.92,11.05,2.10,482.37,5.00,86.60,1019.00,3.75,7.03,7.25,45.10,0.27,0,13.20,0.00,90.32,1,-13,1,0,0,STAT,60,LAT,LON,W,ÿÿÿÿÿ,2038687360
04/24/26 11:51:46,6.11,115.45,13.82,10.65,3.09,480.99,5.00,86.70,1019.00,3.86,7.36,7.44,51.40,0.32,0,13.20,0.00,90.32,1,-13,2,0,0,STAT,60,LAT,LON,W,ÿÿÿÿÿ,4083451823
04/24/26 11:52:43,6.11,114.53,12.29,10.69,2.40,479.13,5.00,86.70,1019.00,3.55,6.68,7.39,52.00,0.35,0,13.20,0.00,90.32,1,-13,3,0,-1,STAT,60,LAT,LON,W,ÿÿÿÿÿ,2893758669
04/24/26 11:53:46,6.11,114.12,15.93,9.93,3.48,477.25,5.00,86.80,1019.00,3.41,6.74,7.16,50.50,0.33,0,13.20,0.00,77.42,1,-14,0,-1,-1,STAT,60,LAT,LON,W,ÿÿÿÿÿ,4015093355
04/24/26 11:54:43,6.11,115.57,13.94,11.20,3.45,475.57,5.00,86.90,1019.00,3.84,7.71,7.90,51.70,0.35,0,13.20,0.00,74.19,1,-14,1,-1,-1,STAT,60,LAT,LON,W,ÿÿÿÿÿ,575538655
04/24/26 11:55:45,6.11,112.76,14.07,10.79,3.66,473.36,5.00,87.00,1019.00,3.52,7.83,8.08,40.40,0.31,0,13.20,0.00,90.32,1,-14,2,0,-1,STAT,60,LAT,LON,W,ÿÿÿÿÿ,638201791
04/24/26 11:56:48,6.11,110.67,14.18,10.94,2.58,472.63,5.00,87.00,1019.00,4.11,7.64,7.79,32.10,0.26,0,13.20,0.00,80.65,1,-12,1,0,0,STAT,60,LAT,LON,W,ÿÿÿÿÿ,1236257585
04/24/26 11:57:46,6.10,113.14,14.20,11.22,2.27,473.35,5.00,86.80,1019.00,3.65,6.69,6.74,28.30,0.23,0,13.20,0.00,77.42,1,-15,2,0,-1,STAT,60,LAT,LON,W,ÿÿÿÿÿ,2740790648
04/24/26 11:58:44,6.09,110.03,12.70,10.59,1.18,475.92,5.00,86.70,1019.00,3.76,6.78,7.05,19.10,0.20,0,13.20,0.00,93.55,1,-13,3,0,-1,STAT,60,LAT,LON,W,ÿÿÿÿÿ,3974178138
04/24/26 11:59:47,6.09,112.03,12.90,11.62,0.63,479.62,5.00,86.60,1019.00,3.51,6.68,6.91,25.90,0.21,0,13.20,0.00,93.55,1,-13,3,0,0,STAT,60,LAT,LON,W,ÿÿÿÿÿ,776359289
04/24/26 12:00:46,6.06,114.14,14.08,10.75,1.89,481.86,5.00,86.50,1019.00,4.01,7.23,7.40,21.00,0.19,0,13.20,0.00,87.10,1,-15,1,0,-1,STAT,60,LAT,LON,W,ÿÿÿÿÿ,4266965983
04/24/26 12:01:44,6.03,114.53,15.28,10.74,2.74,482.77,5.00,86.50,1019.00,3.94,6.79,6.92,35.30,0.22,0,13.20,0.00,74.19,1,-15,2,0,0,STAT,60,LAT,LON,W,ÿÿÿÿÿ,1469817110
04/24/26 12:02:47,6.01,115.43,14.13,11.03,2.82,482.92,5.00,86.60,1019.00,3.38,6.35,7.21,29.70,0.20,0,13.20,0.00,77.42,1,-15,2,0,0,STAT,60,LAT,LON,W,ÿÿÿÿÿ,477528515
04/24/26 12:03:45,6.01,113.56,15.44,10.07,1.92,482.27,5.00,86.60,1019.00,3.77,7.46,8.26,26.40,0.18,0,13.20,0.00,77.42,1,-15,2,-1,-1,STAT,60,LAT,LON,W,ÿÿÿÿÿ,2789317360
04/24/26 12:04:47,6.01,115.20,14.24,9.94,2.97,481.16,4.90,86.60,1019.00,3.60,6.95,8.07,32.00,0.19,0,13.20,0.00,87.10,1,-15,2,0,0,STAT,60,LAT,LON,W,ÿÿÿÿÿ,4065309638
04/24/26 12:05:45,6.01,114.92,13.75,10.65,2.00,480.71,4.90,86.60,1019.00,3.34,6.91,8.04,31.10,0.22,0,13.20,0.00,90.32,1,-14,3,0,-1,STAT,60,LAT,LON,W,ÿÿÿÿÿ,2043168663
04/24/26 12:06:43,6.01,117.19,15.00,9.68,1.72,481.38,4.90,86.50,1019.00,3.24,6.30,7.24,35.30,0.22,0,13.16,0.00,87.10,1,-14,2,-1,-1,STAT,60,LAT,LON,W,ÿÿÿÿÿ,2715166398
04/24/26 12:07:46,6.01,118.87,17.07,12.71,-2.13,482.70,4.80,86.40,1019.00,3.67,6.54,7.29,46.70,0.25,0,13.20,0.00,77.42,1,-13,1,1,-2,STAT,60,LAT,LON,W,ÿÿÿÿÿ,45446982
04/24/26 12:08:48,6.00,119.06,14.75,11.94,0.01,482.54,4.80,86.40,1019.00,3.83,6.80,7.83,43.90,0.27,0,13.20,0.00,74.19,1,-13,1,0,-1,STAT,60,LAT,LON,W,ÿÿÿÿÿ,1710392120
04/24/26 12:09:46,5.99,117.53,15.33,11.81,1.26,482.21,4.80,86.50,1019.00,3.96,6.86,7.43,38.00,0.23,0,13.20,0.00,90.32,1,-14,2,0,0,STAT,60,LAT,LON,W,ÿÿÿÿÿ,2429277996
04/24/26 12:10:44,5.98,116.90,15.43,10.56,1.54,482.08,4.80,86.40,1019.00,3.76,7.03,7.79,29.00,0.21,0,13.20,0.00,77.42,1,-14,2,0,0,STAT,60,LAT,LON,W,ÿÿÿÿÿ,611740740
04/24/26 12:11:46,5.95,121.00,15.41,10.45,2.35,482.03,4.80,86.50,1019.00,3.87,7.44,7.96,32.00,0.21,0,13.20,0.00,80.65,1,-15,2,0,0,STAT,60,LAT,LON,W,ÿÿÿÿÿ,2766180222
04/24/26 12:12:44,5.92,117.33,15.26,10.74,2.34,482.01,4.80,86.50,1019.00,4.17,8.15,8.86,36.40,0.23,0,13.20,0.00,77.42,1,-13,2,0,0,STAT,60,LAT,LON,W,ÿÿÿÿÿ,1259950486
04/24/26 12:13:47,5.91,113.26,14.94,9.79,2.90,482.00,4.80,86.50,1019.00,3.93,7.09,7.46,39.60,0.24,0,13.16,0.00,103.23,1,-15,2,-1,-1,STAT,60,LAT,LON,W,ÿÿÿÿÿ,3480928743
04/24/26 12:14:45,5.91,113.76,14.83,10.55,2.67,482.00,4.80,86.60,1019.00,3.34,6.56,6.69,47.70,0.31,0,13.20,0.00,77.42,1,-14,2,0,0,STAT,60,LAT,LON,W,ÿÿÿÿÿ,367503618
04/24/26 12:15:47,5.90,115.07,13.88,10.83,2.28,480.89,4.80,86.70,1019.00,3.25,7.09,7.29,47.10,0.31,0,13.20,0.00,77.42,1,-15,2,0,-1,STAT,60,LAT,LON,W,ÿÿÿÿÿ,1287428796
04/24/26 12:16:50,5.90,109.61,11.45,10.68,3.30,479.21,4.80,86.90,1019.00,3.47,7.04,7.32,50.50,0.31,0,13.20,0.00,93.55,1,-13,4,0,0,STAT,60,LAT,LON,W,ÿÿÿÿÿ,3655789313
04/24/26 12:17:48,5.90,110.59,14.55,10.63,4.38,476.91,4.80,87.10,1019.00,3.33,6.69,7.24,52.30,0.32,0,13.20,0.00,80.65,1,-12,2,0,0,STAT,60,LAT,LON,W,ÿÿÿÿÿ,1631553634
04/24/26 12:18:46,5.90,112.12,15.80,10.82,3.55,475.74,4.80,87.30,1019.00,3.68,7.81,8.66,54.80,0.36,0,13.20,0.00,77.42,1,-14,1,0,-1,STAT,60,LAT,LON,W,ÿÿÿÿÿ,1904292478
04/24/26 12:19:49,5.90,112.20,15.11,11.49,3.94,474.11,4.80,87.40,1019.00,3.76,7.44,8.08,50.50,0.31,0,13.20,0.00,77.42,1,-14,1,0,0,STAT,60,LAT,LON,W,ÿÿÿÿÿ,3388115690
04/24/26 12:20:46,5.90,115.27,16.95,11.18,3.40,473.43,4.80,87.50,1019.00,3.26,7.12,8.12,43.10,0.28,0,13.20,0.00,80.65,1,-13,0,0,0,STAT,60,LAT,LON,W,ÿÿÿÿÿ,2626507676
04/24/26 12:21:49,5.90,110.88,15.60,11.19,3.94,473.15,4.80,87.60,1019.00,2.80,6.22,6.58,47.10,0.30,0,13.20,0.00,80.65,1,-12,1,-1,-1,STAT,60,LAT,LON,W,ÿÿÿÿÿ,764817476
04/24/26 12:22:47,5.90,112.86,14.41,11.79,2.65,473.35,4.80,87.60,1019.00,2.93,5.93,6.51,41.40,0.27,0,13.20,0.00,77.42,1,-14,2,0,-1,STAT,60,LAT,LON,W,ÿÿÿÿÿ,1494306200
04/24/26 12:23:49,5.90,111.90,13.46,12.10,3.20,472.91,4.80,87.70,1019.00,2.94,6.35,6.65,47.70,0.31,0,13.20,0.00,80.65,1,-14,2,0,-1,STAT,60,LAT,LON,W,ÿÿÿÿÿ,1136289846
04/24/26 12:24:47,5.90,110.49,13.49,12.06,3.50,470.75,4.90,87.90,1019.00,2.83,6.59,6.75,50.00,0.32,0,13.20,0.00,74.19,1,-12,2,0,-1,STAT,60,LAT,LON,W,ÿÿÿÿÿ,2799155291
04/24/26 12:25:49,5.90,110.03,15.80,11.87,4.42,468.97,4.90,88.00,1019.00,2.77,5.86,6.32,52.90,0.32,0,13.20,0.00,90.32,1,-12,1,0,0,STAT,60,LAT,LON,W,ÿÿÿÿÿ,1063438476
04/24/26 12:26:48,5.90,109.99,15.12,12.40,3.78,468.21,4.90,88.20,1019.00,2.70,5.86,6.75,54.50,0.33,0,13.20,0.00,80.65,1,-12,1,0,0,STAT,60,LAT,LON,W,ÿÿÿÿÿ,3019668929
04/24/26 12:27:47,5.90,113.21,15.44,13.24,3.36,466.98,4.90,88.30,1019.00,3.21,6.51,7.01,56.40,0.36,0,13.20,0.00,87.10,1,-14,1,0,-1,STAT,60,LAT,LON,W,ÿÿÿÿÿ,1636879276
04/24/26 12:28:51,5.90,112.49,14.55,12.64,3.17,465.70,4.90,88.30,1019.00,3.35,7.15,7.33,55.30,0.36,0,13.20,0.00,77.42,1,-13,2,0,-1,STAT,60,LAT,LON,W,ÿÿÿÿÿ,3762610351
04/24/26 12:29:48,5.90,109.43,13.04,12.51,3.22,464.77,5.00,88.30,1019.00,3.15,6.86,7.20,49.20,0.32,0,13.20,0.00,80.65,1,-16,3,0,-1,STAT,60,LAT,LON,W,ÿÿÿÿÿ,3788896406
04/24/26 12:30:51,5.90,110.65,13.67,11.97,3.44,464.27,5.00,88.30,1019.00,2.81,6.46,6.77,47.40,0.31,0,13.20,0.00,77.42,1,-13,2,0,-1,STAT,60,LAT,LON,W,ÿÿÿÿÿ,2741903432
04/24/26 12:31:48,5.90,110.53,14.17,12.25,3.71,464.10,5.00,88.30,1019.00,3.03,7.03,7.13,46.20,0.33,0,13.20,0.00,74.19,1,-14,2,0,-1,STAT,60,LAT,LON,W,ÿÿÿÿÿ,3067818285
04/24/26 12:32:52,5.90,110.50,12.92,12.40,2.67,464.04,5.10,88.30,1019.00,2.98,7.21,7.35,38.40,0.25,0,13.20,0.00,74.19,1,-13,3,0,-1,STAT,60,LAT,LON,W,ÿÿÿÿÿ,469572178
04/24/26 12:33:50,5.90,110.34,14.34,11.52,2.87,464.37,5.00,88.20,1019.00,2.75,6.44,6.49,34.40,0.25,0,13.16,0.00,80.65,1,-15,3,0,0,STAT,60,LAT,LON,W,ÿÿÿÿÿ,1074920971
04/24/26 12:34:47,5.90,110.33,12.83,10.77,2.47,466.85,5.00,87.90,1019.00,2.84,5.70,5.71,41.20,0.23,0,13.20,0.00,77.42,1,-15,4,0,-1,STAT,60,LAT,LON,W,ÿÿÿÿÿ,499732804
04/24/26 12:35:49,5.90,106.96,13.27,10.78,2.96,471.29,5.00,87.60,1019.00,2.57,5.80,6.16,45.30,0.30,0,13.20,0.00,80.65,1,-12,3,0,-1,STAT,60,LAT,LON,W,ÿÿÿÿÿ,2987638620
04/24/26 12:36:52,5.90,110.54,13.70,10.77,3.32,473.69,5.00,87.50,1019.00,3.02,6.16,6.45,44.50,0.28,0,13.20,0.00,77.42,1,-13,3,0,-1,STAT,60,LAT,LON,W,ÿÿÿÿÿ,197229277
04/24/26 12:37:50,5.90,109.66,14.21,10.55,3.20,474.50,5.00,87.50,1019.00,2.83,5.08,5.19,40.70,0.27,0,13.20,0.00,90.32,1,-12,3,0,-1,STAT,60,LAT,LON,W,ÿÿÿÿÿ,2959122945
04/24/26 12:38:48,5.90,109.45,14.49,10.75,2.32,474.35,5.00,87.40,1019.00,2.96,6.17,6.21,38.20,0.26,0,13.20,0.00,74.19,1,-12,2,0,-2,STAT,60,LAT,LON,W,ÿÿÿÿÿ,1275662713
04/24/26 12:39:50,5.90,110.18,13.21,11.19,2.58,474.12,5.00,87.30,1019.00,2.86,6.14,6.59,38.40,0.23,1,13.20,0.00,82.97,1,-13,3,0,-1,STAT,60,LAT,LON,W,ÿÿÿÿÿ,628690914
04/24/26 12:40:48,5.90,112.84,15.37,10.10,4.72,472.90,5.00,87.30,1019.00,2.70,6.72,7.13,36.30,0.24,1,13.16,0.00,89.00,1,-13,1,-1,-1,STAT,60,LAT,LON,W,ÿÿÿÿÿ,516613702
04/24/26 12:41:51,5.90,110.88,16.09,10.53,3.97,471.13,4.90,87.40,1019.00,2.63,6.64,6.82,39.40,0.23,1,13.16,0.00,89.01,1,-13,0,-1,-1,STAT,60,LAT,LON,W,ÿÿÿÿÿ,3773447570
04/24/26 12:42:48,5.90,110.31,13.10,10.63,4.14,470.43,4.90,87.40,1019.00,2.84,6.14,6.34,38.70,0.22,1,13.20,0.00,81.83,1,-12,3,-1,-1,STAT,60,LAT,LON,W,ÿÿÿÿÿ,2060030615
04/24/26 12:43:51,5.90,108.89,13.07,10.63,4.44,469.45,5.00,87.40,1019.00,2.58,5.66,5.91,35.00,0.21,1,13.20,0.00,80.08,1,-12,3,0,0,STAT,60,LAT,LON,W,ÿÿÿÿÿ,2253182894
04/24/26 12:44:49,5.90,109.39,14.80,10.60,3.19,469.86,5.00,87.40,1019.00,2.48,5.29,5.38,27.10,0.19,1,13.20,0.00,78.78,1,-14,1,-1,-1,STAT,60,LAT,LON,W,ÿÿÿÿÿ,1052372832
04/24/26 12:45:51,5.90,105.52,13.81,11.69,1.67,471.21,4.90,87.30,1019.00,2.12,4.73,5.21,40.40,0.22,1,13.20,0.00,78.76,1,-15,2,0,0,STAT,60,LAT,LON,W,ÿÿÿÿÿ,3837953693
04/24/26 12:46:49,5.90,105.97,14.58,10.73,4.01,472.69,4.90,87.30,1019.00,2.59,5.36,5.53,39.70,0.25,1,13.20,0.00,78.85,1,-13,2,-1,0,STAT,60,LAT,LON,W,ÿÿÿÿÿ,3472516340
04/24/26 12:47:49,5.90,103.19,14.70,11.70,3.03,473.50,4.90,87.30,1019.00,2.62,5.33,5.53,40.90,0.23,1,13.20,0.00,95.77,1,-12,2,0,-1,STAT,60,LAT,LON,W,ÿÿÿÿÿ,3204404007
04/24/26 12:48:52,5.90,104.59,13.81,10.46,4.64,473.82,4.90,87.30,1019.00,3.04,5.53,5.92,39.50,0.29,1,13.16,0.00,89.61,1,-13,3,-1,-1,STAT,60,LAT,LON,W,ÿÿÿÿÿ,2019913742
04/24/26 12:49:50,5.90,105.80,14.57,10.95,4.77,473.09,4.90,87.40,1019.00,2.82,5.82,5.95,27.80,0.20,1,13.20,0.00,88.41,1,-14,2,0,-1,STAT,60,LAT,LON,W,ÿÿÿÿÿ,4087274537
04/24/26 12:50:53,5.89,102.28,13.02,10.71,2.42,472.70,5.00,87.30,1019.00,2.73,5.32,5.55,13.50,0.18,1,13.20,0.00,80.32,1,-14,3,0,-1,STAT,60,LAT,LON,W,ÿÿÿÿÿ,1883884576
04/24/26 12:51:51,5.88,102.66,13.02,10.21,2.64,474.45,5.00,87.20,1019.00,2.56,5.03,5.11,1.60,0.17,1,13.20,0.00,78.80,1,-14,3,0,-1,STAT,60,LAT,LON,W,ÿÿÿÿÿ,4066341073
04/24/26 12:52:54,5.88,101.49,14.37,10.52,1.03,475.86,5.00,87.00,1019.00,2.33,4.80,4.83,1.80,0.16,1,13.16,0.00,80.48,1,-14,1,0,-1,STAT,60,LAT,LON,W,ÿÿÿÿÿ,1864891457
04/24/26 12:53:52,5.87,102.82,13.82,9.28,2.36,477.47,5.00,86.90,1019.00,2.48,5.18,5.43,11.80,0.18,1,13.20,0.00,79.51,1,-14,2,0,-1,STAT,60,LAT,LON,W,ÿÿÿÿÿ,518636868
04/24/26 12:54:49,5.85,104.00,13.44,9.44,2.65,478.64,4.90,86.70,1019.00,2.49,5.93,6.12,23.50,0.19,1,13.20,0.00,86.31,1,-13,3,-1,0,STAT,60,LAT,LON,W,ÿÿÿÿÿ,3691053243
04/24/26 12:55:52,5.82,106.60,13.48,10.00,2.21,479.52,4.90,86.60,1019.00,2.55,5.21,5.51,26.50,0.20,1,13.16,0.00,87.93,1,-15,2,0,0,STAT,60,LAT,LON,W,ÿÿÿÿÿ,3659208702
04/24/26 12:56:49,5.81,103.48,14.46,10.86,1.87,479.77,4.90,86.50,1019.00,2.39,4.66,4.77,23.70,0.17,1,13.16,0.00,88.72,1,-14,1,0,0,STAT,60,LAT,LON,W,ÿÿÿÿÿ,1914426222
04/24/26 12:57:52,5.80,104.51,15.07,9.76,2.93,479.92,4.90,86.40,1019.00,2.14,4.26,4.59,20.50,0.16,1,13.20,0.00,91.37,1,-14,2,0,0,STAT,60,LAT,LON,W,ÿÿÿÿÿ,2439250442
04/24/26 12:58:50,5.80,102.41,13.02,9.26,3.15,479.97,4.80,86.30,1019.00,2.17,3.73,4.01,21.10,0.16,1,13.20,0.00,81.98,1,-11,3,-1,-1,STAT,60,LAT,LON,W,ÿÿÿÿÿ,1540356713
04/24/26 12:59:52,5.80,105.89,12.82,9.90,2.43,479.99,4.80,86.30,1019.00,2.44,4.11,4.42,35.90,0.20,1,13.20,0.00,80.78,1,-12,3,0,-1,STAT,60,LAT,LON,W,ÿÿÿÿÿ,3166690267
04/24/26 13:00:58,5.80,105.59,13.48,10.82,1.28,480.00,4.80,86.30,1019.00,2.96,5.66,6.25,48.20,0.28,1,13.16,0.00,87.01,1,-13,2,0,-1,STAT,60,LAT,LON,W,ÿÿÿÿÿ,1644063617
04/24/26 13:01:55,5.80,105.01,13.18,10.92,2.34,479.65,4.70,86.30,1019.00,2.77,5.35,5.64,50.20,0.29,1,13.20,0.00,82.90,1,-12,2,0,-1,STAT,60,LAT,LON,W,ÿÿÿÿÿ,1592963620
04/24/26 13:02:54,5.79,103.64,13.03,10.13,3.93,479.25,4.70,86.30,1019.00,2.56,6.15,6.61,39.40,0.25,1,13.16,0.00,80.68,1,-12,3,0,0,STAT,60,LAT,LON,W,ÿÿÿÿÿ,2964245977
04/24/26 13:03:52,5.78,106.66,15.09,10.57,2.28,479.10,4.70,86.20,1019.00,2.42,5.22,5.39,28.80,0.23,1,13.20,0.00,82.86,1,-14,3,0,0,STAT,60,LAT,LON,W,ÿÿÿÿÿ,1537381049
04/24/26 13:04:55,5.77,102.78,14.53,10.67,1.05,479.47,4.70,86.10,1019.00,2.38,4.88,4.94,0.50,0.18,1,13.20,0.00,80.15,1,-13,2,0,-1,STAT,60,LAT,LON,W,ÿÿÿÿÿ,1895700275
04/24/26 13:05:52,5.73,99.29,13.13,10.40,1.54,481.31,4.70,85.50,1019.00,2.23,3.91,4.09,352.80,0.22,1,13.20,0.00,78.06,1,-14,3,0,-1,STAT,60,LAT,LON,W,ÿÿÿÿÿ,2065313595
04/24/26 13:06:55,5.71,98.10,14.29,9.61,2.24,482.86,4.70,85.30,1019.00,2.44,4.89,4.95,15.00,0.24,1,13.20,0.00,78.01,1,-12,2,0,0,STAT,60,LAT,LON,W,ÿÿÿÿÿ,1044178580
04/24/26 13:07:53,5.70,100.17,15.61,10.07,1.53,484.59,4.70,85.30,1019.00,2.51,5.55,5.98,16.70,0.20,1,13.16,0.00,87.53,1,-13,1,0,-1,STAT,60,LAT,LON,W,ÿÿÿÿÿ,2669909886
04/24/26 13:08:51,5.70,101.60,14.49,9.84,2.89,485.46,4.70,85.40,1019.00,2.22,5.39,6.19,9.20,0.16,1,13.20,0.00,81.69,1,-15,2,0,0,STAT,60,LAT,LON,W,ÿÿÿÿÿ,1353038358
04/24/26 13:09:55,5.70,103.10,15.33,10.60,2.06,485.40,4.60,85.60,1019.00,2.55,5.87,6.25,32.50,0.19,1,13.20,0.00,85.82,1,-14,2,0,0,STAT,60,LAT,LON,W,ÿÿÿÿÿ,1914491558
04/24/26 13:10:53,5.70,104.52,16.47,10.91,2.07,484.91,4.60,85.60,1019.00,2.34,5.53,5.94,32.20,0.20,1,13.20,0.00,79.97,1,-15,0,0,0,STAT,60,LAT,LON,W,ÿÿÿÿÿ,3562742565
04/24/26 13:11:56,5.68,103.05,15.17,10.26,1.81,485.26,4.50,85.70,1019.00,2.36,5.11,5.40,35.50,0.21,1,13.20,0.00,82.76,1,-14,2,0,-1,STAT,60,LAT,LON,W,ÿÿÿÿÿ,1950963846
04/24/26 13:12:53,5.65,107.28,14.45,10.22,0.82,485.80,4.50,85.70,1019.00,2.59,5.00,5.34,22.50,0.17,1,13.20,0.00,82.76,1,-15,2,0,-1,STAT,60,LAT,LON,W,ÿÿÿÿÿ,2387184885
04/24/26 13:13:55,5.61,102.50,14.78,10.01,0.74,486.66,4.50,85.70,1019.00,2.51,5.31,5.43,19.40,0.16,1,13.20,0.00,79.07,1,-15,1,0,-1,STAT,60,LAT,LON,W,ÿÿÿÿÿ,2430780069
04/24/26 13:14:54,5.60,98.04,14.63,11.24,-0.53,487.72,4.50,85.70,1019.00,2.59,5.28,5.32,3.40,0.16,1,13.16,0.00,91.94,1,-14,3,1,-1,STAT,60,LAT,LON,W,ÿÿÿÿÿ,2018790877
04/24/26 13:15:52,5.60,98.11,13.57,10.81,0.80,490.15,4.50,85.70,1019.00,2.31,4.67,4.94,17.40,0.18,1,13.20,0.00,82.64,1,-15,3,0,-1,STAT,60,LAT,LON,W,ÿÿÿÿÿ,3631591066
04/24/26 13:16:54,5.59,100.56,13.10,10.43,0.80,493.34,4.40,85.60,1019.00,2.76,6.01,6.25,32.60,0.20,1,13.20,0.00,79.85,1,-14,3,0,-1,STAT,60,LAT,LON,W,ÿÿÿÿÿ,2752047119
04/24/26 13:17:52,5.59,101.81,13.46,9.33,3.28,496.05,4.40,85.60,1019.00,2.74,5.26,5.34,47.50,0.25,1,13.20,0.00,78.94,1,-13,2,0,0,STAT,60,LAT,LON,W,ÿÿÿÿÿ,2165904561
04/24/26 13:18:55,5.58,106.92,12.77,10.87,1.90,497.31,4.30,85.60,1019.00,2.75,5.42,5.45,52.20,0.28,1,13.16,0.00,81.31,1,-13,3,0,0,STAT,60,LAT,LON,W,ÿÿÿÿÿ,2164359472
04/24/26 13:19:52,5.57,100.76,14.85,10.11,0.99,497.34,4.30,85.70,1019.00,2.67,4.58,4.84,44.60,0.27,1,13.16,0.00,86.59,1,-13,2,0,-1,STAT,60,LAT,LON,W,ÿÿÿÿÿ,3366586297
04/24/26 13:20:55,5.53,103.75,14.05,9.07,3.16,496.08,4.30,85.90,1019.00,2.69,5.21,5.41,45.30,0.28,1,13.20,0.00,80.08,1,-13,1,0,-1,STAT,60,LAT,LON,W,ÿÿÿÿÿ,2058413363
04/24/26 13:21:54,5.50,101.44,15.72,9.37,3.65,492.75,4.30,86.10,1019.00,2.72,5.22,5.38,44.30,0.27,1,13.20,0.00,86.24,1,-13,1,-1,0,STAT,60,LAT,LON,W,ÿÿÿÿÿ,3006857993
04/24/26 13:22:57,5.49,102.98,12.64,9.42,3.54,487.60,4.30,86.30,1019.00,2.64,5.01,5.06,45.20,0.27,1,13.20,0.00,85.44,1,-13,2,-1,0,STAT,60,LAT,LON,W,ÿÿÿÿÿ,3833090526
04/24/26 13:23:55,5.49,106.48,14.28,10.74,2.16,483.83,4.30,86.40,1019.00,2.64,5.51,5.53,46.00,0.25,1,13.20,0.00,81.55,1,-14,2,0,0,STAT,60,LAT,LON,W,ÿÿÿÿÿ,1409145401
04/24/26 13:24:53,5.49,106.82,13.15,10.50,2.86,480.24,4.30,86.60,1019.00,2.91,5.49,6.09,40.50,0.22,1,13.20,0.00,79.29,1,-13,2,0,0,STAT,60,LAT,LON,W,ÿÿÿÿÿ,593928160
04/24/26 13:25:56,5.49,106.50,14.59,11.26,1.83,477.60,4.30,86.70,1019.00,2.61,4.72,5.14,38.30,0.21,1,13.20,0.00,79.06,1,-16,1,0,0,STAT,60,LAT,LON,W,ÿÿÿÿÿ,2268977158
04/24/26 13:26:54,5.49,104.38,14.64,9.80,3.68,476.21,4.30,86.70,1019.00,2.34,5.10,5.49,28.80,0.18,1,13.20,0.00,80.08,1,-16,2,0,0,STAT,60,LAT,LON,W,ÿÿÿÿÿ,3081177919
04/24/26 13:27:57,5.49,102.42,16.44,9.20,3.14,475.51,4.30,86.70,1019.00,2.45,4.77,5.29,8.70,0.18,1,13.20,0.00,79.83,1,-12,1,0,-1,STAT,60,LAT,LON,W,ÿÿÿÿÿ,789402105
04/24/26 13:28:55,5.48,100.82,16.34,8.51,3.46,478.18,4.30,86.60,1019.00,2.52,4.10,4.67,18.90,0.20,1,13.20,0.00,90.66,1,-13,1,-1,0,STAT,60,LAT,LON,W,ÿÿÿÿÿ,1603534078
04/24/26 13:29:52,5.47,100.64,15.37,9.55,1.93,481.98,4.30,86.70,1019.00,2.42,3.96,4.34,18.30,0.17,1,13.20,2.10,81.50,1,-13,1,0,0,STAT,60,LAT,LON,W,ÿÿÿÿÿ,2842404981
04/24/26 13:30:56,5.47,99.97,13.86,9.79,0.12,484.71,4.30,86.60,1019.00,2.33,4.19,4.80,11.40,0.17,1,13.20,2.91,80.43,1,-14,2,0,-1,STAT,60,LAT,LON,W,ÿÿÿÿÿ,3095022348
04/24/26 13:31:54,5.46,98.04,15.28,9.70,0.56,486.89,4.40,86.40,1019.00,2.31,3.85,5.08,0.40,0.14,1,13.20,3.42,82.91,1,-14,0,0,0,STAT,60,LAT,LON,W,ÿÿÿÿÿ,530430179
04/24/26 13:32:52,5.43,98.74,16.73,9.43,2.11,488.02,4.30,86.30,1019.00,2.65,5.03,5.87,26.90,0.15,1,13.20,5.24,79.04,1,-14,0,0,-1,STAT,60,LAT,LON,W,ÿÿÿÿÿ,3569209720
04/24/26 13:33:55,5.40,104.17,15.82,9.69,3.44,489.78,4.30,86.10,1019.00,2.41,4.92,5.30,50.80,0.26,1,13.20,6.11,83.27,1,-14,0,0,0,STAT,60,LAT,LON,W,ÿÿÿÿÿ,2484707659
04/24/26 13:34:55,5.39,101.37,16.32,8.82,2.90,491.15,4.20,86.20,1019.00,2.24,4.26,4.83,50.50,0.30,1,13.16,6.34,91.61,1,-12,0,-1,-1,STAT,60,LAT,LON,W,ÿÿÿÿÿ,2138892894
04/24/26 13:35:58,5.39,100.78,17.00,9.53,2.30,492.18,4.20,86.30,1019.00,2.11,4.42,4.81,41.60,0.25,1,13.20,6.68,87.92,1,-14,0,-1,-1,STAT,60,LAT,LON,W,ÿÿÿÿÿ,266257590
04/24/26 13:36:56,5.39,100.47,16.16,9.28,1.00,493.14,4.20,86.30,1019.00,2.25,4.76,5.15,27.30,0.21,1,13.20,7.52,85.02,1,-14,0,0,-1,STAT,60,LAT,LON,W,ÿÿÿÿÿ,3144076537
04/24/26 13:37:54,5.39,96.65,15.56,9.71,2.01,493.67,4.20,86.40,1019.00,2.13,5.16,5.91,11.90,0.16,1,13.20,8.06,80.19,1,-13,1,0,0,STAT,60,LAT,LON,W,ÿÿÿÿÿ,1868011865
04/24/26 13:38:57,5.39,94.50,14.56,10.01,0.74,493.27,4.20,86.40,1019.00,2.05,4.53,4.99,26.50,0.18,1,13.20,10.19,84.68,1,-13,1,0,0,STAT,60,LAT,LON,W,ÿÿÿÿÿ,4077740592
04/24/26 13:39:55,5.39,97.22,14.46,10.60,0.56,493.10,4.20,86.40,1019.00,2.33,4.62,4.79,37.30,0.23,1,13.20,10.53,85.28,1,-13,1,0,-1,STAT,60,LAT,LON,W,ÿÿÿÿÿ,1957651274
04/24/26 13:40:57,5.39,97.23,15.72,10.76,0.33,492.49,4.20,86.40,1019.00,2.52,6.14,6.48,33.60,0.20,1,13.20,10.24,82.59,1,-13,1,0,0,STAT,60,LAT,LON,W,ÿÿÿÿÿ,1957592737
04/24/26 13:41:55,5.39,96.32,16.83,9.34,1.77,491.96,4.20,86.40,1019.00,2.33,4.93,5.06,31.80,0.23,1,13.20,10.98,92.30,1,-13,0,0,0,STAT,60,LAT,LON,W,ÿÿÿÿÿ,2393794070
04/24/26 13:42:58,5.38,94.90,14.95,9.61,1.34,490.04,4.20,86.40,1019.00,2.19,4.23,4.63,29.80,0.23,1,13.20,12.19,81.59,1,-13,2,0,0,STAT,60,LAT,LON,W,ÿÿÿÿÿ,1989555149
04/24/26 13:43:56,5.38,96.17,13.15,10.25,0.58,488.49,4.20,86.50,1019.00,1.80,3.72,4.32,17.40,0.21,1,13.20,12.34,79.44,1,-13,3,0,0,STAT,60,LAT,LON,W,ÿÿÿÿÿ,717888354
04/24/26 13:44:58,5.37,98.18,15.05,10.74,0.93,487.52,4.20,86.60,1019.00,2.11,3.69,4.05,19.40,0.18,1,13.20,13.54,83.62,1,-13,2,0,0,STAT,60,LAT,LON,W,ÿÿÿÿÿ,2056187013
04/24/26 13:45:56,5.36,107.30,15.78,10.43,1.48,486.97,4.20,86.60,1019.00,1.75,3.81,4.40,36.90,0.24,1,13.20,14.39,82.25,1,-14,0,0,-1,STAT,60,LAT,LON,W,ÿÿÿÿÿ,1533043337
04/24/26 13:46:58,5.36,243.77,14.82,10.94,0.75,485.94,4.20,86.70,1019.00,2.24,3.65,3.86,52.90,0.32,1,13.20,15.64,79.65,1,-11,2,0,-1,STAT,60,LAT,LON,W,ÿÿÿÿÿ,50071065
04/24/26 13:47:57,5.36,249.81,14.72,10.66,0.60,483.98,4.20,86.70,1019.00,2.47,4.51,4.58,57.20,0.40,1,13.20,15.54,80.59,1,-12,3,0,-1,STAT,60,LAT,LON,W,ÿÿÿÿÿ,3464541340
04/24/26 13:48:54,5.36,182.49,15.66,9.87,1.52,481.99,4.20,86.80,1019.00,2.27,5.12,5.27,52.40,0.34,1,13.20,17.32,88.31,1,-10,1,0,-1,STAT,60,LAT,LON,W,ÿÿÿÿÿ,2399658940
04/24/26 13:49:57,5.36,142.20,15.63,9.95,0.70,480.70,4.20,86.90,1019.00,2.25,5.03,5.13,41.40,0.25,1,13.20,18.51,80.63,1,-12,1,0,-1,STAT,60,LAT,LON,W,ÿÿÿÿÿ,547068912
04/24/26 13:50:54,5.36,120.97,15.77,9.93,1.67,480.27,4.20,86.90,1019.00,2.66,5.37,5.48,19.50,0.17,1,13.20,19.09,80.67,1,-15,1,0,-1,STAT,60,LAT,LON,W,ÿÿÿÿÿ,1954716161
04/24/26 13:51:56,5.36,110.55,16.58,9.61,1.71,480.09,4.20,87.10,1019.00,2.28,4.97,5.30,24.40,0.16,1,13.20,19.28,78.04,1,-15,0,0,-1,STAT,60,LAT,LON,W,ÿÿÿÿÿ,2010048172
04/24/26 13:52:54,5.36,106.40,15.15,10.79,1.05,479.74,4.20,87.20,1019.00,2.08,4.15,4.57,36.10,0.20,1,13.20,20.89,79.41,1,-15,1,0,-1,STAT,60,LAT,LON,W,ÿÿÿÿÿ,1682206620
04/24/26 13:53:57,5.36,102.39,13.35,10.28,1.08,479.26,4.30,87.30,1019.00,2.26,3.81,4.63,40.10,0.25,1,13.20,21.82,88.53,1,-14,3,0,-1,STAT,60,LAT,LON,W,ÿÿÿÿÿ,302173580
04/24/26 13:54:57,5.36,104.76,13.92,10.43,1.79,479.10,4.30,87.30,1019.00,2.23,4.25,4.63,33.80,0.23,1,13.20,22.34,82.93,1,-15,3,0,0,STAT,60,LAT,LON,W,ÿÿÿÿÿ,3522392766
04/24/26 13:55:56,5.36,105.93,15.52,10.08,1.26,478.63,4.30,87.30,1019.00,2.09,4.03,4.32,31.40,0.19,1,13.20,23.00,88.64,1,-14,2,-1,-1,STAT,60,LAT,LON,W,ÿÿÿÿÿ,2550024519
04/24/26 13:56:59,5.36,103.70,14.57,11.10,1.40,477.29,4.30,87.50,1019.00,2.40,5.02,5.16,22.40,0.16,1,13.20,25.01,84.56,1,-12,2,0,-1,STAT,60,LAT,LON,W,ÿÿÿÿÿ,2200530227
04/24/26 13:57:57,5.36,103.54,13.57,10.92,1.09,476.49,4.40,87.60,1019.00,2.16,4.33,4.38,20.60,0.17,1,13.20,25.56,80.41,1,-12,3,0,-1,STAT,60,LAT,LON,W,ÿÿÿÿÿ,3084396792
04/24/26 13:58:59,5.37,101.19,13.17,9.78,1.76,475.94,4.40,87.60,1019.00,2.06,3.95,3.97,12.30,0.16,1,13.20,25.74,79.28,1,-12,3,0,-1,STAT,60,LAT,LON,W,ÿÿÿÿÿ,3144134443
04/24/26 13:59:58,5.38,99.77,13.27,8.98,2.87,475.77,4.40,87.60,1019.00,2.29,4.41,4.41,4.40,0.13,1,13.20,27.59,84.18,1,-12,3,0,-1,STAT,60,LAT,LON,W,ÿÿÿÿÿ,579422260
04/24/26 14:01:00,5.38,100.84,15.54,9.46,2.15,476.33,4.40,87.60,1019.00,2.30,4.47,4.89,4.90,0.14,1,13.20,28.63,91.90,1,-12,1,0,-1,STAT,60,LAT,LON,W,ÿÿÿÿÿ,3715591306
04/24/26 14:02:04,5.39,103.38,14.74,9.23,1.81,477.67,4.40,87.60,1019.00,2.27,5.58,5.75,48.50,0.27,1,13.20,28.92,89.38,1,-11,2,-1,-1,STAT,60,LAT,LON,W,ÿÿÿÿÿ,2675893142
04/24/26 14:02:56,5.39,105.06,13.05,9.51,1.21,477.90,4.40,87.60,1019.00,2.25,5.30,5.93,41.00,0.27,1,13.20,29.31,87.87,1,-12,2,-1,-2,STAT,60,LAT,LON,W,ÿÿÿÿÿ,1096196036
04/24/26 14:03:59,5.39,103.58,14.62,10.04,1.26,477.32,4.50,87.60,1019.00,2.22,4.61,4.84,16.30,0.21,1,13.20,31.01,85.52,1,-15,2,-1,-1,STAT,60,LAT,LON,W,ÿÿÿÿÿ,434118871
04/24/26 14:04:56,5.39,101.16,14.26,9.99,1.98,477.12,4.50,87.50,1019.00,1.89,3.87,4.27,351.50,0.24,1,13.20,31.87,90.35,1,-13,2,-1,0,STAT,60,LAT,LON,W,ÿÿÿÿÿ,3772560302
04/24/26 14:05:59,5.39,102.01,12.85,9.71,2.22,477.66,4.50,87.40,1019.00,1.99,3.85,4.06,359.20,0.22,1,13.20,32.15,83.20,1,-14,3,0,-1,STAT,60,LAT,LON,W,ÿÿÿÿÿ,1692868550
04/24/26 14:06:57,5.39,102.16,14.74,10.16,1.17,478.48,4.50,87.50,1019.00,2.16,3.88,3.96,22.50,0.20,1,13.20,33.33,79.60,1,-15,1,0,-1,STAT,60,LAT,LON,W,ÿÿÿÿÿ,3523424028
04/24/26 14:08:00,5.39,107.11,14.49,9.91,2.32,478.82,4.50,87.60,1019.00,2.42,3.92,4.11,32.00,0.20,1,13.20,34.47,78.08,1,-14,2,0,-1,STAT,60,LAT,LON,W,ÿÿÿÿÿ,1160258534
04/24/26 14:08:57,5.40,105.84,15.20,9.92,1.29,478.93,4.60,87.70,1019.00,2.50,4.69,5.51,21.90,0.17,1,13.20,35.17,92.18,1,-13,1,-1,-2,STAT,60,LAT,LON,W,ÿÿÿÿÿ,3428692923
04/24/26 14:10:01,5.43,103.54,14.14,10.43,0.75,478.98,4.60,87.70,1019.00,2.14,4.13,4.81,27.20,0.19,1,13.20,35.39,84.18,1,-13,2,0,-1,STAT,60,LAT,LON,W,ÿÿÿÿÿ,3432701235
04/24/26 14:10:58,5.45,103.21,14.06,11.37,0.66,478.49,4.60,87.80,1019.00,1.95,4.72,5.22,45.20,0.23,1,13.20,37.40,82.42,1,-12,3,0,-1,STAT,60,LAT,LON,W,ÿÿÿÿÿ,1519822217
04/24/26 14:12:01,5.47,101.92,12.95,10.25,1.28,478.17,4.60,87.90,1019.00,1.90,5.21,5.41,36.10,0.25,1,13.20,38.34,78.64,1,-13,3,-1,-1,STAT,60,LAT,LON,W,ÿÿÿÿÿ,563385799
04/24/26 14:12:59,5.48,103.07,16.86,11.42,1.08,478.07,4.70,88.00,1019.00,2.49,5.09,5.49,53.40,0.30,1,13.20,39.15,79.81,1,-12,1,-1,-1,STAT,60,LAT,LON,W,ÿÿÿÿÿ,2657137560
04/24/26 14:14:01,5.49,108.20,15.41,11.33,0.90,478.02,4.70,88.00,1019.00,2.23,4.11,4.55,47.60,0.30,1,13.20,40.74,82.43,1,-14,2,-1,-2,STAT,60,LAT,LON,W,ÿÿÿÿÿ,831485212
04/24/26 14:14:58,5.49,105.95,15.61,11.32,0.61,478.42,4.70,88.00,1019.00,2.34,4.19,4.64,38.60,0.27,1,13.20,41.56,79.43,1,-14,1,0,-1,STAT,60,LAT,LON,W,ÿÿÿÿÿ,3845460610
04/24/26 14:16:02,5.49,101.66,15.43,10.47,1.88,478.56,4.70,88.10,1019.00,2.37,4.26,4.42,45.90,0.27,1,13.20,42.28,85.74,1,-12,2,-1,-1,STAT,60,LAT,LON,W,ÿÿÿÿÿ,2436868498
04/24/26 14:17:00,5.50,101.34,14.85,11.01,1.11,478.22,4.80,88.10,1019.00,2.09,3.63,3.70,33.50,0.19,1,13.20,44.26,79.91,1,-13,2,0,-1,STAT,60,LAT,LON,W,ÿÿÿÿÿ,1556000478
04/24/26 14:17:58,5.54,102.78,16.13,10.87,0.09,478.08,4.80,88.10,1019.00,2.09,4.69,4.71,31.60,0.20,1,13.20,44.88,84.55,1,-13,2,0,-2,STAT,60,LAT,LON,W,ÿÿÿÿÿ,3762483314
04/24/26 14:19:01,5.57,101.94,15.49,10.63,1.10,478.03,4.80,88.10,1019.00,1.98,4.88,4.89,38.50,0.23,1,13.24,46.59,81.22,1,-14,2,0,-1,STAT,60,LAT,LON,W,ÿÿÿÿÿ,472441856
04/24/26 14:19:59,5.58,101.17,15.42,9.68,2.51,478.01,4.80,88.10,1019.00,2.30,4.61,4.61,48.20,0.28,1,13.20,47.70,78.98,1,-13,2,-1,-1,STAT,60,LAT,LON,W,ÿÿÿÿÿ,2301106059
04/24/26 14:21:02,5.59,100.90,15.22,9.99,2.37,477.34,4.90,88.10,1019.00,2.33,4.54,4.54,26.40,0.22,1,13.24,49.70,78.17,1,-12,2,-1,-1,STAT,60,LAT,LON,W,ÿÿÿÿÿ,74087562
04/24/26 14:21:59,5.59,100.11,14.93,10.38,1.04,476.70,4.90,88.10,1019.00,2.11,3.76,4.05,22.50,0.21,1,13.24,52.10,79.27,1,-11,1,-1,-2,STAT,60,LAT,LON,W,ÿÿÿÿÿ,3316689892
04/24/26 14:23:03,5.62,99.85,15.96,9.79,1.90,476.89,4.90,88.10,1019.00,2.01,3.59,3.86,24.80,0.19,1,13.24,54.94,96.26,1,-14,1,-1,-1,STAT,60,LAT,LON,W,ÿÿÿÿÿ,3432221753
04/24/26 14:24:00,5.66,98.03,15.18,10.71,1.06,476.66,5.00,88.20,1019.00,2.00,3.79,3.92,21.10,0.19,1,13.24,57.08,84.54,1,-13,2,0,-1,STAT,60,LAT,LON,W,ÿÿÿÿÿ,2350163725
04/24/26 14:25:03,5.68,100.71,14.99,11.06,0.64,475.46,5.10,88.30,1019.00,2.21,4.45,4.73,18.10,0.21,1,13.24,59.11,79.54,1,-13,1,0,-1,STAT,60,LAT,LON,W,ÿÿÿÿÿ,2119820598
04/24/26 14:26:00,5.69,101.76,14.50,10.92,-0.32,474.56,5.10,88.30,1019.00,2.16,4.00,4.12,18.50,0.20,1,13.24,60.61,77.26,1,-13,2,-1,-2,STAT,60,LAT,LON,W,ÿÿÿÿÿ,2697786627
04/24/26 14:26:58,5.69,101.12,14.53,11.89,-1.83,474.22,5.10,88.30,1019.00,1.99,3.78,3.96,12.80,0.18,1,13.24,62.28,77.63,1,-14,3,0,-2,STAT,60,LAT,LON,W,ÿÿÿÿÿ,3328215208
04/24/26 14:28:02,5.71,101.03,13.93,10.97,-0.70,474.23,5.20,88.30,1019.00,1.87,3.84,3.94,6.80,0.17,1,13.24,62.45,81.80,1,-12,2,0,-2,STAT,60,LAT,LON,W,ÿÿÿÿÿ,806696689
04/24/26 14:29:00,5.75,99.31,14.40,10.83,-0.51,475.06,5.30,88.40,1019.00,1.95,3.36,3.39,12.80,0.22,1,13.24,64.08,78.09,1,-11,2,-1,-2,STAT,60,LAT,LON,W,ÿÿÿÿÿ,1210502232
04/24/26 14:30:02,5.78,100.65,14.27,9.89,1.07,475.94,5.30,88.40,1019.00,1.92,3.56,3.73,16.90,0.22,1,13.24,67.07,82.86,1,-13,3,-1,-2,STAT,60,LAT,LON,W,ÿÿÿÿÿ,4275605037
04/24/26 14:31:00,5.79,104.35,13.42,10.00,2.24,476.32,5.30,88.50,1019.00,2.01,3.58,3.75,34.70,0.19,1,13.24,71.09,81.20,1,-13,3,-1,-1,STAT,60,LAT,LON,W,ÿÿÿÿÿ,3792805228
04/24/26 14:32:02,5.80,106.81,14.75,10.28,1.39,476.76,5.40,88.50,1019.00,2.35,4.49,4.54,357.90,0.22,1,13.24,74.19,87.38,1,-12,2,-1,-2,STAT,60,LAT,LON,W,ÿÿÿÿÿ,986719201
04/24/26 14:33:00,5.85,106.05,14.59,10.82,0.62,476.91,5.40,88.40,1019.00,1.90,4.06,4.28,10.90,0.26,1,13.24,73.78,86.06,1,-13,2,0,-2,STAT,60,LAT,LON,W,ÿÿÿÿÿ,3422642260
04/24/26 14:34:03,5.88,105.79,15.88,11.27,-0.82,476.97,5.50,88.50,1019.00,1.85,4.03,4.31,19.00,0.22,1,13.24,74.31,81.16,1,-14,2,0,-2,STAT,60,LAT,LON,W,ÿÿÿÿÿ,2051511156
04/24/26 14:35:00,5.89,106.77,15.42,10.74,0.16,476.99,5.50,88.50,1019.00,2.21,4.21,4.39,14.20,0.20,1,13.24,72.47,78.19,1,-12,1,-1,-2,STAT,60,LAT,LON,W,ÿÿÿÿÿ,160761605
04/24/26 14:36:03,5.90,106.52,13.43,10.23,0.79,477.27,5.60,88.50,1019.00,2.15,4.04,4.11,9.90,0.18,1,13.20,72.77,94.22,1,-12,3,-1,-2,STAT,60,LAT,LON,W,ÿÿÿÿÿ,2994138696
04/24/26 14:37:00,5.95,105.32,15.44,10.73,-0.44,477.72,5.60,88.60,1019.00,2.05,3.66,3.80,2.10,0.18,1,13.24,72.46,93.48,1,-13,3,0,-3,STAT,60,LAT,LON,W,ÿÿÿÿÿ,3323241456
04/24/26 14:38:03,5.98,108.46,14.39,11.03,0.10,477.90,5.70,88.50,1019.00,2.00,3.85,4.36,3.90,0.21,1,13.24,73.02,84.12,1,-14,3,-1,-2,STAT,60,LAT,LON,W,ÿÿÿÿÿ,1327625732
04/24/26 14:39:00,6.00,106.64,13.02,10.29,1.19,478.17,5.70,88.50,1019.00,2.00,4.42,4.90,6.00,0.21,1,13.24,75.68,79.27,1,-13,3,-1,-2,STAT,60,LAT,LON,W,ÿÿÿÿÿ,142056553
04/24/26 14:40:04,6.03,104.56,14.38,10.81,0.65,478.09,5.70,88.40,1019.00,2.43,4.84,5.34,10.90,0.21,1,13.24,80.52,77.92,1,-14,2,-1,-2,STAT,60,LAT,LON,W,ÿÿÿÿÿ,3952608658
04/24/26 14:41:01,6.08,107.38,11.05,10.59,1.03,478.19,5.70,88.50,1019.00,2.39,5.18,5.62,12.10,0.19,1,13.24,80.42,81.39,1,-14,5,-1,-2,STAT,60,LAT,LON,W,ÿÿÿÿÿ,3470823516
04/24/26 14:41:59,6.10,107.54,13.62,10.77,0.97,478.19,5.80,88.50,1019.00,2.14,4.26,4.48,24.00,0.20,1,13.24,78.86,84.92,1,-14,4,-1,-2,STAT,60,LAT,LON,W,ÿÿÿÿÿ,420871920
04/24/26 14:43:03,6.14,103.98,14.63,11.65,-0.26,478.07,5.80,88.50,1019.00,2.21,4.14,4.50,32.00,0.25,1,13.24,78.74,91.35,1,-14,3,-1,-3,STAT,60,LAT,LON,W,ÿÿÿÿÿ,118692425
04/24/26 14:44:01,6.18,103.61,14.78,11.60,0.00,478.03,5.90,88.50,1019.00,2.07,4.20,4.82,37.00,0.28,1,13.24,78.97,82.85,1,-13,3,0,-3,STAT,60,LAT,LON,W,ÿÿÿÿÿ,945778141
04/24/26 14:45:03,6.20,103.99,14.33,11.80,-0.30,478.01,5.90,88.40,1019.00,2.08,3.85,4.10,27.30,0.22,1,13.24,81.49,78.97,1,-14,3,0,-3,STAT,60,LAT,LON,W,ÿÿÿÿÿ,3890354865
04/24/26 14:46:06,6.26,104.83,14.72,12.32,-1.12,478.00,6.00,88.40,1019.00,2.08,3.57,4.00,30.30,0.24,1,13.27,86.03,80.27,1,-13,3,-1,-2,STAT,60,LAT,LON,W,ÿÿÿÿÿ,1454099801
04/24/26 14:47:03,6.29,104.33,13.43,11.45,-0.58,478.16,6.00,88.30,1019.00,2.01,3.61,3.90,17.30,0.21,1,13.24,86.70,79.80,1,-12,4,-1,-3,STAT,60,LAT,LON,W,ÿÿÿÿÿ,3145540012
04/24/26 14:48:06,6.34,103.77,13.09,11.06,1.09,478.70,6.10,88.30,1019.00,1.74,3.47,3.61,4.60,0.20,1,13.24,86.57,84.80,1,-13,4,-2,-2,STAT,60,LAT,LON,W,ÿÿÿÿÿ,3523162379
04/24/26 14:49:03,6.39,100.80,13.45,11.31,0.80,478.89,6.20,88.40,1019.00,1.91,3.57,3.86,6.20,0.19,1,13.27,88.84,82.66,1,-12,4,-1,-2,STAT,60,LAT,LON,W,ÿÿÿÿÿ,2678179403
04/24/26 14:50:01,6.42,99.64,14.21,12.28,-1.17,479.57,6.20,88.50,1019.00,1.82,3.30,3.40,11.50,0.20,1,13.27,90.81,83.63,1,-11,3,-1,-4,STAT,60,LAT,LON,W,ÿÿÿÿÿ,2837974266
04/24/26 14:51:03,6.48,104.56,12.51,11.30,0.83,479.85,6.30,88.50,1019.00,2.05,3.60,3.63,10.10,0.20,1,13.27,92.90,81.67,1,-13,4,-1,-3,STAT,60,LAT,LON,W,ÿÿÿÿÿ,4016992234
04/24/26 14:52:01,6.52,102.33,13.19,11.96,-0.28,479.94,6.30,88.40,1019.00,2.17,3.95,3.97,23.50,0.24,1,13.27,99.29,87.39,1,-11,4,-1,-3,STAT,60,LAT,LON,W,ÿÿÿÿÿ,971972526
04/24/26 14:53:03,6.58,105.61,12.30,13.10,-0.61,480.37,6.40,88.20,1019.00,2.06,3.99,4.46,45.00,0.33,1,13.27,124.85,91.10,1,-12,5,-1,-3,STAT,60,LAT,LON,W,ÿÿÿÿÿ,2430610946
04/24/26 14:54:00,6.62,110.55,13.42,12.42,-0.02,480.76,6.50,88.00,1019.00,1.99,3.90,4.24,47.80,0.35,1,13.27,134.64,89.80,1,-13,3,-1,-3,STAT,60,LAT,LON,W,ÿÿÿÿÿ,2790866771
04/24/26 14:55:03,6.68,110.70,12.54,12.26,-0.03,480.92,6.50,87.90,1019.00,1.95,3.42,3.53,35.10,0.28,1,13.27,147.93,84.53,1,-12,4,-1,-4,STAT,60,LAT,LON,W,ÿÿÿÿÿ,1362418628
04/24/26 14:56:02,6.73,110.32,12.99,12.11,-0.88,480.97,6.60,87.90,1019.00,2.42,4.31,4.42,17.80,0.19,1,13.27,156.61,82.35,1,-13,4,-1,-4,STAT,60,LAT,LON,W,ÿÿÿÿÿ,3787942701
04/24/26 14:57:04,6.79,110.53,12.76,11.70,-1.05,480.99,6.70,88.10,1019.00,2.21,4.41,4.65,14.40,0.13,1,13.31,173.88,86.02,1,-13,5,-2,-4,STAT,60,LAT,LON,W,ÿÿÿÿÿ,1335837252
04/24/26 14:58:01,6.84,108.44,12.20,11.47,0.01,480.84,6.80,87.20,1019.00,2.30,4.33,4.60,23.20,0.09,1,13.31,176.95,82.90,1,-11,5,-2,-4,STAT,60,LAT,LON,W,ÿÿÿÿÿ,2185980149
04/24/26 14:59:03,6.90,106.53,13.04,12.85,-0.89,480.29,6.80,86.00,1019.00,2.16,4.04,4.13,279.00,0.06,1,13.31,170.85,78.94,1,-11,4,-2,-3,STAT,60,LAT,LON,W,ÿÿÿÿÿ,634482303
04/24/26 15:00:05,6.97,116.04,12.35,12.41,-0.84,480.48,6.90,86.10,1019.00,2.29,4.40,4.44,306.60,0.15,1,13.31,185.62,77.91,1,-15,5,-1,-4,STAT,60,LAT,LON,W,ÿÿÿÿÿ,3610171388
04/24/26 15:01:03,7.01,124.78,14.72,12.93,-1.02,480.80,7.00,85.80,1019.00,2.32,4.16,4.17,309.00,0.18,1,13.34,205.38,77.20,1,-13,4,-1,-4,STAT,60,LAT,LON,W,ÿÿÿÿÿ,3071726316
04/24/26 15:02:05,7.09,132.95,17.63,13.14,-2.10,480.93,7.10,86.10,1019.00,2.19,4.09,4.10,334.90,0.16,1,13.31,201.96,78.31,1,-12,3,-1,-4,STAT,60,LAT,LON,W,ÿÿÿÿÿ,641775595
04/24/26 15:03:03,7.15,146.74,20.85,12.18,-0.60,481.27,7.10,86.10,1019.00,2.46,4.19,4.47,346.40,0.16,1,13.31,186.69,83.43,1,-10,4,-3,-4,STAT,60,LAT,LON,W,ÿÿÿÿÿ,971688025
04/24/26 15:04:05,7.21,159.63,19.92,13.27,-1.63,481.74,7.20,86.50,1019.00,2.25,4.44,4.76,3.10,0.14,1,13.31,192.45,90.36,1,-13,5,-2,-4,STAT,60,LAT,LON,W,ÿÿÿÿÿ,360693952
04/24/26 15:05:02,7.28,166.53,21.69,14.27,-2.75,482.52,7.20,86.60,1019.00,2.18,4.08,4.28,33.00,0.10,1,13.31,174.15,89.73,1,-12,5,-1,-5,STAT,60,LAT,LON,W,ÿÿÿÿÿ,907059360
04/24/26 15:06:03,7.35,182.31,20.24,13.92,-1.55,482.83,7.20,85.00,1019.00,2.67,4.43,4.75,303.00,0.04,1,13.31,163.20,82.59,1,-13,6,-1,-5,STAT,60,LAT,LON,W,ÿÿÿÿÿ,767277854
04/24/26 15:07:05,7.41,188.92,17.46,14.49,-1.86,482.94,7.30,84.30,1019.00,2.63,4.21,4.36,257.50,0.05,1,13.31,142.93,78.16,1,-12,6,-2,-5,STAT,60,LAT,LON,W,ÿÿÿÿÿ,3612832357
04/24/26 15:08:06,7.49,194.88,20.51,14.68,-0.01,482.57,7.30,84.20,1019.00,3.15,5.07,5.57,241.70,0.15,1,13.31,142.86,79.77,1,-12,5,-1,-4,STAT,60,LAT,LON,W,ÿÿÿÿÿ,2491513663
04/24/26 15:09:07,7.55,299.96,24.84,15.08,-0.98,480.92,7.40,84.10,1019.00,3.72,6.64,6.87,278.60,0.10,1,13.31,142.35,77.12,1,-10,6,-1,-5,STAT,60,LAT,LON,W,ÿÿÿÿÿ,906683434
04/24/26 15:10:04,7.61,439.75,30.95,15.47,-2.32,479.74,7.50,84.50,1019.00,3.96,7.62,7.81,351.00,0.09,1,13.31,143.52,83.76,1,-9,5,-2,-5,STAT,60,LAT,LON,W,ÿÿÿÿÿ,797169641
04/24/26 15:11:05,7.69,500.72,30.18,15.65,-2.20,479.26,7.50,84.70,1019.00,3.77,7.34,7.45,33.20,0.10,1,13.31,140.79,82.47,1,-8,6,-2,-4,STAT,60,LAT,LON,W,ÿÿÿÿÿ,2968687085
04/24/26 15:12:07,7.76,394.77,23.05,15.76,-1.13,478.93,7.60,83.90,1019.00,3.05,5.72,5.76,200.00,0.03,1,13.31,161.80,78.83,1,-8,5,-1,-5,STAT,60,LAT,LON,W,ÿÿÿÿÿ,3179888929
04/24/26 15:13:07,7.83,291.96,19.32,15.76,-0.99,476.86,7.70,83.70,1019.00,3.29,5.66,5.85,286.70,0.22,1,13.34,215.31,83.11,1,-10,6,-1,-4,STAT,60,LAT,LON,W,ÿÿÿÿÿ,426687304
04/24/26 15:14:03,7.90,265.46,19.20,15.53,-0.84,474.82,7.70,84.40,1019.00,3.29,5.43,5.50,296.50,0.27,1,13.34,251.73,79.09,1,-9,5,-1,-4,STAT,60,LAT,LON,W,ÿÿÿÿÿ,602866050
04/24/26 15:15:04,7.97,217.95,16.72,15.76,-0.11,471.63,7.80,84.50,1019.00,2.99,5.19,5.60,306.20,0.27,1,13.38,340.67,85.51,1,-11,5,-1,-4,STAT,60,LAT,LON,W,ÿÿÿÿÿ,3654709369
04/24/26 15:16:07,8.03,182.00,17.22,13.96,1.66,467.90,7.90,83.50,1019.00,3.08,5.17,5.51,294.10,0.28,1,13.38,395.94,84.51,1,-11,5,-2,-4,STAT,60,LAT,LON,W,ÿÿÿÿÿ,1865534653
04/24/26 15:17:08,8.11,164.07,15.10,14.24,1.44,465.29,7.90,84.20,1019.00,3.27,5.03,5.25,310.80,0.32,1,13.41,422.34,83.93,1,-10,6,-2,-4,STAT,60,LAT,LON,W,ÿÿÿÿÿ,3347600326
04/24/26 15:18:03,8.19,158.61,14.77,14.60,0.94,463.42,8.00,83.90,1019.00,3.69,6.68,6.84,295.80,0.40,1,13.45,433.27,79.39,1,-11,6,-2,-4,STAT,60,LAT,LON,W,ÿÿÿÿÿ,4161132506
04/24/26 15:19:04,8.26,171.97,15.15,14.83,0.80,461.72,8.00,84.30,1019.00,3.80,6.42,6.59,296.00,0.39,1,13.45,457.83,81.62,1,-11,5,-2,-4,STAT,60,LAT,LON,W,ÿÿÿÿÿ,580719967
04/24/26 15:20:05,8.33,174.15,12.87,13.53,1.66,460.60,8.10,84.10,1019.00,3.36,5.87,6.48,289.60,0.21,1,13.48,493.91,79.90,1,-9,8,-2,-5,STAT,60,LAT,LON,W,ÿÿÿÿÿ,211133043
04/24/26 15:21:07,8.41,171.70,13.36,13.35,2.39,460.21,8.10,84.20,1019.00,3.51,6.08,6.28,308.00,0.10,1,13.48,545.07,85.86,1,-9,7,-2,-5,STAT,60,LAT,LON,W,ÿÿÿÿÿ,2170755005
04/24/26 15:22:08,8.49,164.16,13.73,13.34,2.72,460.07,8.20,83.90,1019.00,3.13,6.42,6.56,281.80,0.06,1,13.52,579.89,79.38,1,-10,7,-2,-5,STAT,60,LAT,LON,W,ÿÿÿÿÿ,451572104
04/24/26 15:23:06,8.56,168.25,16.38,13.74,0.28,460.03,8.30,84.30,1019.00,3.08,5.40,5.72,314.50,0.04,1,13.52,590.89,83.74,1,-11,6,-2,-6,STAT,60,LAT,LON,W,ÿÿÿÿÿ,2513911983
04/24/26 15:24:07,8.64,190.34,16.28,14.33,0.29,460.01,8.30,84.10,1019.00,2.93,5.44,5.96,298.30,0.12,1,13.52,591.29,81.83,1,-10,5,-2,-5,STAT,60,LAT,LON,W,ÿÿÿÿÿ,3091710812
04/24/26 15:25:08,8.71,197.08,13.98,15.17,-0.77,459.55,8.40,84.20,1019.00,3.02,5.57,5.77,315.40,0.15,1,13.52,592.70,78.67,1,-9,6,-1,-5,STAT,60,LAT,LON,W,ÿÿÿÿÿ,3243544988
04/24/26 15:26:08,8.80,187.63,13.83,14.02,-0.02,459.19,8.50,84.30,1019.00,2.74,4.96,5.03,314.80,0.18,1,13.52,596.80,79.01,1,-11,6,-1,-6,STAT,60,LAT,LON,W,ÿÿÿÿÿ,254392463
04/24/26 15:27:10,8.89,171.70,15.57,15.02,1.15,459.07,8.50,84.50,1019.00,2.26,4.76,5.12,320.40,0.12,1,13.52,590.72,78.11,1,-11,5,-2,-5,STAT,60,LAT,LON,W,ÿÿÿÿÿ,681980029
04/24/26 15:28:06,8.96,161.18,14.89,14.65,1.26,458.62,8.50,85.30,1019.00,2.56,4.45,4.64,49.00,0.05,1,13.52,579.44,81.40,1,-13,5,-2,-5,STAT,60,LAT,LON,W,ÿÿÿÿÿ,2950943729
04/24/26 15:29:08,9.03,155.26,14.27,15.55,-0.30,458.22,8.50,85.50,1019.00,2.79,4.81,4.87,101.10,0.16,1,13.52,571.57,84.15,1,-12,6,-1,-6,STAT,60,LAT,LON,W,ÿÿÿÿÿ,3610598700
04/24/26 15:30:10,9.11,152.41,14.90,17.50,-2.16,458.08,8.60,85.60,1019.00,3.36,5.89,5.91,100.40,0.20,1,13.48,490.77,90.26,1,-11,5,0,-6,STAT,60,LAT,LON,W,ÿÿÿÿÿ,1121391984
04/24/26 15:31:06,9.19,143.42,15.58,15.23,1.20,457.95,8.60,85.60,1018.00,3.32,5.48,5.58,51.80,0.14,1,13.45,359.60,85.12,1,-11,6,-1,-5,STAT,60,LAT,LON,W,ÿÿÿÿÿ,2265816970
04/24/26 15:32:08,9.27,144.66,13.74,15.32,1.18,457.94,8.70,85.50,1018.00,3.41,5.99,6.08,356.70,0.15,1,13.41,234.63,78.72,1,-10,8,-1,-5,STAT,60,LAT,LON,W,ÿÿÿÿÿ,777695039
04/24/26 15:33:08,9.33,149.25,14.72,15.47,-0.93,458.64,8.80,85.50,1018.00,2.97,5.31,5.34,326.80,0.23,1,13.38,157.03,80.61,1,-9,7,-1,-5,STAT,60,LAT,LON,W,ÿÿÿÿÿ,3022437105
04/24/26 15:34:10,9.41,162.25,18.89,15.50,-0.34,459.52,8.80,85.50,1018.00,3.16,5.42,5.43,312.50,0.21,1,13.38,139.51,77.83,1,-11,6,-1,-5,STAT,60,LAT,LON,W,ÿÿÿÿÿ,589543518
04/24/26 15:35:11,9.47,182.55,20.21,15.45,-1.99,460.24,8.80,84.60,1018.00,3.21,5.26,6.12,5.80,0.09,1,13.38,181.39,88.55,1,-11,5,-1,-5,STAT,60,LAT,LON,W,ÿÿÿÿÿ,2012661268
04/24/26 15:36:07,9.52,169.20,17.66,12.98,2.10,461.05,8.90,84.40,1018.00,3.54,5.33,5.78,97.50,0.39,1,13.38,177.48,85.71,1,-9,6,-4,-6,STAT,60,LAT,LON,W,ÿÿÿÿÿ,585728689
04/24/26 15:37:05,9.59,151.96,16.14,14.63,1.90,460.40,8.90,84.20,1018.00,3.67,5.83,5.99,106.40,0.56,1,13.38,137.51,79.74,1,-8,6,-3,-5,STAT,60,LAT,LON,W,ÿÿÿÿÿ,4141535236
04/24/26 15:38:07,9.63,142.45,13.67,13.72,3.71,458.34,8.80,84.00,1018.00,3.24,5.36,5.42,98.40,0.37,1,13.34,114.22,77.44,1,-9,7,-2,-5,STAT,60,LAT,LON,W,ÿÿÿÿÿ,178384347
04/24/26 15:39:09,9.70,135.05,14.12,14.14,2.14,456.97,8.90,83.80,1018.00,3.06,5.38,5.89,133.80,0.07,1,13.34,108.73,77.40,1,-10,7,-1,-5,STAT,60,LAT,LON,W,ÿÿÿÿÿ,229472395
04/24/26 15:40:10,9.74,129.78,14.99,13.84,2.66,455.89,9.00,83.70,1018.00,3.16,5.00,5.19,186.30,0.09,1,13.34,116.00,81.40,1,-9,6,-2,-4,STAT,60,LAT,LON,W,ÿÿÿÿÿ,1946095731
04/24/26 15:41:06,9.78,127.99,13.68,13.39,2.59,455.34,9.00,83.80,1018.00,3.49,5.71,5.77,261.50,0.10,1,13.34,133.25,78.35,1,-9,7,-2,-4,STAT,60,LAT,LON,W,ÿÿÿÿÿ,2625769348
04/24/26 15:42:08,9.83,129.95,13.92,13.33,1.92,455.12,9.00,84.10,1018.00,3.33,5.61,5.86,323.80,0.22,1,13.34,141.96,76.77,1,-10,7,-2,-4,STAT,60,LAT,LON,W,ÿÿÿÿÿ,2872738942
04/24/26 15:43:08,9.85,127.61,15.46,12.97,-0.06,455.05,9.10,84.40,1018.00,3.11,5.42,5.51,318.30,0.25,1,13.34,136.61,86.57,1,-10,5,-2,-5,STAT,60,LAT,LON,W,ÿÿÿÿÿ,3596398285
04/24/26 15:44:09,9.90,125.63,16.00,13.91,0.78,455.02,9.10,83.80,1018.00,3.10,5.52,6.04,308.50,0.20,1,13.38,156.07,85.33,1,-11,5,-3,-5,STAT,60,LAT,LON,W,ÿÿÿÿÿ,3224807762
04/24/26 15:45:11,9.94,123.73,15.94,13.85,0.67,455.01,9.20,83.60,1018.00,3.36,5.91,6.10,312.40,0.21,1,13.38,186.24,79.54,1,-10,6,-2,-4,STAT,60,LAT,LON,W,ÿÿÿÿÿ,1992294965
04/24/26 15:46:08,9.95,124.97,15.86,14.14,0.04,455.00,9.20,83.70,1018.00,3.77,6.33,6.40,318.50,0.21,1,13.38,224.41,77.74,1,-10,5,-2,-4,STAT,60,LAT,LON,W,ÿÿÿÿÿ,1887248484
04/24/26 15:47:10,10.01,125.03,15.76,13.15,1.05,455.00,9.30,83.60,1018.00,3.66,6.44,6.63,318.50,0.19,1,13.38,195.14,78.02,1,-10,6,-2,-4,STAT,60,LAT,LON,W,ÿÿÿÿÿ,2030902813
04/24/26 15:48:11,10.04,130.39,16.03,13.45,1.32,455.00,9.30,83.40,1018.00,3.54,6.06,6.50,335.80,0.15,1,13.34,144.36,80.92,1,-10,5,-2,-4,STAT,60,LAT,LON,W,ÿÿÿÿÿ,3890536510
04/24/26 15:49:13,10.05,133.19,16.51,13.44,1.73,454.54,9.40,83.40,1018.00,3.18,5.86,6.25,320.40,0.30,1,13.34,137.73,85.60,1,-9,5,-1,-4,STAT,60,LAT,LON,W,ÿÿÿÿÿ,1797419576
04/24/26 15:50:10,10.10,136.36,17.20,13.18,3.07,453.86,9.40,82.70,1018.00,3.24,5.72,5.95,327.80,0.25,1,13.38,186.47,83.33,1,-9,4,-2,-4,STAT,60,LAT,LON,W,ÿÿÿÿÿ,734036593
04/24/26 15:51:11,10.14,140.83,14.67,12.69,3.51,453.01,9.40,82.30,1018.00,3.07,5.81,5.98,263.10,0.15,1,13.38,204.82,80.21,1,-10,7,-3,-4,STAT,60,LAT,LON,W,ÿÿÿÿÿ,4192286378
04/24/26 15:52:12,10.15,147.03,17.67,12.46,3.72,452.35,9.40,82.10,1018.00,3.24,6.03,6.17,280.70,0.18,1,13.38,239.10,81.56,1,-12,4,-2,-4,STAT,60,LAT,LON,W,ÿÿÿÿÿ,2502184804
04/24/26 15:53:12,10.16,145.82,16.16,12.78,4.08,452.02,9.50,82.10,1018.00,3.23,5.36,5.41,300.90,0.17,1,13.38,233.72,77.20,1,-12,5,-2,-3,STAT,60,LAT,LON,W,ÿÿÿÿÿ,836518375
04/24/26 15:54:08,10.21,145.46,15.61,13.46,2.25,451.66,9.50,82.20,1018.00,2.98,5.43,5.44,304.50,0.14,1,13.38,207.61,82.21,1,-11,5,-2,-4,STAT,60,LAT,LON,W,ÿÿÿÿÿ,2810380782
04/24/26 15:55:10,10.24,147.51,14.62,13.01,2.04,451.23,9.50,82.40,1018.00,3.22,5.65,5.66,342.80,0.11,1,13.38,206.85,78.27,1,-10,7,-1,-3,STAT,60,LAT,LON,W,ÿÿÿÿÿ,3960361011
04/24/26 15:56:11,10.25,145.72,16.38,12.94,1.91,451.08,9.50,82.40,1018.00,3.28,5.64,5.82,321.50,0.19,1,13.38,180.35,84.39,1,-10,5,-2,-4,STAT,60,LAT,LON,W,ÿÿÿÿÿ,4193139282
04/24/26 15:57:12,10.29,139.43,17.03,13.77,2.17,451.03,9.50,81.60,1018.00,2.85,6.12,6.22,331.40,0.12,1,13.34,147.59,82.98,1,-9,5,-2,-3,STAT,60,LAT,LON,W,ÿÿÿÿÿ,2374097273
04/24/26 15:58:07,10.33,139.24,17.12,12.76,3.50,450.51,9.50,81.20,1018.00,2.99,5.69,5.88,32.50,0.11,1,13.34,132.45,78.17,1,-10,5,-2,-3,STAT,60,LAT,LON,W,ÿÿÿÿÿ,1491579217
04/24/26 15:59:10,10.35,142.36,18.04,11.43,5.14,450.18,9.60,80.50,1018.00,3.06,5.24,5.56,75.10,0.17,1,13.34,138.04,76.75,1,-11,4,-2,-3,STAT,60,LAT,LON,W,ÿÿÿÿÿ,2164381229
04/24/26 16:00:11,10.35,140.01,17.38,11.89,3.80,448.83,9.60,80.10,1018.00,3.09,4.97,5.09,95.60,0.08,1,13.34,139.48,80.85,1,-12,5,-1,-4,STAT,60,LAT,LON,W,ÿÿÿÿÿ,1331016652
04/24/26 16:01:12,10.37,143.29,15.88,13.30,3.68,448.29,9.60,80.10,1018.00,3.12,5.38,5.42,279.30,0.27,1,13.34,130.51,82.43,1,-11,7,-1,-2,STAT,60,LAT,LON,W,ÿÿÿÿÿ,1590919205
04/24/26 16:02:10,10.41,142.05,15.19,12.92,5.20,447.95,9.70,79.40,1018.00,3.17,6.13,6.18,280.60,0.57,1,13.34,127.28,77.84,1,-10,6,-2,-3,STAT,60,LAT,LON,W,ÿÿÿÿÿ,3367882245
04/24/26 16:03:12,10.44,149.43,16.68,14.00,3.31,447.34,9.70,80.00,1018.00,3.03,5.94,6.67,263.90,0.52,1,13.34,135.53,82.25,1,-12,6,-1,-3,STAT,60,LAT,LON,W,ÿÿÿÿÿ,1049245363
04/24/26 16:04:13,10.45,163.25,17.69,15.72,1.55,447.12,9.70,80.40,1018.00,3.59,6.24,6.61,267.60,0.55,1,13.34,147.61,81.51,1,-12,6,-1,-3,STAT,60,LAT,LON,W,ÿÿÿÿÿ,588501340
04/24/26 16:05:14,10.45,166.93,17.27,14.67,1.98,447.04,9.70,80.40,1018.00,3.26,5.96,6.08,239.00,0.53,1,13.34,134.10,77.40,1,-12,7,-2,-3,STAT,60,LAT,LON,W,ÿÿÿÿÿ,2480994718
04/24/26 16:06:10,10.48,156.01,16.77,12.48,5.11,447.24,9.70,79.00,1018.00,2.97,5.58,5.90,225.30,0.43,1,13.34,138.48,80.07,1,-11,7,-1,-3,STAT,60,LAT,LON,W,ÿÿÿÿÿ,4087095581
04/24/26 16:07:11,10.52,151.18,15.45,13.20,3.34,447.09,9.80,79.40,1018.00,2.75,5.38,5.88,219.10,0.27,1,13.34,166.56,79.49,1,-11,8,-1,-3,STAT,60,LAT,LON,W,ÿÿÿÿÿ,1163551277
04/24/26 16:08:11,10.54,156.46,16.51,13.26,3.62,447.03,9.80,79.60,1018.00,2.95,5.76,6.30,267.80,0.77,1,13.41,291.44,80.59,1,-11,7,-1,-3,STAT,60,LAT,LON,W,ÿÿÿÿÿ,1670173118
04/24/26 16:09:14,10.55,152.59,15.06,13.72,4.28,447.26,9.80,79.70,1018.00,3.21,5.59,5.80,277.10,0.85,1,13.41,335.69,85.68,1,-12,6,-1,-2,STAT,60,LAT,LON,W,ÿÿÿÿÿ,1823746865
04/24/26 16:10:10,10.55,145.39,14.73,13.52,3.63,447.68,9.80,79.50,1018.00,3.06,5.14,5.21,276.60,0.54,1,13.45,385.43,83.79,1,-12,6,-1,-3,STAT,60,LAT,LON,W,ÿÿÿÿÿ,800540347
04/24/26 16:11:10,10.60,140.41,13.50,12.34,6.11,447.89,9.90,78.90,1018.00,2.86,4.58,4.76,281.90,0.51,1,13.55,683.60,82.74,1,-11,8,-2,-2,STAT,60,LAT,LON,W,ÿÿÿÿÿ,1022576022
04/24/26 16:12:12,10.64,137.34,14.43,12.26,3.92,447.96,9.90,79.30,1018.00,2.79,4.68,4.95,300.00,0.31,1,13.59,925.88,79.72,1,-12,7,-1,-3,STAT,60,LAT,LON,W,ÿÿÿÿÿ,936960625
04/24/26 16:13:13,10.65,131.53,14.72,13.35,1.71,447.99,10.00,81.40,1018.00,2.87,6.18,6.27,313.40,0.27,1,13.55,864.66,79.25,1,-8,6,-2,-3,STAT,60,LAT,LON,W,ÿÿÿÿÿ,3857709436
04/24/26 16:14:13,10.71,146.70,15.49,12.11,5.00,448.00,10.00,78.90,1018.00,2.90,6.01,6.16,278.30,0.33,1,13.52,690.25,77.70,1,-10,7,-2,-2,STAT,60,LAT,LON,W,ÿÿÿÿÿ,4170346822
04/24/26 16:15:14,10.74,184.82,15.92,11.67,5.64,448.00,10.10,78.70,1018.00,2.78,5.38,5.71,288.30,0.66,1,13.48,561.86,79.59,1,-12,7,-2,-3,STAT,60,LAT,LON,W,ÿÿÿÿÿ,3804907899
04/24/26 16:16:10,10.77,179.93,15.50,12.05,6.50,447.68,10.00,78.50,1018.00,2.96,5.41,5.60,294.30,0.65,1,13.41,350.78,85.13,1,-12,7,-2,-3,STAT,60,LAT,LON,W,ÿÿÿÿÿ,3937958715
04/24/26 16:17:10,10.83,161.40,16.15,11.18,7.04,447.30,10.00,78.00,1018.00,3.26,5.11,5.31,303.90,0.60,1,13.41,200.82,80.77,1,-9,7,-2,-3,STAT,60,LAT,LON,W,ÿÿÿÿÿ,272648423
04/24/26 16:18:11,10.84,145.48,16.70,11.53,6.69,447.11,10.10,78.70,1018.00,3.02,5.07,5.38,315.20,0.27,1,13.38,159.62,81.45,1,-10,6,-2,-2,STAT,60,LAT,LON,W,ÿÿÿÿÿ,4287857224
04/24/26 16:19:13,10.88,139.68,17.28,10.79,7.13,447.08,10.10,78.40,1018.00,3.12,4.89,5.05,312.40,0.24,1,13.41,213.12,77.59,1,-12,5,-2,-2,STAT,60,LAT,LON,W,ÿÿÿÿÿ,2388154616
04/24/26 16:20:13,10.93,138.48,16.18,12.35,4.19,447.03,10.10,78.70,1018.00,3.07,5.09,5.14,276.20,0.30,1,13.41,221.51,78.12,1,-11,6,-1,-3,STAT,60,LAT,LON,W,ÿÿÿÿÿ,3691958917
04/24/26 16:21:14,10.94,142.89,16.95,12.94,4.22,447.01,10.10,78.60,1018.00,3.14,5.90,6.29,278.90,0.51,1,13.38,192.42,81.35,1,-8,6,-1,-3,STAT,60,LAT,LON,W,ÿÿÿÿÿ,939817977
04/24/26 16:22:11,10.95,145.28,16.01,12.15,6.09,447.00,10.20,78.30,1018.00,3.14,5.44,5.74,263.80,0.71,1,13.38,185.40,82.03,1,-12,6,-2,-2,STAT,60,LAT,LON,W,ÿÿÿÿÿ,2773037610
04/24/26 16:23:11,11.00,140.94,17.45,13.12,4.51,447.00,10.20,78.60,1018.00,3.00,5.59,6.02,264.50,0.68,1,13.38,213.85,82.37,1,-11,6,-1,-3,STAT,60,LAT,LON,W,ÿÿÿÿÿ,389700719
04/24/26 16:24:12,11.03,135.35,15.96,12.76,4.75,447.00,10.20,78.80,1018.00,3.04,5.84,6.04,282.90,0.50,1,13.41,230.11,80.00,1,-10,7,-1,-3,STAT,60,LAT,LON,W,ÿÿÿÿÿ,1548709604
04/24/26 16:25:12,11.05,133.95,18.04,12.95,4.94,447.00,10.20,79.10,1018.00,3.01,5.87,6.12,223.00,0.07,1,13.38,188.36,80.77,1,-12,5,-1,-3,STAT,60,LAT,LON,W,ÿÿÿÿÿ,1716720431
04/24/26 16:26:12,11.05,130.09,16.35,11.97,6.63,447.00,10.20,78.90,1018.00,3.00,5.48,5.71,305.70,0.31,1,13.38,160.17,78.06,1,-9,6,-1,-3,STAT,60,LAT,LON,W,ÿÿÿÿÿ,1378965035
04/24/26 16:27:13,11.08,130.84,15.95,12.18,6.37,447.00,10.20,79.40,1018.00,2.68,4.54,4.62,347.60,0.21,1,13.38,158.39,79.12,1,-11,6,-1,-2,STAT,60,LAT,LON,W,ÿÿÿÿÿ,792327339
04/24/26 16:28:13,11.12,128.35,14.89,11.42,7.26,447.00,10.20,78.60,1018.00,2.81,4.66,4.86,285.00,0.16,1,13.38,166.69,82.88,1,-10,7,-1,-2,STAT,60,LAT,LON,W,ÿÿÿÿÿ,60123667
04/24/26 16:29:12,11.14,127.10,14.48,12.44,6.05,447.00,10.20,79.20,1018.00,2.67,5.72,5.81,149.60,0.07,1,13.38,166.40,80.85,1,-10,7,-1,-2,STAT,60,LAT,LON,W,ÿÿÿÿÿ,1827833672
04/24/26 16:30:13,11.15,124.66,14.14,11.77,5.95,447.00,10.20,79.00,1018.00,2.50,4.84,4.93,343.60,0.09,1,13.38,168.29,77.90,1,-11,7,-2,-2,STAT,60,LAT,LON,W,ÿÿÿÿÿ,3539716364
04/24/26 16:31:14,11.15,120.37,16.79,11.52,6.26,446.50,10.30,78.90,1018.00,2.62,4.66,4.70,301.60,0.08,1,13.38,166.49,80.30,1,-11,5,-2,-1,STAT,60,LAT,LON,W,ÿÿÿÿÿ,3660888883
04/24/26 16:32:15,11.16,129.01,16.07,12.43,5.77,446.18,10.30,79.20,1018.00,2.58,4.94,5.14,161.10,0.09,1,13.38,169.45,80.50,1,-13,6,-2,-3,STAT,60,LAT,LON,W,ÿÿÿÿÿ,3416775429
04/24/26 16:33:15,11.21,142.04,15.19,12.40,5.65,446.06,10.30,79.20,1018.00,2.64,4.83,4.96,76.60,0.06,1,13.38,204.22,81.09,1,-11,7,-2,-2,STAT,60,LAT,LON,W,ÿÿÿÿÿ,3269721232
04/24/26 16:34:16,11.23,151.31,15.95,12.31,6.53,446.24,10.30,79.30,1018.00,2.76,4.88,4.92,107.80,0.14,1,13.41,266.39,80.00,1,-12,7,-2,-2,STAT,60,LAT,LON,W,ÿÿÿÿÿ,4218218426
04/24/26 16:35:17,11.25,150.17,16.10,10.94,7.50,446.42,10.30,78.80,1018.00,2.45,4.53,4.74,89.90,0.19,1,13.41,377.25,81.95,1,-13,6,-3,-2,STAT,60,LAT,LON,W,ÿÿÿÿÿ,3473450826
04/24/26 16:36:12,11.25,146.58,15.08,10.61,8.24,446.78,10.40,78.70,1018.00,2.65,4.93,5.01,122.60,0.12,1,13.55,673.02,82.78,1,-13,8,-3,-2,STAT,60,LAT,LON,W,ÿÿÿÿÿ,2053630431
04/24/26 16:37:13,11.28,140.85,12.99,11.92,7.12,446.27,10.50,79.00,1018.00,2.76,5.14,5.16,23.30,0.06,1,13.63,1012.61,81.10,1,-13,9,-2,-2,STAT,60,LAT,LON,W,ÿÿÿÿÿ,3675571957
04/24/26 16:38:14,11.33,179.93,12.40,12.20,6.94,445.59,10.50,79.40,1018.00,2.90,5.29,5.49,84.90,0.11,1,13.66,1184.55,81.71,1,-14,9,-2,-2,STAT,60,LAT,LON,W,ÿÿÿÿÿ,640571617
04/24/26 16:39:14,11.34,197.89,14.49,12.83,5.78,445.21,10.50,78.00,1018.00,2.92,5.09,5.19,104.10,0.19,1,13.66,1231.34,80.33,1,-13,7,-1,-2,STAT,60,LAT,LON,W,ÿÿÿÿÿ,4258749628
04/24/26 16:40:15,11.41,180.12,15.77,13.19,6.18,444.46,10.60,77.10,1018.00,2.83,4.76,4.80,114.50,0.23,1,13.63,1125.01,81.86,1,-13,7,-2,-2,STAT,60,LAT,LON,W,ÿÿÿÿÿ,2037478530
04/24/26 16:41:16,11.45,170.66,15.89,14.57,4.05,444.22,10.70,78.10,1018.00,3.26,4.95,5.44,106.80,0.06,1,13.59,979.21,78.19,1,-12,8,-2,-2,STAT,60,LAT,LON,W,ÿÿÿÿÿ,433607710
04/24/26 16:42:14,11.51,170.83,14.08,15.33,1.64,444.08,10.90,77.70,1018.00,2.95,4.99,5.33,324.80,0.04,1,13.55,845.07,86.33,1,-14,9,0,-3,STAT,60,LAT,LON,W,ÿÿÿÿÿ,982087371
04/24/26 16:43:15,11.57,176.18,15.72,13.45,5.34,443.99,11.00,75.50,1018.00,3.00,5.20,5.31,96.70,0.11,1,13.55,783.42,91.15,1,-15,9,-1,-4,STAT,60,LAT,LON,W,ÿÿÿÿÿ,56273589
04/24/26 16:44:16,11.63,170.34,16.00,13.77,5.27,444.00,11.10,76.50,1018.00,2.51,4.85,4.89,123.60,0.03,1,13.63,902.54,79.87,1,-14,8,-2,-4,STAT,60,LAT,LON,W,ÿÿÿÿÿ,3999625675
04/24/26 16:45:16,11.71,165.05,16.80,14.13,4.73,444.29,11.20,74.90,1018.00,2.53,4.40,4.72,104.20,0.12,1,13.70,1193.21,80.55,1,-13,9,-1,-3,STAT,60,LAT,LON,W,ÿÿÿÿÿ,2149119025
04/24/26 16:46:17,11.79,165.87,15.68,14.86,3.26,444.67,11.40,75.00,1018.00,2.47,4.79,5.08,76.50,0.06,1,13.70,1364.77,79.08,1,-12,10,-1,-4,STAT,60,LAT,LON,W,ÿÿÿÿÿ,3612226213
04/24/26 16:47:18,11.88,155.04,15.99,14.80,2.29,444.24,11.40,74.70,1018.00,2.31,5.12,5.65,330.60,0.10,1,13.70,1397.33,77.76,1,-12,10,-1,-4,STAT,60,LAT,LON,W,ÿÿÿÿÿ,3582439774
04/24/26 16:48:18,11.96,146.55,15.82,13.09,3.79,444.08,11.60,73.30,1018.00,2.45,5.09,5.27,325.80,0.22,1,13.70,1409.48,79.96,1,-10,10,-2,-4,STAT,60,LAT,LON,W,ÿÿÿÿÿ,1239197707
04/24/26 16:49:14,12.05,144.03,15.37,13.42,2.85,444.03,11.70,73.00,1018.00,2.43,4.40,4.47,92.60,0.13,1,13.59,1147.11,83.14,1,-12,10,0,-4,STAT,60,LAT,LON,W,ÿÿÿÿÿ,3474732113
04/24/26 16:50:15,12.14,147.42,15.13,12.36,5.87,444.01,11.70,72.50,1018.00,2.86,4.80,5.11,104.60,0.24,1,13.55,891.23,77.78,1,-10,10,-1,-4,STAT,60,LAT,LON,W,ÿÿÿÿÿ,3774635323
04/24/26 16:51:15,12.23,137.78,16.01,13.14,5.08,444.00,11.80,71.90,1018.00,2.58,4.64,5.23,131.20,0.08,1,13.48,662.40,81.64,1,-9,10,-1,-4,STAT,60,LAT,LON,W,ÿÿÿÿÿ,317654168
04/24/26 16:52:17,12.31,133.96,15.40,13.93,2.36,444.00,11.90,73.00,1018.00,2.44,4.35,4.65,353.70,0.01,1,13.45,462.69,77.44,1,-7,9,-2,-4,STAT,60,LAT,LON,W,ÿÿÿÿÿ,2097050306
04/24/26 16:53:13,12.39,134.02,16.64,11.75,4.31,444.00,12.00,72.00,1018.00,2.28,4.18,4.33,342.10,0.06,1,13.41,322.30,84.71,1,-8,9,-3,-4,STAT,60,LAT,LON,W,ÿÿÿÿÿ,1757842806
04/24/26 16:54:14,12.48,130.02,15.80,11.41,5.36,443.77,12.00,72.30,1018.00,2.51,4.47,4.67,76.00,0.08,1,13.41,235.65,78.43,1,-8,9,-3,-4,STAT,60,LAT,LON,W,ÿÿÿÿÿ,444751211
04/24/26 16:55:17,12.56,127.29,16.13,11.77,4.75,443.69,12.00,72.70,1018.00,2.47,4.30,4.81,355.20,0.06,1,13.38,203.06,96.55,1,-9,9,-3,-5,STAT,60,LAT,LON,W,ÿÿÿÿÿ,360484122
04/24/26 16:56:18,12.62,128.29,15.08,12.62,4.56,443.75,12.00,72.90,1018.00,2.82,4.92,5.24,335.40,0.16,1,13.38,191.38,86.67,1,-8,10,-3,-5,STAT,60,LAT,LON,W,ÿÿÿÿÿ,203680257
04/24/26 16:57:19,12.70,132.69,15.87,11.67,5.33,443.91,12.10,72.60,1018.00,2.86,5.35,5.46,302.70,0.24,1,13.38,196.53,80.13,1,-8,10,-3,-5,STAT,60,LAT,LON,W,ÿÿÿÿÿ,3420838699
04/24/26 16:58:15,12.75,140.20,16.18,12.32,5.57,443.85,12.10,72.50,1018.00,3.30,5.45,5.51,274.30,0.28,1,13.41,243.37,76.76,1,-8,9,-2,-5,STAT,60,LAT,LON,W,ÿÿÿÿÿ,3731837527
04/24/26 16:59:16,12.80,143.77,15.36,12.56,6.09,443.95,12.10,73.20,1018.00,2.86,5.33,5.62,284.10,0.37,1,13.38,266.75,80.07,1,-10,10,-1,-4,STAT,60,LAT,LON,W,ÿÿÿÿÿ,1798770720
04/24/26 17:00:17,12.85,131.58,16.50,12.46,5.54,443.98,12.20,73.50,1018.00,2.98,5.48,5.73,299.20,0.20,1,13.38,223.43,78.73,1,-9,9,-2,-4,STAT,60,LAT,LON,W,ÿÿÿÿÿ,1521364551
04/24/26 17:01:18,12.90,129.80,16.57,12.75,6.36,444.12,12.20,73.10,1018.00,3.23,5.37,5.49,263.00,0.26,1,13.38,195.15,78.33,1,-7,11,-1,-3,STAT,60,LAT,LON,W,ÿÿÿÿÿ,548144114
04/24/26 17:02:15,12.92,128.99,17.66,11.83,7.23,444.05,12.10,73.40,1018.00,3.66,6.14,6.33,238.30,0.34,1,13.38,181.34,81.73,1,-7,9,-2,-4,STAT,60,LAT,LON,W,ÿÿÿÿÿ,732022
04/24/26 17:03:16,12.96,135.17,15.59,11.93,7.92,444.02,12.10,74.00,1018.00,3.54,6.40,6.48,252.10,0.31,1,13.38,173.11,82.04,1,-7,9,-3,-4,STAT,60,LAT,LON,W,ÿÿÿÿÿ,1863941637
04/24/26 17:04:17,13.00,132.25,16.27,12.52,7.25,444.01,12.00,74.30,1018.00,3.68,6.52,6.67,282.90,0.41,1,13.38,169.58,78.93,1,-8,7,-2,-3,STAT,60,LAT,LON,W,ÿÿÿÿÿ,2444813924
04/24/26 17:05:17,13.02,125.64,16.45,12.82,5.97,444.00,12.00,74.90,1018.00,3.14,5.86,6.13,305.60,0.32,1,13.38,171.85,80.45,1,-7,8,-2,-3,STAT,60,LAT,LON,W,ÿÿÿÿÿ,750784097
04/24/26 17:06:18,13.03,140.61,15.40,12.48,5.42,444.00,12.00,74.40,1018.00,3.73,6.37,6.56,297.30,0.38,1,13.38,173.10,78.24,1,-7,9,-2,-3,STAT,60,LAT,LON,W,ÿÿÿÿÿ,3111997104
04/24/26 17:07:19,13.03,146.56,16.23,10.65,8.33,444.00,12.00,74.30,1018.00,3.27,6.07,6.14,296.00,0.38,1,13.38,172.04,80.10,1,-7,8,-2,-3,STAT,60,LAT,LON,W,ÿÿÿÿÿ,2206343165
04/24/26 17:08:15,13.03,139.26,11.10,12.26,5.98,444.00,12.00,73.60,1018.00,3.47,6.05,6.07,218.00,0.30,1,13.34,176.00,89.07,1,-10,13,0,-4,STAT,60,LAT,LON,W,ÿÿÿÿÿ,2400945332
04/24/26 17:09:16,13.05,131.93,12.78,11.82,7.31,444.00,11.90,74.50,1018.00,3.76,6.30,6.46,243.10,0.51,1,13.38,189.59,83.83,1,-9,11,-1,-3,STAT,60,LAT,LON,W,ÿÿÿÿÿ,4164385974
04/24/26 17:10:17,13.08,133.93,13.74,11.06,8.93,444.00,11.90,74.50,1018.00,3.67,6.87,7.21,228.70,0.33,1,13.38,257.18,82.34,1,-8,10,-1,-2,STAT,60,LAT,LON,W,ÿÿÿÿÿ,2217008894
04/24/26 17:11:18,13.10,136.68,15.66,10.43,9.00,443.81,11.80,73.90,1018.00,3.86,6.50,6.70,242.40,0.37,1,13.41,326.66,78.48,1,-9,8,-2,-2,STAT,60,LAT,LON,W,ÿÿÿÿÿ,4013493016
04/24/26 17:12:19,13.10,134.72,16.27,10.88,9.35,443.28,11.80,73.70,1018.00,3.79,6.39,6.90,275.10,0.45,1,13.41,388.67,82.56,1,-11,9,-1,-2,STAT,60,LAT,LON,W,ÿÿÿÿÿ,1433149189
04/24/26 17:13:19,13.11,129.70,14.92,11.65,9.02,443.10,11.80,73.90,1018.00,3.88,6.37,6.98,287.30,0.34,1,13.41,369.22,78.39,1,-12,10,-2,-1,STAT,60,LAT,LON,W,ÿÿÿÿÿ,3594586906
04/24/26 17:14:15,13.11,123.21,14.72,11.53,8.88,443.04,11.80,75.30,1018.00,3.30,5.50,6.38,281.40,0.39,1,13.41,293.29,82.60,1,-11,9,-2,-1,STAT,60,LAT,LON,W,ÿÿÿÿÿ,1136799287
04/24/26 17:15:18,13.11,118.79,14.57,11.10,8.55,442.40,11.80,75.10,1018.00,2.73,5.10,5.41,277.40,0.40,1,13.38,226.96,87.79,1,-11,9,-2,-2,STAT,60,LAT,LON,W,ÿÿÿÿÿ,505855279
04/24/26 17:16:19,13.11,120.85,17.61,10.32,10.51,441.56,11.70,73.70,1018.00,3.06,5.85,6.07,200.40,0.10,1,13.38,194.96,82.38,1,-11,7,-1,-1,STAT,60,LAT,LON,W,ÿÿÿÿÿ,1913472134
04/24/26 17:17:20,13.09,122.30,17.78,12.32,7.44,441.60,11.70,74.70,1018.00,3.49,5.82,5.99,251.30,0.15,1,13.38,180.16,80.24,1,-9,7,-1,-2,STAT,60,LAT,LON,W,ÿÿÿÿÿ,2848916325
04/24/26 17:18:16,13.08,131.91,17.52,11.84,7.60,441.85,11.70,75.20,1018.00,3.13,5.86,6.16,48.70,0.08,1,13.38,176.07,79.28,1,-11,7,-1,-1,STAT,60,LAT,LON,W,ÿÿÿÿÿ,844134661
04/24/26 17:19:17,13.07,140.62,16.77,12.52,8.17,441.95,11.70,76.10,1018.00,3.49,6.36,6.77,54.70,0.11,1,13.38,176.39,79.89,1,-10,7,-1,-1,STAT,60,LAT,LON,W,ÿÿÿÿÿ,3822776646
04/24/26 17:20:18,13.04,146.27,14.58,13.65,7.59,442.05,11.70,77.20,1018.00,3.41,5.80,5.94,249.10,0.28,1,13.38,180.64,80.03,1,-12,8,-1,-1,STAT,60,LAT,LON,W,ÿÿÿÿÿ,3129008184
04/24/26 17:21:21,13.04,142.23,15.59,11.73,10.57,442.02,11.70,75.70,1018.00,3.16,6.49,6.87,243.60,0.42,1,13.34,185.15,79.97,1,-11,8,-1,-1,STAT,60,LAT,LON,W,ÿÿÿÿÿ,4278140642
04/24/26 17:22:22,13.03,131.35,14.62,12.07,9.93,442.01,11.70,76.00,1018.00,3.31,6.32,6.49,274.10,0.54,1,13.34,186.09,86.84,1,-12,7,-1,-1,STAT,60,LAT,LON,W,ÿÿÿÿÿ,2945334662
04/24/26 17:23:17,13.03,124.95,15.02,11.44,9.91,442.00,11.70,75.60,1018.00,3.28,5.89,6.12,283.00,0.45,1,13.38,189.82,82.22,1,-11,8,-1,-1,STAT,60,LAT,LON,W,ÿÿÿÿÿ,1527651876
04/24/26 17:24:18,13.03,120.72,15.16,12.89,7.81,441.82,11.70,76.80,1018.00,3.26,6.25,7.09,262.00,0.19,1,13.38,194.79,80.01,1,-12,7,-1,-1,STAT,60,LAT,LON,W,ÿÿÿÿÿ,999885156
04/24/26 17:25:19,13.03,122.24,15.64,12.60,8.77,441.94,11.70,76.50,1018.00,3.59,6.05,6.64,285.40,0.14,1,13.38,192.79,81.83,1,-12,8,-1,-1,STAT,60,LAT,LON,W,ÿÿÿÿÿ,928413112
04/24/26 17:26:20,13.03,121.96,15.64,12.15,8.82,441.48,11.70,76.80,1017.00,3.28,5.75,5.99,294.70,0.25,1,13.38,193.05,79.19,1,-14,8,-1,-1,STAT,60,LAT,LON,W,ÿÿÿÿÿ,3454945017
04/24/26 17:27:20,13.03,124.36,14.34,12.13,9.62,441.17,11.70,76.50,1017.00,3.35,5.95,6.09,283.70,0.39,1,13.38,196.65,80.98,1,-13,9,0,-1,STAT,60,LAT,LON,W,ÿÿÿÿÿ,3426937374
04/24/26 17:28:16,13.03,125.42,13.33,12.43,9.03,441.06,11.80,77.10,1018.00,3.16,5.45,5.90,301.10,0.13,1,13.38,193.28,79.26,1,-12,10,-1,-1,STAT,60,LAT,LON,W,ÿÿÿÿÿ,340041196
04/24/26 17:29:17,13.03,121.99,13.96,13.57,7.45,441.11,11.80,77.80,1018.00,3.06,5.98,6.78,268.30,0.29,1,13.38,189.32,79.63,1,-12,9,-1,-1,STAT,60,LAT,LON,W,ÿÿÿÿÿ,2071309552
04/24/26 17:30:18,13.03,124.64,14.10,11.68,9.97,441.04,11.80,76.30,1017.00,3.34,6.65,6.93,274.10,0.29,1,13.38,190.19,80.16,1,-12,8,-1,-1,STAT,60,LAT,LON,W,ÿÿÿÿÿ,2537683439
04/24/26 17:31:18,13.03,123.56,14.08,11.91,10.80,441.01,11.80,77.60,1017.00,3.07,5.78,6.08,288.50,0.26,1,13.38,194.44,82.53,1,-12,9,-1,0,STAT,60,LAT,LON,W,ÿÿÿÿÿ,3643488761
04/24/26 17:32:19,13.03,135.19,14.68,12.79,9.87,441.00,11.90,76.60,1017.00,2.99,5.08,5.33,289.60,0.39,1,13.38,195.84,81.86,1,-13,9,-1,-1,STAT,60,LAT,LON,W,ÿÿÿÿÿ,3659930387
04/24/26 17:33:19,13.03,135.34,15.82,12.00,10.64,441.00,11.90,75.80,1018.00,3.04,5.12,5.48,275.50,0.58,1,13.38,198.82,79.54,1,-13,8,0,-1,STAT,60,LAT,LON,W,ÿÿÿÿÿ,737049284
04/24/26 17:34:29,13.03,131.44,14.16,10.32,12.47,441.00,11.80,75.10,1018.00,2.45,4.82,4.94,276.90,0.55,1,13.34,209.11,91.91,1,-12,9,-1,-1,STAT,60,LAT,LON,W,ÿÿÿÿÿ,2771936679
04/24/26 17:35:20,13.03,129.54,12.87,10.59,12.51,441.00,11.90,75.00,1018.00,3.02,5.47,5.82,303.30,0.41,1,13.41,296.39,92.51,1,-14,10,-1,-1,STAT,60,LAT,LON,W,ÿÿÿÿÿ,1534319443
04/24/26 17:36:21,13.03,131.40,11.93,12.60,10.61,441.00,11.90,76.10,1017.00,2.70,5.51,5.64,277.50,0.41,1,13.48,576.72,80.09,1,-12,10,-1,-1,STAT,60,LAT,LON,W,ÿÿÿÿÿ,912025092
04/24/26 17:37:21,13.03,136.88,13.87,12.90,10.56,441.00,11.90,75.50,1017.00,2.87,5.29,5.41,297.50,0.50,1,13.45,501.92,79.40,1,-14,8,-1,-1,STAT,60,LAT,LON,W,ÿÿÿÿÿ,2544238364
04/24/26 17:38:22,13.03,130.35,13.95,13.17,10.27,440.92,12.00,76.80,1017.00,3.07,5.63,5.97,291.90,0.42,1,13.41,322.78,80.43,1,-12,8,0,-1,STAT,60,LAT,LON,W,ÿÿÿÿÿ,3011678086
04/24/26 17:39:23,13.04,132.52,14.22,11.26,12.36,440.57,12.00,75.20,1017.00,3.07,4.96,5.16,293.90,0.74,1,13.41,251.31,78.98,1,-16,9,-1,0,STAT,60,LAT,LON,W,ÿÿÿÿÿ,4087382426
04/24/26 17:40:23,13.08,132.45,13.76,12.89,11.36,440.20,12.10,76.80,1017.00,3.12,5.08,5.24,269.70,0.43,1,13.41,235.51,81.64,1,-16,9,-1,0,STAT,60,LAT,LON,W,ÿÿÿÿÿ,2984630597
04/24/26 17:41:20,13.10,134.22,13.15,12.86,11.55,440.08,12.20,75.90,1017.00,3.45,5.49,5.64,282.10,0.47,1,13.41,265.50,91.46,1,-16,10,-2,0,STAT,60,LAT,LON,W,ÿÿÿÿÿ,916626729
04/24/26 17:42:20,13.12,130.89,12.77,13.80,8.41,440.03,12.20,75.80,1017.00,3.23,5.54,5.60,325.40,0.25,1,13.41,297.83,80.81,1,-14,11,-2,0,STAT,60,LAT,LON,W,ÿÿÿÿÿ,2777460544
04/24/26 17:43:21,13.13,128.90,12.61,14.29,7.73,440.01,12.20,76.30,1017.00,3.58,5.78,5.80,294.80,0.42,1,13.41,318.14,79.77,1,-14,10,-1,-1,STAT,60,LAT,LON,W,ÿÿÿÿÿ,3874074718
04/24/26 17:44:22,13.13,126.87,14.04,13.33,8.69,440.00,12.20,76.60,1017.00,3.26,5.47,5.60,262.90,0.25,1,13.41,327.45,76.88,1,-12,10,-2,-2,STAT,60,LAT,LON,W,ÿÿÿÿÿ,2790085424
04/24/26 17:45:23,13.16,128.67,13.36,13.31,10.47,440.00,12.30,77.80,1017.00,3.39,5.51,5.59,252.10,0.15,1,13.45,396.03,78.98,1,-14,11,-1,-1,STAT,60,LAT,LON,W,ÿÿÿÿÿ,1525565889
04/24/26 17:46:23,13.20,127.68,12.00,13.27,9.30,440.35,12.30,76.40,1017.00,3.26,5.56,5.81,226.60,0.27,1,13.45,490.22,80.67,1,-14,11,-1,-1,STAT,60,LAT,LON,W,ÿÿÿÿÿ,241221892
04/24/26 17:47:21,13.22,133.56,13.72,13.18,10.05,440.63,12.40,76.60,1017.00,2.86,5.39,6.15,270.60,0.38,1,13.48,467.25,78.89,1,-16,10,-1,-1,STAT,60,LAT,LON,W,ÿÿÿÿÿ,2942236247
04/24/26 17:48:22,13.24,132.72,13.55,13.18,10.79,440.38,12.60,77.10,1017.00,2.37,4.73,5.01,284.10,0.49,1,13.52,584.21,82.37,1,-17,11,-2,-1,STAT,60,LAT,LON,W,ÿÿÿÿÿ,2524641327
04/24/26 17:49:23,13.30,136.01,13.14,13.03,9.89,440.78,12.70,76.40,1017.00,2.58,4.90,5.05,300.30,0.45,1,13.55,660.34,81.78,1,-19,12,-1,-1,STAT,60,LAT,LON,W,ÿÿÿÿÿ,506072365
04/24/26 17:50:24,13.32,135.22,11.60,14.01,9.25,440.92,12.90,75.70,1017.00,3.16,6.27,6.83,297.50,0.46,1,13.59,775.00,78.15,1,-17,12,-1,-1,STAT,60,LAT,LON,W,ÿÿÿÿÿ,1782663118
04/24/26 17:51:25,13.38,139.95,12.80,11.95,11.34,440.97,13.00,74.00,1017.00,3.17,6.03,6.44,302.10,0.21,1,13.70,1075.84,81.44,1,-20,12,-1,-1,STAT,60,LAT,LON,W,ÿÿÿÿÿ,3124515356
04/24/26 17:52:20,13.42,137.41,14.22,12.24,10.27,440.99,13.00,73.80,1017.00,2.81,5.54,5.70,308.70,0.19,1,13.80,1487.45,77.76,1,-19,10,-1,-2,STAT,60,LAT,LON,W,ÿÿÿÿÿ,317166599
04/24/26 17:53:21,13.49,155.20,14.12,12.16,10.67,441.00,13.20,72.40,1017.00,2.78,5.08,5.13,285.80,0.40,1,13.84,1673.07,78.85,1,-18,12,-2,-2,STAT,60,LAT,LON,W,ÿÿÿÿÿ,3332713223
04/24/26 17:54:22,13.55,155.76,12.21,11.92,9.50,441.00,13.40,72.60,1017.00,2.92,5.10,5.31,275.40,0.50,1,13.87,1710.98,85.81,1,-16,13,-5,-3,STAT,60,LAT,LON,W,ÿÿÿÿÿ,3509016287
04/24/26 17:55:22,13.62,157.04,12.05,15.31,6.05,441.00,13.50,73.30,1017.00,2.64,5.36,5.43,287.00,0.38,1,13.91,1696.18,78.14,1,-16,13,-4,-3,STAT,60,LAT,LON,W,ÿÿÿÿÿ,3276649199
04/24/26 17:56:23,13.69,156.88,11.95,12.65,8.18,441.00,13.70,71.30,1017.00,2.95,6.06,6.09,280.50,0.57,1,13.95,1638.44,77.29,1,-16,15,-3,-3,STAT,60,LAT,LON,W,ÿÿÿÿÿ,3600885667
04/24/26 17:57:19,13.77,160.13,14.57,11.28,8.41,441.00,13.80,69.60,1017.00,2.76,5.57,5.66,280.00,0.45,1,13.98,1498.52,76.03,1,-17,13,-2,-4,STAT,60,LAT,LON,W,ÿÿÿÿÿ,2670819745
04/24/26 17:58:19,13.85,156.08,14.68,12.54,8.30,441.00,13.90,71.60,1017.00,2.84,4.88,5.03,286.50,0.50,1,14.02,1262.59,75.71,1,-15,13,-1,-4,STAT,60,LAT,LON,W,ÿÿÿÿÿ,429333542
04/24/26 17:59:20,13.94,150.68,13.68,14.60,6.52,441.00,14.00,71.60,1017.00,2.75,5.14,5.19,275.60,0.33,1,14.02,1008.84,78.00,1,-13,13,-2,-4,STAT,60,LAT,LON,W,ÿÿÿÿÿ,3473250707
04/24/26 18:00:21,14.03,144.76,13.21,13.26,6.86,441.00,14.20,70.10,1017.00,2.94,5.83,5.84,265.90,0.38,1,14.05,773.28,75.27,1,-14,13,-2,-4,STAT,60,LAT,LON,W,ÿÿÿÿÿ,2111161341
04/24/26 18:01:24,14.13,144.52,16.79,11.51,7.83,441.00,14.30,68.40,1017.00,2.89,5.82,6.05,211.80,0.41,1,14.05,578.13,79.38,1,-14,11,-3,-4,STAT,60,LAT,LON,W,ÿÿÿÿÿ,2036578382
04/24/26 18:02:25,14.23,142.01,16.17,12.03,8.12,441.00,14.40,68.50,1017.00,2.79,5.71,6.06,210.50,0.36,1,14.05,421.25,77.67,1,-13,12,-2,-4,STAT,60,LAT,LON,W,ÿÿÿÿÿ,650612895
04/24/26 18:03:26,14.32,141.58,13.37,15.06,5.39,441.00,14.50,69.40,1017.00,2.53,5.15,5.55,188.50,0.18,1,13.98,264.36,78.31,1,-13,13,-2,-4,STAT,60,LAT,LON,W,ÿÿÿÿÿ,4280469506
04/24/26 18:04:21,14.42,146.86,13.29,13.04,7.40,441.00,14.60,69.10,1017.00,2.85,5.08,5.37,208.90,0.27,1,13.84,82.96,76.56,1,-14,14,-3,-5,STAT,60,LAT,LON,W,ÿÿÿÿÿ,2072466215
04/24/26 18:05:22,14.52,150.52,15.68,12.34,8.59,441.00,14.70,69.20,1017.00,2.86,5.61,5.84,219.30,0.52,1,14.05,282.42,77.69,1,-13,13,-3,-4,STAT,60,LAT,LON,W,ÿÿÿÿÿ,2005324505
04/24/26 18:06:23,14.63,153.09,14.84,10.71,8.75,441.00,14.70,67.50,1017.00,2.95,5.40,5.48,271.80,0.75,1,13.87,97.98,76.10,1,-12,14,-2,-5,STAT,60,LAT,LON,W,ÿÿÿÿÿ,2450730643
04/24/26 18:07:24,14.72,151.18,12.42,11.71,7.78,441.00,14.80,68.20,1017.00,2.81,5.43,5.46,304.20,0.38,1,14.02,244.46,93.85,1,-10,15,-3,-4,STAT,60,LAT,LON,W,ÿÿÿÿÿ,1937072911
04/24/26 18:08:24,14.82,137.37,15.90,11.84,7.26,441.46,15.00,67.40,1017.00,2.74,4.97,4.99,261.50,0.44,1,13.91,105.96,82.00,1,-9,15,-2,-5,STAT,60,LAT,LON,W,ÿÿÿÿÿ,4068153206
04/24/26 18:09:25,14.91,138.75,15.08,12.67,6.63,441.81,15.10,67.50,1017.00,2.42,4.91,5.17,288.40,0.51,1,13.80,29.93,82.61,1,-11,15,-3,-4,STAT,60,LAT,LON,W,ÿÿÿÿÿ,2421315104
04/24/26 18:10:21,15.00,135.39,15.98,11.47,8.44,441.93,15.20,67.20,1017.00,2.27,4.19,4.69,275.00,0.51,1,14.02,239.93,76.83,1,-10,14,-3,-3,STAT,60,LAT,LON,W,ÿÿÿÿÿ,3542604629
04/24/26 18:11:22,15.09,140.37,16.44,11.60,6.69,441.70,15.30,65.90,1017.00,1.81,4.51,4.81,266.60,0.68,1,13.87,67.76,80.55,1,-12,14,-2,-4,STAT,60,LAT,LON,W,ÿÿÿÿÿ,2596939533
04/24/26 18:12:22,15.19,138.66,13.89,13.01,5.34,441.90,15.30,69.90,1017.00,2.10,4.86,4.96,236.50,0.36,1,13.80,19.14,78.70,1,-10,15,-3,-5,STAT,60,LAT,LON,W,ÿÿÿÿÿ,2288392356
04/24/26 18:13:23,15.28,133.89,14.30,11.90,6.48,441.96,15.30,67.20,1017.00,3.14,5.71,5.74,220.20,0.33,1,13.95,128.12,79.97,1,-9,16,-2,-4,STAT,60,LAT,LON,W,ÿÿÿÿÿ,500308699
04/24/26 18:14:25,15.37,150.22,16.06,9.67,8.57,441.99,15.20,65.80,1017.00,2.88,5.61,5.62,203.80,0.69,1,13.84,36.19,83.98,1,-9,15,-3,-4,STAT,60,LAT,LON,W,ÿÿÿÿÿ,3918664100
04/24/26 18:15:26,15.45,155.17,15.12,9.36,8.70,442.00,15.30,66.00,1017.00,2.96,5.67,5.67,208.50,0.41,1,14.05,205.70,77.29,1,-10,16,-3,-4,STAT,60,LAT,LON,W,ÿÿÿÿÿ,72260471
04/24/26 18:16:22,15.53,149.48,15.19,10.54,7.52,442.00,15.40,65.90,1017.00,2.84,5.38,5.63,228.70,0.41,1,13.91,88.82,78.32,1,-9,16,-2,-5,STAT,60,LAT,LON,W,ÿÿÿÿÿ,3032323925
04/24/26 18:17:23,15.61,155.97,14.74,12.31,5.22,441.50,15.40,66.60,1017.00,2.27,4.98,5.17,264.90,0.32,1,13.84,25.09,75.76,1,-8,16,-2,-5,STAT,60,LAT,LON,W,ÿÿÿÿÿ,2216259382
04/24/26 18:18:23,15.69,155.52,16.79,10.65,7.33,441.18,15.50,66.00,1017.00,2.33,4.30,4.37,255.10,0.45,1,14.05,257.29,78.27,1,-10,15,-2,-4,STAT,60,LAT,LON,W,ÿÿÿÿÿ,793300104
04/24/26 18:19:24,15.75,153.46,14.97,12.08,6.09,441.06,15.60,67.60,1017.00,2.30,4.23,4.26,283.10,0.24,1,13.91,82.69,79.42,1,-12,15,-2,-3,STAT,60,LAT,LON,W,ÿÿÿÿÿ,3206205360
04/24/26 18:20:26,15.84,139.61,14.83,11.57,5.94,440.94,15.80,66.20,1017.00,2.22,4.32,4.50,285.00,0.34,1,13.80,23.35,83.18,1,-10,17,-3,-5,STAT,60,LAT,LON,W,ÿÿÿÿÿ,1375416504
04/24/26 18:21:26,15.92,140.52,11.70,13.86,4.80,440.56,16.00,69.00,1017.00,2.04,4.37,4.63,257.10,0.17,1,13.95,147.56,84.32,1,-13,17,-3,-4,STAT,60,LAT,LON,W,ÿÿÿÿÿ,263305538
04/24/26 18:22:22,15.99,144.46,15.28,10.51,6.90,440.21,16.00,65.10,1017.00,2.16,5.24,6.10,275.20,0.48,1,13.87,46.30,79.28,1,-13,16,-2,-5,STAT,60,LAT,LON,W,ÿÿÿÿÿ,1246005280
04/24/26 18:23:23,16.07,161.67,13.87,12.21,6.13,440.08,16.10,66.60,1017.00,1.97,4.50,5.14,262.90,0.27,1,13.80,13.08,76.19,1,-14,17,-2,-5,STAT,60,LAT,LON,W,ÿÿÿÿÿ,3273474888
04/24/26 18:24:24,16.15,156.29,16.16,10.64,7.52,439.67,16.30,64.90,1017.00,2.31,4.84,5.45,262.70,0.33,1,13.98,151.65,78.19,1,-12,17,-2,-5,STAT,60,LAT,LON,W,ÿÿÿÿÿ,3585192867
04/24/26 18:25:25,16.23,155.72,13.88,12.67,5.84,439.24,16.50,67.80,1017.00,2.51,5.25,5.80,275.70,0.40,1,13.87,42.83,74.95,1,-14,18,-2,-4,STAT,60,LAT,LON,W,ÿÿÿÿÿ,2556290153
04/24/26 18:26:26,16.32,148.20,16.60,11.16,7.26,439.08,16.70,65.00,1017.00,2.61,5.55,5.97,289.10,0.25,1,13.80,12.10,77.35,1,-12,17,-2,-4,STAT,60,LAT,LON,W,ÿÿÿÿÿ,720466853
04/24/26 18:27:23,16.41,149.04,15.80,11.40,6.21,439.03,16.70,62.70,1017.00,2.87,5.86,6.09,257.20,0.39,1,13.98,164.56,82.64,1,-13,18,-1,-4,STAT,60,LAT,LON,W,ÿÿÿÿÿ,188523276
04/24/26 18:28:24,16.51,148.42,16.59,9.01,8.52,439.01,16.90,61.80,1017.00,3.38,5.62,5.70,237.50,0.41,1,13.87,46.48,76.13,1,-12,19,-2,-4,STAT,60,LAT,LON,W,ÿÿÿÿÿ,65600627
04/24/26 18:29:25,16.60,153.83,15.52,7.95,9.90,439.27,16.90,62.10,1017.00,2.96,4.89,5.11,200.90,0.41,1,13.80,13.13,80.93,1,-14,19,-3,-3,STAT,60,LAT,LON,W,ÿÿÿÿÿ,1926393697
04/24/26 18:30:26,16.70,142.82,16.38,8.07,8.87,439.74,16.90,61.20,1017.00,2.87,5.01,5.31,204.70,0.45,1,14.02,207.90,78.28,1,-9,19,-3,-4,STAT,60,LAT,LON,W,ÿÿÿÿÿ,3582045858
04/24/26 18:31:27,16.79,141.71,17.26,10.02,7.71,439.91,17.00,64.90,1017.00,2.69,4.67,4.78,231.30,0.42,1,13.87,58.72,75.71,1,-12,19,-3,-3,STAT,60,LAT,LON,W,ÿÿÿÿÿ,3004177298
04/24/26 18:32:24,16.88,129.59,16.11,10.47,7.69,439.96,17.10,63.30,1017.00,2.47,4.87,5.35,287.50,0.37,1,13.80,18.43,87.34,1,-8,19,-3,-4,STAT,60,LAT,LON,W,ÿÿÿÿÿ,3436848560
04/24/26 18:33:26,16.96,134.13,16.53,7.77,9.04,439.99,17.10,60.70,1017.00,2.95,5.58,5.91,292.60,0.44,1,14.05,221.76,79.09,1,-10,19,-3,-3,STAT,60,LAT,LON,W,ÿÿÿÿÿ,2018548420
04/24/26 18:34:27,17.03,132.16,15.35,9.04,7.60,439.84,17.10,62.40,1017.00,2.04,4.78,4.89,252.80,0.40,1,13.87,62.63,76.99,1,-9,19,-3,-5,STAT,60,LAT,LON,W,ÿÿÿÿÿ,4092833506
04/24/26 18:35:28,17.11,134.16,14.54,9.75,8.32,439.29,17.20,62.50,1017.00,2.24,4.28,4.54,283.40,0.45,1,13.80,17.69,76.58,1,-9,19,-3,-4,STAT,60,LAT,LON,W,ÿÿÿÿÿ,1738151019
04/24/26 18:36:24,17.19,135.30,16.87,6.74,11.32,439.11,17.30,60.30,1017.00,2.33,4.90,4.99,264.20,0.57,1,14.05,245.71,78.96,1,-9,19,-3,-3,STAT,60,LAT,LON,W,ÿÿÿÿÿ,2337513543
04/24/26 18:37:26,17.27,136.38,15.42,9.10,8.89,439.04,17.40,61.80,1017.00,2.80,5.20,5.61,275.40,0.51,1,13.91,69.40,73.97,1,-8,20,-3,-3,STAT,60,LAT,LON,W,ÿÿÿÿÿ,1876100650
04/24/26 18:38:27,17.34,134.45,15.25,9.37,7.35,439.10,17.40,61.40,1017.00,2.50,5.23,5.57,265.10,0.35,1,13.84,19.60,80.15,1,-9,21,-2,-4,STAT,60,LAT,LON,W,ÿÿÿÿÿ,400527638
04/24/26 18:39:28,17.41,130.68,16.26,6.45,9.20,439.33,17.40,59.40,1017.00,2.21,4.88,5.23,249.60,0.54,1,14.05,263.49,81.82,1,-7,21,-3,-4,STAT,60,LAT,LON,W,ÿÿÿÿÿ,1891984472
04/24/26 18:40:26,17.49,137.17,15.70,6.99,10.26,439.56,17.40,60.30,1017.00,2.28,5.07,5.81,277.20,0.53,1,13.91,93.48,79.34,1,-8,20,-3,-3,STAT,60,LAT,LON,W,ÿÿÿÿÿ,3808486029
04/24/26 18:41:28,17.55,131.50,16.66,6.87,10.45,439.30,17.40,59.80,1017.00,2.57,5.28,5.56,269.70,0.61,1,13.84,26.40,75.65,1,-8,20,-3,-3,STAT,60,LAT,LON,W,ÿÿÿÿÿ,995895086
04/24/26 18:42:30,17.62,124.17,17.71,7.41,9.07,439.75,17.40,59.90,1017.00,2.28,4.18,4.28,270.40,0.61,1,14.05,186.75,74.01,1,-5,20,-3,-3,STAT,60,LAT,LON,W,ÿÿÿÿÿ,1793135103
04/24/26 18:43:26,17.68,124.13,15.61,7.06,9.06,439.82,17.40,59.80,1017.00,2.72,4.95,5.18,278.50,0.65,1,13.91,80.40,73.53,1,-6,21,-2,-3,STAT,60,LAT,LON,W,ÿÿÿÿÿ,2346235072
04/24/26 18:44:28,17.73,118.74,15.78,7.21,9.13,439.29,17.30,59.00,1017.00,2.80,5.32,5.52,263.90,0.55,1,13.84,22.71,76.29,1,-5,21,-2,-3,STAT,60,LAT,LON,W,ÿÿÿÿÿ,915519314
04/24/26 18:45:29,17.79,126.59,17.12,8.19,8.54,439.10,17.40,60.70,1017.00,2.51,4.62,4.69,270.50,0.53,1,13.98,112.54,76.42,1,-8,20,-3,-3,STAT,60,LAT,LON,W,ÿÿÿÿÿ,2297912859
04/24/26 18:46:30,17.83,124.30,17.03,7.46,10.14,438.68,17.40,60.50,1017.00,2.69,5.21,5.23,268.70,0.45,1,13.91,96.67,73.61,1,-9,21,-3,-3,STAT,60,LAT,LON,W,ÿÿÿÿÿ,2466873909
04/24/26 18:47:28,17.89,123.44,14.48,9.36,9.71,437.49,17.40,62.00,1017.00,2.89,4.90,4.91,272.40,0.48,1,13.84,30.34,77.32,1,-9,22,-3,-2,STAT,60,LAT,LON,W,ÿÿÿÿÿ,972253651
04/24/26 18:48:29,17.93,126.57,15.28,6.90,12.55,436.36,17.40,59.60,1017.00,2.62,4.18,4.33,284.10,0.42,1,13.91,161.47,77.23,1,-9,21,-3,-2,STAT,60,LAT,LON,W,ÿÿÿÿÿ,972141379
04/24/26 18:49:30,17.98,129.54,16.42,4.74,12.20,435.48,17.40,58.10,1017.00,2.10,4.56,4.68,267.90,0.59,1,13.95,126.87,79.11,1,-11,22,-3,-2,STAT,60,LAT,LON,W,ÿÿÿÿÿ,470339760
04/24/26 18:50:26,18.02,130.33,16.50,8.41,9.83,435.18,17.40,58.80,1017.00,2.67,5.06,5.11,281.90,0.49,1,13.84,39.81,75.02,1,-10,22,-2,-2,STAT,60,LAT,LON,W,ÿÿÿÿÿ,2279442643
04/24/26 18:51:27,18.07,117.37,14.88,12.50,5.98,434.93,17.40,62.60,1017.00,2.88,5.80,5.82,294.30,0.43,1,13.80,11.24,76.44,1,-7,22,-2,-2,STAT,60,LAT,LON,W,ÿÿÿÿÿ,1972951718
04/24/26 18:52:28,18.12,120.59,16.69,9.18,7.94,434.86,17.60,60.50,1017.00,2.94,5.47,5.51,280.80,0.46,1,13.95,156.85,74.52,1,-8,22,-2,-2,STAT,60,LAT,LON,W,ÿÿÿÿÿ,2925690872
04/24/26 18:53:28,18.19,136.20,17.39,6.99,10.07,434.95,17.60,58.90,1017.00,2.68,5.19,5.34,264.00,0.64,1,13.84,44.30,80.72,1,-12,23,-2,-2,STAT,60,LAT,LON,W,ÿÿÿÿÿ,862283485
04/24/26 18:54:25,18.22,142.52,15.51,5.61,11.02,434.98,17.60,58.70,1017.00,2.60,5.31,5.52,268.00,0.57,1,13.80,13.90,80.32,1,-11,24,-3,-2,STAT,60,LAT,LON,W,ÿÿÿÿÿ,752493543
04/24/26 18:55:26,18.29,143.67,16.76,4.12,13.43,434.99,17.60,58.20,1017.00,3.10,5.56,5.63,278.50,0.78,1,13.98,155.50,77.10,1,-10,24,-2,-2,STAT,60,LAT,LON,W,ÿÿÿÿÿ,52372287
04/24/26 18:56:27,18.34,142.87,16.25,4.95,13.37,435.00,17.60,57.90,1017.00,2.83,5.35,5.49,267.10,0.70,1,13.87,43.92,75.09,1,-10,24,-2,-2,STAT,60,LAT,LON,W,ÿÿÿÿÿ,4276294974
04/24/26 18:57:29,18.40,130.43,16.53,4.77,12.34,434.54,17.50,57.30,1017.00,2.77,5.66,5.81,278.70,0.75,1,13.80,12.40,76.49,1,-6,22,-1,-2,STAT,60,LAT,LON,W,ÿÿÿÿÿ,2112913924
04/24/26 18:58:29,18.43,120.60,16.08,5.27,12.02,434.19,17.40,57.70,1017.00,3.36,5.59,5.64,279.70,0.73,1,14.02,199.79,75.86,1,-7,23,-2,-2,STAT,60,LAT,LON,W,ÿÿÿÿÿ,1334680895
04/24/26 18:59:26,18.49,122.14,16.54,3.56,13.64,434.07,17.40,56.60,1017.00,3.09,5.76,5.92,268.10,0.75,1,13.87,62.70,73.69,1,-9,24,-2,-2,STAT,60,LAT,LON,W,ÿÿÿÿÿ,1798407009
04/24/26 19:00:30,18.52,115.87,15.04,6.88,10.99,433.62,17.30,57.90,1017.00,3.53,5.91,6.25,293.80,0.53,1,13.80,17.71,76.28,1,-7,22,-2,-2,STAT,60,LAT,LON,W,ÿÿÿÿÿ,4187237948
04/24/26 19:01:26,18.54,128.60,15.44,7.59,10.69,433.24,17.40,59.50,1017.00,3.35,5.73,5.97,278.10,0.45,1,14.05,236.71,75.94,1,-11,22,-2,-2,STAT,60,LAT,LON,W,ÿÿÿÿÿ,2131010928
04/24/26 19:02:27,18.59,143.35,17.11,6.18,12.10,433.08,17.40,57.90,1017.00,2.69,5.43,5.88,267.20,0.64,1,13.91,75.76,77.45,1,-12,22,-2,-1,STAT,60,LAT,LON,W,ÿÿÿÿÿ,1149366119
04/24/26 19:03:28,18.62,154.84,14.64,8.35,10.75,432.95,17.40,58.90,1017.00,3.17,5.62,5.95,246.20,0.36,1,13.84,21.40,74.15,1,-11,24,-2,-1,STAT,60,LAT,LON,W,ÿÿÿÿÿ,1266531359
04/24/26 19:04:29,18.63,141.24,14.97,6.78,11.96,432.88,17.40,58.40,1017.00,3.10,5.40,5.69,273.10,0.45,1,14.02,227.20,80.38,1,-8,25,-1,-1,STAT,60,LAT,LON,W,ÿÿÿÿÿ,970838917
04/24/26 19:05:30,18.67,193.21,16.41,4.99,13.83,432.50,17.40,56.60,1016.00,2.50,4.84,5.26,290.70,0.63,1,13.91,112.06,80.08,1,-11,25,-2,-1,STAT,60,LAT,LON,W,ÿÿÿÿÿ,413014007
04/24/26 19:06:32,18.71,191.57,16.45,5.03,13.85,432.02,17.40,56.60,1016.00,2.57,5.17,5.55,273.60,0.46,1,13.84,31.65,75.53,1,-15,24,-1,-1,STAT,60,LAT,LON,W,ÿÿÿÿÿ,199588592
04/24/26 19:07:30,18.73,168.42,16.72,4.19,14.69,431.63,17.40,55.70,1017.00,2.44,4.85,5.50,289.70,0.50,1,13.91,148.32,82.04,1,-14,24,-3,-2,STAT,60,LAT,LON,W,ÿÿÿÿÿ,1500438550
04/24/26 19:08:30,18.76,148.78,16.03,4.57,15.57,431.52,17.40,55.00,1017.00,3.07,5.56,5.79,281.60,0.37,1,13.95,136.75,78.19,1,-15,24,-2,0,STAT,60,LAT,LON,W,ÿÿÿÿÿ,2493963386
04/24/26 19:09:32,18.80,129.92,14.92,6.87,14.52,431.18,17.40,57.90,1017.00,2.94,5.64,5.81,266.20,0.33,1,13.84,38.62,74.96,1,-12,26,-2,-1,STAT,60,LAT,LON,W,ÿÿÿÿÿ,100134973
04/24/26 19:10:32,18.82,130.31,17.10,6.53,14.20,430.58,17.50,57.60,1017.00,3.20,5.73,5.79,268.90,0.38,1,13.80,10.91,77.96,1,-12,24,-2,0,STAT,60,LAT,LON,W,ÿÿÿÿÿ,1766326319
04/24/26 19:11:28,18.87,138.54,18.75,3.18,16.14,430.34,17.40,54.00,1016.00,2.96,5.56,5.58,236.00,0.65,1,13.98,208.15,75.00,1,-13,24,-2,-1,STAT,60,LAT,LON,W,ÿÿÿÿÿ,2575261829
04/24/26 19:12:29,18.91,130.61,15.73,5.03,14.94,430.04,17.40,55.70,1016.00,3.05,5.81,5.82,243.20,0.50,1,13.87,58.79,77.26,1,-10,25,-2,-1,STAT,60,LAT,LON,W,ÿÿÿÿÿ,1294546693
04/24/26 19:13:32,18.93,128.22,16.34,6.17,14.40,429.91,17.50,57.10,1016.00,2.78,5.39,5.39,269.40,0.42,1,13.80,16.60,88.35,1,-9,24,-3,-1,STAT,60,LAT,LON,W,ÿÿÿÿÿ,316457696
04/24/26 19:14:33,18.99,138.33,13.88,7.92,12.97,429.35,17.50,58.30,1016.00,2.80,4.88,4.89,251.20,0.47,1,13.98,163.60,80.53,1,-6,25,-3,-1,STAT,60,LAT,LON,W,ÿÿÿÿÿ,1556187076
04/24/26 19:15:30,19.01,159.39,15.39,4.51,15.11,429.14,17.50,55.50,1016.00,2.96,5.74,6.19,231.50,0.60,1,13.87,51.34,76.37,1,-12,26,-2,-1,STAT,60,LAT,LON,W,ÿÿÿÿÿ,2417098274
04/24/26 19:16:30,19.03,159.08,14.77,5.19,15.14,428.89,17.50,57.20,1016.00,3.29,6.25,6.68,237.90,0.54,1,13.80,14.50,78.12,1,-8,26,-1,0,STAT,60,LAT,LON,W,ÿÿÿÿÿ,3945824897
04/24/26 19:17:32,19.09,159.64,15.12,6.76,14.38,428.96,17.50,59.30,1016.00,2.82,5.24,5.59,263.30,0.73,1,14.05,211.77,77.23,1,-7,25,-1,0,STAT,60,LAT,LON,W,ÿÿÿÿÿ,333768996
04/24/26 19:18:32,19.11,154.33,14.90,7.87,12.89,428.99,17.50,59.40,1016.00,2.53,4.82,5.26,272.00,0.47,1,13.87,59.81,74.15,1,-10,27,-1,0,STAT,60,LAT,LON,W,ÿÿÿÿÿ,471304015
04/24/26 19:19:34,19.12,144.61,18.09,5.05,15.93,428.55,17.50,56.30,1016.00,2.61,5.54,5.81,263.50,0.61,1,13.84,16.89,76.07,1,-9,26,-1,0,STAT,60,LAT,LON,W,ÿÿÿÿÿ,4228120674
04/24/26 19:20:30,19.17,147.81,19.28,3.68,16.54,428.21,17.50,54.80,1016.00,2.93,5.80,5.90,240.60,0.65,1,13.98,153.22,85.51,1,-12,25,-1,0,STAT,60,LAT,LON,W,ÿÿÿÿÿ,1185699602
04/24/26 19:21:31,19.20,138.28,16.40,5.86,15.63,428.16,17.40,56.80,1016.00,3.35,5.88,5.91,237.90,0.46,1,13.87,43.27,80.63,1,-12,27,-1,0,STAT,60,LAT,LON,W,ÿÿÿÿÿ,57774381
04/24/26 19:22:32,19.22,131.38,16.77,5.43,16.72,428.25,17.40,56.20,1016.00,3.17,5.36,5.51,236.80,0.56,1,13.84,12.22,76.26,1,-12,27,-2,0,STAT,60,LAT,LON,W,ÿÿÿÿÿ,2212080543
04/24/26 19:23:34,19.22,128.24,16.98,6.41,16.06,428.09,17.40,55.90,1016.00,3.30,5.67,5.89,260.90,0.38,1,14.05,187.46,73.70,1,-12,25,-1,0,STAT,60,LAT,LON,W,ÿÿÿÿÿ,4025722870
04/24/26 19:24:30,19.22,129.06,19.91,5.89,16.57,428.03,17.40,55.70,1016.00,2.91,5.90,6.49,267.50,0.47,1,13.91,80.97,73.33,1,-12,24,-1,0,STAT,60,LAT,LON,W,ÿÿÿÿÿ,4279624189
04/24/26 19:25:31,19.23,135.35,18.58,6.59,16.19,428.59,17.40,56.50,1016.00,3.22,6.14,6.46,247.80,0.53,1,13.84,22.87,77.63,1,-13,25,-1,0,STAT,60,LAT,LON,W,ÿÿÿÿÿ,2267737694
04/24/26 19:26:33,19.24,134.11,15.68,8.35,17.07,428.59,17.30,59.00,1016.00,3.54,6.03,6.15,199.90,0.28,1,13.98,180.01,93.67,1,-10,24,-2,2,STAT,60,LAT,LON,W,ÿÿÿÿÿ,842268236
04/24/26 19:27:30,19.28,143.60,15.02,7.26,17.53,428.44,17.40,57.20,1016.00,3.94,6.51,6.74,247.40,0.36,1,13.91,101.26,89.22,1,-13,25,-2,0,STAT,60,LAT,LON,W,ÿÿÿÿÿ,1158460988
04/24/26 19:28:32,19.30,144.45,16.74,3.31,20.06,428.15,17.40,54.90,1016.00,3.73,6.26,6.74,232.20,0.41,1,13.84,28.60,80.79,1,-15,26,-1,0,STAT,60,LAT,LON,W,ÿÿÿÿÿ,1830989042
04/24/26 19:29:32,19.32,142.41,14.40,5.04,18.50,428.05,17.40,57.00,1016.00,3.26,5.68,6.41,259.00,0.56,1,13.80,8.08,76.19,1,-16,27,-1,0,STAT,60,LAT,LON,W,ÿÿÿÿÿ,4210739371
04/24/26 19:30:34,19.32,137.44,15.24,4.35,20.04,428.02,17.40,56.30,1016.00,3.05,6.40,6.86,269.00,0.55,1,13.95,139.75,76.26,1,-15,25,-2,0,STAT,60,LAT,LON,W,ÿÿÿÿÿ,700300769
04/24/26 19:31:30,19.32,132.18,16.67,2.46,21.64,428.01,17.40,54.50,1016.00,3.50,6.03,6.20,260.10,0.62,1,13.87,43.86,78.76,1,-14,26,-1,1,STAT,60,LAT,LON,W,ÿÿÿÿÿ,106087259
04/24/26 19:32:31,19.33,130.41,15.59,3.26,20.97,427.52,17.40,54.30,1016.00,3.18,5.64,5.70,272.00,0.59,1,13.80,12.39,82.48,1,-14,25,0,1,STAT,60,LAT,LON,W,ÿÿÿÿÿ,1623645373
04/24/26 19:33:30,19.36,137.17,14.93,4.46,19.02,427.20,17.40,54.80,1016.00,3.32,6.08,6.39,249.60,0.43,1,14.02,237.42,92.61,1,-16,26,0,0,STAT,60,LAT,LON,W,ÿÿÿÿÿ,2047069267
04/24/26 19:34:32,19.40,140.14,13.88,6.18,17.32,426.49,17.50,55.90,1016.00,3.72,6.70,7.17,279.80,0.51,1,13.87,67.06,78.06,1,-16,26,-1,0,STAT,60,LAT,LON,W,ÿÿÿÿÿ,992261305
04/24/26 19:35:34,19.41,138.87,13.88,8.11,15.99,426.17,17.60,57.40,1016.00,3.51,6.52,6.86,291.40,0.42,1,13.84,18.94,74.48,1,-18,27,-1,0,STAT,60,LAT,LON,W,ÿÿÿÿÿ,3095019122
04/24/26 19:36:31,19.42,138.00,14.29,5.01,18.44,426.35,17.60,56.10,1016.00,3.70,6.65,6.88,282.80,0.43,1,13.98,231.49,74.78,1,-17,28,-1,0,STAT,60,LAT,LON,W,ÿÿÿÿÿ,1918712953
04/24/26 19:37:31,19.43,147.98,14.76,4.43,19.20,426.77,17.60,55.70,1016.00,4.02,6.98,7.58,263.60,0.59,1,13.91,124.44,74.57,1,-15,27,-1,0,STAT,60,LAT,LON,W,ÿÿÿÿÿ,2173367921
04/24/26 19:38:33,19.48,147.18,13.65,6.13,17.40,426.92,17.60,56.20,1016.00,4.02,7.33,7.55,286.20,0.41,1,13.84,35.15,72.75,1,-14,28,-1,0,STAT,60,LAT,LON,W,ÿÿÿÿÿ,4011132002
04/24/26 19:39:35,19.51,133.83,13.89,6.73,16.59,426.97,17.60,57.50,1016.00,3.99,7.50,7.73,269.30,0.27,1,13.80,9.93,75.46,1,-13,28,-1,0,STAT,60,LAT,LON,W,ÿÿÿÿÿ,162623322
04/24/26 19:40:32,19.52,140.27,15.21,4.25,18.76,426.99,17.60,55.70,1016.00,3.99,6.67,6.75,263.40,0.44,1,13.95,142.48,80.38,1,-15,28,-2,0,STAT,60,LAT,LON,W,ÿÿÿÿÿ,1841190594
04/24/26 19:41:33,19.53,136.79,14.55,5.88,16.73,427.40,17.70,55.80,1016.00,4.06,6.73,7.07,256.20,0.47,1,13.87,40.24,75.75,1,-15,27,-2,0,STAT,60,LAT,LON,W,ÿÿÿÿÿ,4106533335
04/24/26 19:42:35,19.58,136.57,13.59,5.63,17.31,427.79,17.70,56.30,1016.00,4.25,7.39,7.78,221.50,0.44,1,13.80,11.36,82.39,1,-14,28,-1,0,STAT,60,LAT,LON,W,ÿÿÿÿÿ,1066089760
04/24/26 19:43:31,19.61,138.82,15.07,6.28,17.53,427.92,17.80,55.40,1016.00,4.61,7.90,8.18,238.80,0.41,1,14.02,234.09,78.01,1,-14,29,-1,0,STAT,60,LAT,LON,W,ÿÿÿÿÿ,4043860985
04/24/26 19:44:32,19.61,129.38,11.56,12.36,14.41,427.97,17.90,61.20,1016.00,4.53,8.02,8.49,265.80,0.18,1,13.87,66.11,77.33,1,-13,28,0,1,STAT,60,LAT,LON,W,ÿÿÿÿÿ,123233100
04/24/26 19:45:34,19.66,139.18,15.39,5.38,18.72,427.99,17.90,55.50,1016.00,4.81,8.55,8.70,239.10,0.29,1,13.84,18.67,82.63,1,-15,28,0,0,STAT,60,LAT,LON,W,ÿÿÿÿÿ,2978000727
04/24/26 19:46:32,19.70,142.36,12.14,5.12,19.23,427.65,18.00,55.10,1016.00,4.70,8.24,8.67,262.30,0.24,1,14.05,193.02,95.00,1,-16,31,0,1,STAT,60,LAT,LON,W,ÿÿÿÿÿ,3079618939
04/24/26 19:47:33,19.71,152.52,13.82,6.17,18.30,427.88,18.00,57.70,1016.00,4.29,8.36,8.78,273.10,0.40,1,13.91,74.56,86.01,1,-19,29,0,0,STAT,60,LAT,LON,W,ÿÿÿÿÿ,1440126346
04/24/26 19:48:35,19.75,155.69,14.32,5.20,18.07,427.96,18.00,54.80,1016.00,3.91,7.33,7.49,262.60,0.19,1,13.84,21.06,77.25,1,-17,29,0,0,STAT,60,LAT,LON,W,ÿÿÿÿÿ,2561391371
04/24/26 19:49:32,19.79,148.15,13.14,7.96,16.57,427.98,18.00,58.90,1016.00,4.04,7.16,7.31,272.10,0.12,1,13.80,6.61,74.73,1,-17,29,-1,0,STAT,60,LAT,LON,W,ÿÿÿÿÿ,2045476325
04/24/26 19:50:33,19.81,153.20,15.58,7.78,17.29,427.99,18.10,56.10,1016.00,4.42,7.55,7.61,258.90,0.29,1,13.98,150.50,73.13,1,-16,28,-1,1,STAT,60,LAT,LON,W,ÿÿÿÿÿ,1167622199
04/24/26 19:51:34,19.83,155.53,16.36,4.15,20.23,428.14,17.90,53.00,1016.00,4.93,8.47,8.49,283.10,0.72,1,13.87,42.50,75.62,1,-17,28,-1,0,STAT,60,LAT,LON,W,ÿÿÿÿÿ,4001511667
04/24/26 19:52:35,19.88,166.67,18.14,2.11,22.93,428.05,17.90,52.80,1016.00,5.15,9.14,9.29,269.50,0.68,1,13.80,12.00,74.92,1,-17,26,-1,0,STAT,60,LAT,LON,W,ÿÿÿÿÿ,3437315220
04/24/26 19:53:32,19.90,198.23,15.82,2.45,21.69,428.02,17.80,54.10,1016.00,5.08,9.05,9.39,268.50,0.75,1,13.98,166.08,81.94,1,-10,29,-3,0,STAT,60,LAT,LON,W,ÿÿÿÿÿ,1159927495
04/24/26 19:54:32,19.91,187.59,13.12,7.80,18.57,428.15,17.90,58.50,1016.00,4.90,8.59,9.30,255.60,0.31,1,13.87,46.91,79.04,1,-13,28,-2,1,STAT,60,LAT,LON,W,ÿÿÿÿÿ,829642371
04/24/26 19:55:34,19.92,166.69,13.79,8.98,17.08,428.05,18.00,54.60,1016.00,4.81,8.63,9.24,255.60,0.39,1,13.84,13.25,77.60,1,-12,29,-1,0,STAT,60,LAT,LON,W,ÿÿÿÿÿ,3947803815
04/24/26 19:56:36,19.97,158.42,13.86,7.75,18.35,428.02,18.00,56.30,1016.00,4.77,8.32,8.53,252.50,0.35,1,14.05,207.52,74.62,1,-15,30,-1,0,STAT,60,LAT,LON,W,ÿÿÿÿÿ,532379838
04/24/26 19:57:32,20.00,152.75,12.36,9.64,16.41,427.92,18.00,57.40,1016.00,4.11,7.53,8.05,293.20,0.37,1,13.91,74.12,73.34,1,-16,30,-1,0,STAT,60,LAT,LON,W,ÿÿÿÿÿ,560905189
04/24/26 19:58:33,20.01,151.43,14.26,5.07,20.37,427.33,18.00,53.50,1016.00,3.69,6.46,6.87,287.30,0.26,1,13.84,20.93,79.99,1,-18,30,-1,1,STAT,60,LAT,LON,W,ÿÿÿÿÿ,3255579622
04/24/26 19:59:37,20.01,155.04,15.21,3.88,21.20,427.11,18.00,54.10,1016.00,3.91,6.58,6.93,241.90,0.42,1,14.02,207.91,85.80,1,-20,29,-2,1,STAT,60,LAT,LON,W,ÿÿÿÿÿ,4255232388
04/24/26 20:00:38,20.04,147.29,15.03,3.83,22.09,427.04,17.90,53.90,1016.00,3.94,6.26,6.65,220.00,0.70,1,13.95,101.45,82.45,1,-16,28,-2,1,STAT,60,LAT,LON,W,ÿÿÿÿÿ,3657831088
04/24/26 20:01:34,20.07,140.12,15.83,4.94,20.77,426.86,17.90,55.20,1016.00,3.71,6.51,6.89,234.90,0.59,1,13.84,31.84,76.20,1,-14,29,-1,1,STAT,60,LAT,LON,W,ÿÿÿÿÿ,2686805408
04/24/26 20:02:35,20.10,138.70,14.02,7.91,17.27,426.30,17.80,57.10,1016.00,3.93,7.04,7.54,201.60,0.36,1,13.80,8.99,80.97,1,-13,28,0,0,STAT,60,LAT,LON,W,ÿÿÿÿÿ,852111679
04/24/26 20:03:36,20.11,135.57,15.92,3.56,23.03,426.11,17.70,54.50,1016.00,3.94,7.08,7.28,205.30,0.55,1,13.98,195.47,76.31,1,-14,28,-1,1,STAT,60,LAT,LON,W,ÿÿÿÿÿ,706045138
04/24/26 20:04:37,20.11,131.20,14.13,5.70,22.89,426.04,17.70,57.10,1016.00,3.85,6.56,6.72,257.60,0.70,1,13.87,55.21,79.02,1,-13,28,0,2,STAT,60,LAT,LON,W,ÿÿÿÿÿ,803013435
04/24/26 20:05:38,20.11,126.15,12.96,5.44,22.81,426.01,17.60,54.60,1016.00,3.24,5.87,5.93,276.00,0.40,1,13.84,15.59,75.53,1,-13,30,0,2,STAT,60,LAT,LON,W,ÿÿÿÿÿ,3723407504
04/24/26 20:06:34,20.11,131.29,12.33,8.79,20.01,426.01,17.80,57.30,1016.00,3.25,5.72,6.47,304.40,0.33,1,14.02,193.40,86.22,1,-17,29,0,2,STAT,60,LAT,LON,W,ÿÿÿÿÿ,3647705507
04/24/26 20:07:35,20.12,145.75,13.79,5.26,21.05,426.00,18.00,53.00,1016.00,3.01,5.44,5.86,269.80,0.35,1,13.87,54.62,80.98,1,-20,30,0,1,STAT,60,LAT,LON,W,ÿÿÿÿÿ,684399085
04/24/26 20:08:37,20.16,161.87,13.15,5.57,21.58,426.00,18.00,54.20,1016.00,2.95,5.90,6.05,268.40,0.32,1,13.84,15.43,81.37,1,-23,30,0,2,STAT,60,LAT,LON,W,ÿÿÿÿÿ,1307324749
04/24/26 20:09:34,20.19,154.61,13.09,6.88,20.36,425.88,18.10,55.50,1016.00,3.17,6.02,6.07,296.10,0.40,1,13.80,4.84,76.43,1,-21,31,0,2,STAT,60,LAT,LON,W,ÿÿÿÿÿ,265535088
04/24/26 20:10:36,20.20,157.99,11.88,6.55,20.89,425.96,18.10,54.90,1016.00,3.34,5.75,5.77,272.20,0.35,1,13.95,97.35,79.02,1,-21,31,0,2,STAT,60,LAT,LON,W,ÿÿÿÿÿ,988750814
04/24/26 20:11:37,20.21,153.53,14.91,3.61,23.24,425.83,18.00,53.50,1016.00,3.70,6.48,6.60,274.80,0.75,1,13.84,27.49,75.64,1,-20,30,0,1,STAT,60,LAT,LON,W,ÿÿÿÿÿ,2802221170
04/24/26 20:12:35,20.21,147.53,12.58,7.03,20.76,425.94,18.00,55.10,1016.00,3.63,6.12,6.23,274.20,0.43,1,13.80,8.63,74.18,1,-16,30,0,2,STAT,60,LAT,LON,W,ÿÿÿÿÿ,961300305
04/24/26 20:13:37,20.22,147.44,13.15,2.65,24.16,425.90,17.90,53.60,1016.00,3.37,6.19,6.34,265.50,0.62,1,13.95,123.33,83.85,1,-17,31,-2,2,STAT,60,LAT,LON,W,ÿÿÿÿÿ,1208284425
04/24/26 20:14:38,20.26,140.08,13.96,4.99,22.05,425.97,17.90,54.10,1016.00,3.48,6.17,6.39,255.80,0.45,1,13.84,34.83,78.16,1,-15,30,0,2,STAT,60,LAT,LON,W,ÿÿÿÿÿ,2010047603
04/24/26 20:15:34,20.29,138.66,13.67,6.19,21.57,425.99,17.90,55.10,1016.00,3.29,5.86,6.16,269.20,0.39,1,13.80,10.93,77.31,1,-18,31,0,2,STAT,60,LAT,LON,W,ÿÿÿÿÿ,1524117878
04/24/26 20:16:36,20.30,138.69,14.70,7.35,20.11,425.84,17.90,56.90,1016.00,2.88,5.67,6.10,270.00,0.45,1,14.05,252.07,76.52,1,-16,29,0,1,STAT,60,LAT,LON,W,ÿÿÿÿÿ,3494881282
04/24/26 20:17:36,20.31,141.52,14.98,4.89,22.55,425.71,17.90,53.50,1016.00,3.19,6.23,6.79,237.70,0.52,1,13.91,71.19,73.85,1,-17,30,0,2,STAT,60,LAT,LON,W,ÿÿÿÿÿ,183651992
04/24/26 20:18:38,20.31,150.00,14.23,4.31,23.21,425.90,17.80,54.30,1016.00,3.50,6.45,7.12,246.30,0.60,1,13.84,20.11,74.65,1,-18,31,0,2,STAT,60,LAT,LON,W,ÿÿÿÿÿ,1328534021
04/24/26 20:19:38,20.31,137.09,13.36,7.34,21.11,425.96,17.70,56.90,1016.00,3.38,6.58,7.20,265.10,0.45,1,14.05,251.42,80.59,1,-16,29,0,1,STAT,60,LAT,LON,W,ÿÿÿÿÿ,460278729
04/24/26 20:20:39,20.31,138.70,13.21,6.42,21.48,425.99,17.70,54.90,1015.00,3.59,6.04,6.37,293.60,0.55,1,13.91,79.61,75.37,1,-19,30,0,1,STAT,60,LAT,LON,W,ÿÿÿÿÿ,2577325195
04/24/26 20:21:36,20.31,156.55,12.14,7.27,21.63,425.99,17.70,57.10,1016.00,3.47,6.15,6.27,292.20,0.63,1,13.84,24.98,73.54,1,-24,29,0,2,STAT,60,LAT,LON,W,ÿÿÿÿÿ,374421957
04/24/26 20:22:38,20.31,146.48,12.85,6.91,21.38,426.00,17.80,54.10,1015.00,3.15,6.10,6.31,297.30,0.45,1,13.80,7.06,80.82,1,-20,30,0,2,STAT,60,LAT,LON,W,ÿÿÿÿÿ,1492944245
04/24/26 20:23:39,20.31,147.48,12.13,6.77,21.29,426.00,17.90,54.80,1015.00,3.19,5.80,6.15,292.60,0.51,1,13.98,140.47,76.54,1,-20,31,0,2,STAT,60,LAT,LON,W,ÿÿÿÿÿ,4148468526
04/24/26 20:24:40,20.32,162.03,13.89,5.67,22.35,426.00,17.90,54.50,1015.00,3.26,5.99,6.21,298.20,0.52,1,13.87,39.67,73.98,1,-24,29,0,2,STAT,60,LAT,LON,W,ÿÿÿÿÿ,912696553
04/24/26 20:25:36,20.35,158.06,14.34,3.75,24.02,426.00,17.60,54.10,1015.00,3.43,6.52,6.60,215.00,0.37,1,13.80,12.45,80.82,1,-22,30,0,2,STAT,60,LAT,LON,W,ÿÿÿÿÿ,1587315874
04/24/26 20:26:37,20.37,146.59,10.76,7.20,21.51,425.69,17.70,57.30,1015.00,3.13,5.94,6.46,194.60,0.30,1,13.98,168.70,83.84,1,-19,31,0,2,STAT,60,LAT,LON,W,ÿÿÿÿÿ,1259769104
04/24/26 20:27:38,20.39,132.16,12.11,5.89,22.69,425.24,17.80,54.70,1015.00,2.89,6.08,6.59,213.40,0.35,1,13.87,47.65,80.91,1,-17,32,0,2,STAT,60,LAT,LON,W,ÿÿÿÿÿ,3902447661
04/24/26 20:28:34,20.40,150.32,12.07,5.81,22.47,425.09,17.80,56.70,1015.00,3.39,6.69,7.11,218.50,0.45,1,13.84,14.95,78.00,1,-19,32,0,2,STAT,60,LAT,LON,W,ÿÿÿÿÿ,116551975
04/24/26 20:29:36,20.41,162.33,15.67,3.05,24.95,425.03,17.70,53.70,1015.00,3.66,6.86,7.34,257.10,0.75,1,13.98,110.35,75.23,1,-18,31,0,2,STAT,60,LAT,LON,W,ÿÿÿÿÿ,4279972911
04/24/26 20:30:37,20.41,143.23,12.80,8.00,20.96,425.01,17.70,57.60,1015.00,4.00,6.62,7.55,257.40,0.52,1,13.91,96.15,81.87,1,-15,30,0,2,STAT,60,LAT,LON,W,ÿÿÿÿÿ,791894650
04/24/26 20:31:35,20.41,154.31,14.19,5.80,21.28,425.00,17.80,55.50,1015.00,3.97,7.04,7.39,252.50,0.66,1,13.84,30.17,86.26,1,-19,31,0,2,STAT,60,LAT,LON,W,ÿÿÿÿÿ,4229117521
04/24/26 20:32:45,20.41,167.88,13.56,6.41,21.98,425.00,17.80,56.10,1015.00,4.07,7.61,7.73,270.50,0.53,1,13.98,103.48,92.79,1,-18,31,0,2,STAT,60,LAT,LON,W,ÿÿÿÿÿ,4087649217
04/24/26 20:33:35,20.43,162.24,13.45,7.25,19.88,425.00,17.90,55.80,1015.00,3.93,7.17,7.66,269.60,0.45,1,13.95,96.36,84.22,1,-19,30,0,1,STAT,60,LAT,LON,W,ÿÿÿÿÿ,1854734977
04/24/26 20:34:37,20.46,160.29,10.10,11.22,18.28,425.00,18.10,57.50,1015.00,4.70,9.11,9.31,299.20,0.34,1,13.87,27.22,78.29,1,-21,31,0,2,STAT,60,LAT,LON,W,ÿÿÿÿÿ,2947586105
04/24/26 20:35:38,20.49,170.19,15.00,5.01,22.63,424.35,18.10,54.50,1015.00,4.84,8.48,8.76,269.20,0.60,1,13.80,7.69,78.90,1,-22,31,0,2,STAT,60,LAT,LON,W,ÿÿÿÿÿ,4196228010
04/24/26 20:36:40,20.50,181.24,13.08,5.91,22.68,424.12,18.00,53.50,1015.00,4.98,8.34,8.98,282.80,0.56,1,14.05,230.71,75.22,1,-23,31,0,2,STAT,60,LAT,LON,W,ÿÿÿÿÿ,1011435237
04/24/26 20:37:36,20.51,178.64,11.80,7.96,21.33,424.05,18.10,56.70,1015.00,4.60,7.72,7.96,280.50,0.54,1,13.91,72.40,72.93,1,-25,32,0,2,STAT,60,LAT,LON,W,ÿÿÿÿÿ,1260484241
04/24/26 20:38:38,20.51,174.67,13.94,3.39,24.32,423.79,18.10,53.30,1015.00,4.40,7.23,7.32,273.50,0.78,1,13.84,20.45,74.23,1,-24,31,0,2,STAT,60,LAT,LON,W,ÿÿÿÿÿ,3775029298
04/24/26 20:39:37,20.51,152.09,10.11,9.99,20.31,423.51,18.10,61.40,1015.00,4.59,7.60,8.00,242.30,0.19,1,14.05,253.32,86.00,1,-19,30,-1,3,STAT,60,LAT,LON,W,ÿÿÿÿÿ,685690174
04/24/26 20:40:38,20.54,147.05,10.02,9.30,19.30,423.47,18.40,57.80,1015.00,4.23,7.19,7.58,297.30,0.22,1,13.91,94.33,76.97,1,-20,33,0,2,STAT,60,LAT,LON,W,ÿÿÿÿÿ,4123237016
04/24/26 20:41:40,20.58,162.53,11.03,8.26,19.85,423.82,18.40,56.40,1015.00,4.51,8.07,8.31,300.20,0.49,1,13.84,26.64,75.37,1,-24,32,0,2,STAT,60,LAT,LON,W,ÿÿÿÿÿ,2436135279
04/24/26 20:42:42,20.60,183.49,13.53,3.62,23.32,423.94,18.40,52.80,1015.00,4.94,8.25,8.42,287.20,0.83,1,13.80,7.52,86.25,1,-28,33,0,2,STAT,60,LAT,LON,W,ÿÿÿÿÿ,1126838343
04/24/26 20:43:39,20.61,176.02,10.40,7.72,21.68,423.10,18.50,56.70,1015.00,5.40,9.74,10.11,299.30,0.50,1,13.98,217.12,80.07,1,-26,33,0,2,STAT,60,LAT,LON,W,ÿÿÿÿÿ,2571949363
04/24/26 20:44:39,20.66,168.11,8.25,10.81,17.55,422.33,18.50,58.10,1015.00,4.97,9.34,9.55,299.10,0.35,1,13.87,61.32,74.97,1,-22,33,-1,1,STAT,60,LAT,LON,W,ÿÿÿÿÿ,2142000987
04/24/26 20:45:40,20.69,180.35,13.14,5.24,21.98,422.77,18.70,53.20,1015.00,4.75,8.92,9.25,261.60,0.42,1,13.84,17.32,77.23,1,-25,33,0,2,STAT,60,LAT,LON,W,ÿÿÿÿÿ,2628513134
04/24/26 20:46:37,20.71,181.44,13.65,5.83,21.63,422.91,18.80,54.60,1015.00,4.66,8.12,8.58,261.40,0.49,1,13.98,213.68,81.65,1,-23,32,-1,1,STAT,60,LAT,LON,W,ÿÿÿÿÿ,2311368931
04/24/26 20:47:38,20.77,167.73,13.75,8.58,19.99,423.47,18.80,57.80,1015.00,4.36,8.06,8.52,268.50,0.47,1,13.87,60.35,79.28,1,-20,32,-1,2,STAT,60,LAT,LON,W,ÿÿÿÿÿ,1671402741
04/24/26 20:48:40,20.79,207.17,15.05,7.79,19.29,423.81,18.90,54.80,1015.00,5.43,8.98,9.46,258.40,0.64,1,13.84,17.04,75.34,1,-18,32,0,1,STAT,60,LAT,LON,W,ÿÿÿÿÿ,3242173561
04/24/26 20:49:41,20.84,248.17,13.84,4.82,22.97,423.58,18.90,53.60,1015.00,5.00,9.03,9.38,248.80,0.57,1,13.98,238.49,76.14,1,-18,34,0,2,STAT,60,LAT,LON,W,ÿÿÿÿÿ,3736615829
04/24/26 20:50:42,20.88,223.79,14.18,5.27,21.70,423.72,18.90,53.30,1015.00,4.35,7.25,7.74,271.40,0.40,1,13.95,127.95,76.57,1,-20,33,0,1,STAT,60,LAT,LON,W,ÿÿÿÿÿ,4187823833
04/24/26 20:51:38,20.89,196.57,12.92,5.85,22.01,423.66,18.90,54.40,1015.00,4.20,7.02,7.33,263.80,0.59,1,13.87,40.15,76.55,1,-21,33,0,2,STAT,60,LAT,LON,W,ÿÿÿÿÿ,3811144199
04/24/26 20:52:42,20.94,161.63,10.20,9.41,18.63,423.26,18.90,55.70,1015.00,4.03,6.59,6.71,286.70,0.50,1,13.80,11.34,85.36,1,-16,32,0,1,STAT,60,LAT,LON,W,ÿÿÿÿÿ,2756266496
04/24/26 20:53:42,20.98,149.49,8.14,10.61,17.67,423.09,18.90,55.40,1015.00,3.84,6.56,6.79,297.90,0.42,1,13.95,122.22,80.89,1,-17,35,0,2,STAT,60,LAT,LON,W,ÿÿÿÿÿ,1505804637
04/24/26 20:54:43,20.99,153.94,12.01,8.00,20.05,423.03,19.00,55.10,1015.00,3.63,5.76,6.12,262.20,0.26,1,13.87,34.52,76.83,1,-20,34,0,2,STAT,60,LAT,LON,W,ÿÿÿÿÿ,2283083742
04/24/26 20:55:39,21.01,170.70,14.42,4.79,22.84,423.01,19.00,52.40,1015.00,3.88,5.82,6.06,245.50,0.44,1,13.80,10.83,84.25,1,-25,34,0,2,STAT,60,LAT,LON,W,ÿÿÿÿÿ,3382050948
04/24/26 20:56:41,21.06,162.90,13.13,6.10,22.33,423.00,19.10,54.60,1015.00,3.64,6.12,6.36,239.60,0.49,1,14.05,265.28,77.10,1,-21,34,0,2,STAT,60,LAT,LON,W,ÿÿÿÿÿ,3650707881
04/24/26 20:57:42,21.09,159.07,13.92,3.58,24.64,423.00,19.10,52.90,1015.00,3.63,5.87,5.96,242.80,0.68,1,13.91,84.64,75.95,1,-21,33,0,2,STAT,60,LAT,LON,W,ÿÿÿÿÿ,932553655
04/24/26 20:58:44,21.10,158.88,14.41,3.80,23.33,423.00,19.10,52.00,1015.00,3.09,5.54,5.94,266.40,0.59,1,13.84,23.90,80.13,1,-23,34,0,2,STAT,60,LAT,LON,W,ÿÿÿÿÿ,3738215045
04/24/26 20:59:40,21.13,147.65,13.32,6.74,20.65,423.00,19.20,54.10,1015.00,3.06,5.70,5.91,263.50,0.54,1,13.80,7.50,84.30,1,-20,34,-1,2,STAT,60,LAT,LON,W,ÿÿÿÿÿ,1574887243
04/24/26 21:00:42,21.17,158.51,15.85,4.39,21.49,423.00,19.10,51.80,1015.00,3.24,6.64,6.76,219.80,0.52,1,13.98,152.08,89.04,1,-22,32,0,2,STAT,60,LAT,LON,W,ÿÿÿÿÿ,998395393
04/24/26 21:01:39,21.19,158.03,14.31,5.63,20.73,423.00,19.00,52.60,1015.00,3.16,6.16,6.26,245.40,0.61,1,13.87,47.73,84.50,1,-21,32,0,2,STAT,60,LAT,LON,W,ÿÿÿÿÿ,2828974594
04/24/26 21:02:41,21.20,157.03,13.99,5.49,22.11,423.00,19.00,53.50,1015.00,3.16,6.19,6.23,267.60,0.73,1,13.80,13.48,81.32,1,-20,33,0,2,STAT,60,LAT,LON,W,ÿÿÿÿÿ,1002636356
04/24/26 21:03:43,21.20,145.99,12.34,7.48,21.76,423.32,19.00,57.40,1015.00,2.98,5.46,5.64,290.10,0.50,1,14.05,215.76,82.10,1,-18,33,0,2,STAT,60,LAT,LON,W,ÿÿÿÿÿ,656030819
04/24/26 21:04:39,21.24,147.95,12.76,7.95,19.52,423.67,19.10,54.30,1015.00,3.07,5.43,5.80,276.50,0.45,1,13.91,92.23,79.66,1,-21,33,0,1,STAT,60,LAT,LON,W,ÿÿÿÿÿ,2498822627
04/24/26 21:05:42,21.28,163.56,12.61,5.86,22.19,423.59,19.10,53.40,1015.00,3.20,5.72,6.02,276.90,0.61,1,13.84,26.05,75.75,1,-21,34,0,2,STAT,60,LAT,LON,W,ÿÿÿÿÿ,975524695
04/24/26 21:06:40,21.29,166.89,11.22,6.31,23.92,423.23,19.00,54.60,1015.00,2.75,5.26,5.38,272.00,0.52,1,13.80,8.17,83.96,1,-23,35,0,3,STAT,60,LAT,LON,W,ÿÿÿÿÿ,582938447
04/24/26 21:07:41,21.30,156.96,9.01,8.36,22.51,423.08,19.10,55.50,1015.00,2.70,5.30,5.68,259.50,0.52,1,13.98,160.37,79.36,1,-21,36,0,3,STAT,60,LAT,LON,W,ÿÿÿÿÿ,4252939859
04/24/26 21:08:43,21.30,167.50,11.33,6.54,22.46,423.03,19.10,53.30,1015.00,2.99,5.34,5.65,276.40,0.62,1,13.87,45.29,75.13,1,-23,34,0,2,STAT,60,LAT,LON,W,ÿÿÿÿÿ,3368663410
04/24/26 21:09:45,21.31,162.76,12.11,4.29,24.43,423.01,19.00,52.40,1015.00,3.26,5.68,5.80,277.70,0.64,1,13.84,12.79,73.65,1,-23,35,0,3,STAT,60,LAT,LON,W,ÿÿÿÿÿ,683342391
04/24/26 21:10:41,21.35,154.70,12.24,5.67,22.81,423.00,19.10,53.60,1015.00,2.92,5.00,5.04,256.20,0.50,1,13.98,124.01,78.42,1,-21,34,0,2,STAT,60,LAT,LON,W,ÿÿÿÿÿ,3233829293
04/24/26 21:11:42,21.37,166.01,13.41,5.17,22.28,422.66,19.00,52.90,1015.00,3.28,5.28,5.39,253.80,0.60,1,13.95,105.12,74.91,1,-22,34,0,2,STAT,60,LAT,LON,W,ÿÿÿÿÿ,1496652339
04/24/26 21:12:45,21.39,160.79,13.11,6.37,21.85,422.23,19.00,53.30,1015.00,3.05,5.57,5.77,255.40,0.73,1,13.84,29.69,75.22,1,-20,34,0,2,STAT,60,LAT,LON,W,ÿÿÿÿÿ,4277473106
04/24/26 21:13:41,21.40,157.88,13.28,4.19,23.58,422.09,18.80,52.60,1015.00,2.57,5.23,5.57,265.30,0.81,1,13.80,9.32,73.97,1,-19,32,0,3,STAT,60,LAT,LON,W,ÿÿÿÿÿ,1846375349
04/24/26 21:14:43,21.40,161.58,12.16,5.23,22.65,422.45,18.90,53.90,1015.00,2.72,5.55,5.80,253.50,0.70,1,14.02,227.58,73.47,1,-23,33,0,2,STAT,60,LAT,LON,W,ÿÿÿÿÿ,3958209626
04/24/26 21:15:44,21.40,150.25,12.06,5.04,23.08,422.16,18.80,54.20,1015.00,3.02,5.52,5.61,271.00,0.81,1,13.87,64.28,76.27,1,-19,34,0,3,STAT,60,LAT,LON,W,ÿÿÿÿÿ,403411686
04/24/26 21:16:44,21.40,158.50,12.95,6.27,21.93,422.63,18.80,52.60,1015.00,2.97,5.10,5.13,284.90,0.56,1,13.84,18.15,73.90,1,-21,33,0,3,STAT,60,LAT,LON,W,ÿÿÿÿÿ,4003145179
04/24/26 21:17:42,21.40,168.99,8.83,12.42,17.57,422.52,18.90,59.00,1015.00,2.75,5.06,5.07,300.50,0.25,1,13.80,5.70,73.19,1,-23,33,0,3,STAT,60,LAT,LON,W,ÿÿÿÿÿ,1783175756
04/24/26 21:18:43,21.40,188.36,12.74,5.72,22.69,422.27,18.90,52.00,1015.00,2.98,5.46,5.47,250.50,0.47,1,13.95,119.79,74.90,1,-25,34,0,3,STAT,60,LAT,LON,W,ÿÿÿÿÿ,3157995696
04/24/26 21:19:45,21.40,182.25,11.75,5.61,24.04,422.74,18.90,52.50,1015.00,3.34,5.66,5.66,262.20,0.50,1,13.87,33.83,84.52,1,-26,35,0,3,STAT,60,LAT,LON,W,ÿÿÿÿÿ,2291813105
04/24/26 21:20:42,21.40,169.21,11.24,6.57,22.96,422.44,19.00,54.10,1015.00,3.40,5.70,5.70,260.00,0.48,1,13.80,10.62,75.97,1,-25,35,0,3,STAT,60,LAT,LON,W,ÿÿÿÿÿ,2682223399
04/24/26 21:21:43,21.40,170.73,13.33,5.03,23.31,422.16,19.00,52.00,1015.00,2.98,5.57,5.57,268.00,0.57,1,14.05,241.79,80.70,1,-27,34,0,3,STAT,60,LAT,LON,W,ÿÿÿÿÿ,1127807371
04/24/26 21:22:45,21.40,168.93,12.54,7.37,22.76,422.05,19.10,56.00,1015.00,3.16,5.36,5.52,252.10,0.51,1,13.91,68.29,81.96,1,-27,35,0,4,STAT,60,LAT,LON,W,ÿÿÿÿÿ,2916381945
04/24/26 21:23:42,21.40,171.75,14.94,2.81,25.93,422.02,19.10,52.00,1015.00,3.59,6.46,6.62,245.40,0.58,1,13.84,21.43,76.03,1,-27,33,0,3,STAT,60,LAT,LON,W,ÿÿÿÿÿ,857603316
04/24/26 21:24:45,21.42,167.19,14.03,4.67,23.88,422.30,19.20,53.80,1014.00,3.94,6.67,6.88,245.90,0.64,1,13.80,6.05,80.74,1,-26,34,0,3,STAT,60,LAT,LON,W,ÿÿÿÿÿ,3945304702
04/24/26 21:25:48,21.46,158.62,12.79,4.31,24.44,422.14,19.20,52.90,1014.00,3.46,6.15,6.23,250.30,0.62,1,13.95,160.68,83.41,1,-24,34,0,3,STAT,60,LAT,LON,W,ÿÿÿÿÿ,2518321774
04/24/26 21:26:44,21.48,160.85,12.03,5.46,23.07,422.05,19.20,53.70,1014.00,3.03,4.99,5.04,266.60,0.62,1,13.87,50.42,83.09,1,-24,36,0,3,STAT,60,LAT,LON,W,ÿÿÿÿÿ,3600362035
04/24/26 21:27:47,21.49,160.82,10.95,6.89,21.49,421.94,19.40,54.80,1014.00,2.77,4.31,4.81,250.70,0.59,1,13.80,14.24,78.02,1,-25,36,0,2,STAT,60,LAT,LON,W,ÿÿÿÿÿ,2147457792
04/24/26 21:28:43,21.50,157.54,12.29,6.51,22.68,421.36,19.30,53.30,1014.00,2.46,4.53,4.75,266.50,0.71,1,14.02,162.37,74.99,1,-21,35,0,3,STAT,60,LAT,LON,W,ÿÿÿÿÿ,2476975198
04/24/26 21:29:44,21.50,180.56,13.22,5.64,23.69,421.13,19.30,53.00,1014.00,2.80,5.32,5.59,250.30,0.71,1,13.91,83.15,73.35,1,-24,34,0,3,STAT,60,LAT,LON,W,ÿÿÿÿÿ,75026288
04/24/26 21:30:46,21.53,195.92,11.00,6.18,23.59,421.04,19.20,52.40,1014.00,2.30,4.86,5.21,291.80,0.62,1,13.84,23.48,75.94,1,-23,35,0,3,STAT,60,LAT,LON,W,ÿÿÿÿÿ,247971672
04/24/26 21:31:42,21.56,176.03,11.28,6.31,23.10,421.56,19.20,54.20,1014.00,2.33,4.55,4.66,289.80,0.54,1,13.80,7.37,77.74,1,-23,34,0,3,STAT,60,LAT,LON,W,ÿÿÿÿÿ,56827579
04/24/26 21:32:44,21.58,157.47,10.85,6.16,22.69,421.84,19.30,52.60,1014.00,2.23,4.27,4.47,285.40,0.56,1,14.02,225.23,86.29,1,-22,35,0,3,STAT,60,LAT,LON,W,ÿÿÿÿÿ,518018186
04/24/26 21:33:45,21.59,165.53,13.46,4.63,24.16,421.90,19.40,50.80,1014.00,2.64,5.01,5.08,275.90,0.52,1,13.91,63.61,80.67,1,-26,35,0,3,STAT,60,LAT,LON,W,ÿÿÿÿÿ,2162580679
04/24/26 21:34:42,21.60,182.56,13.31,4.03,25.08,421.34,19.50,51.00,1014.00,3.35,5.51,5.58,258.10,0.54,1,13.84,19.96,75.43,1,-27,35,0,3,STAT,60,LAT,LON,W,ÿÿÿÿÿ,1782243495
04/24/26 21:35:43,21.61,190.69,13.09,6.17,23.88,421.12,19.50,52.30,1014.00,3.17,5.13,5.15,273.70,0.55,1,13.80,5.64,73.85,1,-26,35,0,3,STAT,60,LAT,LON,W,ÿÿÿÿÿ,1995369486
04/24/26 21:36:44,21.66,187.94,13.17,5.64,22.95,421.04,19.50,50.20,1014.00,2.64,5.35,5.56,285.60,0.56,1,13.95,173.35,77.35,1,-26,35,0,3,STAT,60,LAT,LON,W,ÿÿÿÿÿ,260574087
04/24/26 21:37:46,21.68,187.68,13.82,2.94,24.23,421.02,19.60,49.30,1014.00,2.91,5.77,6.17,252.70,0.50,1,13.87,48.96,76.74,1,-28,36,0,3,STAT,60,LAT,LON,W,ÿÿÿÿÿ,1088394495
04/24/26 21:38:43,21.69,179.00,13.12,2.52,23.64,420.78,19.60,46.60,1014.00,2.54,4.88,5.03,257.20,0.45,1,13.80,15.36,75.54,1,-28,37,0,3,STAT,60,LAT,LON,W,ÿÿÿÿÿ,2913630111
04/24/26 21:39:44,21.72,168.19,14.15,2.98,22.96,420.88,19.60,48.50,1014.00,2.18,4.62,4.68,236.90,0.45,1,14.02,180.94,76.84,1,-25,35,0,2,STAT,60,LAT,LON,W,ÿÿÿÿÿ,3646379897
04/24/26 21:40:45,21.77,161.67,14.74,1.27,24.81,420.96,19.70,47.70,1014.00,2.02,4.10,4.12,250.60,0.78,1,13.91,51.10,73.42,1,-24,37,0,3,STAT,60,LAT,LON,W,ÿÿÿÿÿ,3962704279
04/24/26 21:41:47,21.79,163.00,11.46,5.03,22.36,420.99,19.70,48.90,1014.00,2.03,3.84,3.85,242.80,0.46,1,13.84,14.43,76.67,1,-20,36,0,3,STAT,60,LAT,LON,W,ÿÿÿÿÿ,1248188736
04/24/26 21:42:43,21.79,163.30,11.86,3.21,22.92,420.99,19.80,46.80,1014.00,1.86,3.40,3.40,280.90,0.47,1,13.80,4.53,77.36,1,-22,37,0,3,STAT,60,LAT,LON,W,ÿÿÿÿÿ,1276839920
04/24/26 21:43:45,21.84,166.10,10.84,4.43,23.22,421.07,19.90,47.90,1014.00,1.74,3.38,3.38,254.80,0.42,1,13.98,134.84,73.95,1,-25,37,0,4,STAT,60,LAT,LON,W,ÿÿÿÿÿ,371195454
04/24/26 21:44:47,21.87,166.44,11.52,3.51,23.43,421.03,20.00,48.60,1014.00,2.06,3.72,3.72,252.90,0.62,1,13.87,38.08,72.99,1,-24,37,0,3,STAT,60,LAT,LON,W,ÿÿÿÿÿ,2043376430
04/24/26 21:45:43,21.89,167.49,12.79,0.28,26.08,421.01,20.00,44.90,1014.00,1.77,3.29,3.48,263.20,0.47,1,13.80,11.95,75.09,1,-25,37,0,3,STAT,60,LAT,LON,W,ÿÿÿÿÿ,217061563
04/24/26 21:46:44,21.93,165.59,12.35,1.22,26.09,421.00,20.10,46.10,1014.00,1.92,3.09,3.16,262.30,0.57,1,14.05,301.24,74.78,1,-23,38,0,4,STAT,60,LAT,LON,W,ÿÿÿÿÿ,1099520339
04/24/26 21:47:45,21.97,156.78,12.58,2.69,24.51,421.11,20.20,45.50,1014.00,1.87,3.42,3.69,256.60,0.52,1,13.91,105.02,81.44,1,-22,37,0,3,STAT,60,LAT,LON,W,ÿÿÿÿÿ,958205924
04/24/26 21:48:48,21.99,142.41,13.01,1.81,23.81,420.96,20.20,44.80,1014.00,1.87,3.37,3.70,256.70,0.62,1,13.84,29.66,75.63,1,-20,38,0,3,STAT,60,LAT,LON,W,ÿÿÿÿÿ,2546155245
04/24/26 21:49:43,22.05,146.59,14.28,0.52,25.97,420.37,20.20,44.40,1014.00,1.92,3.31,3.48,249.80,0.58,1,13.80,9.31,73.48,1,-22,36,0,4,STAT,60,LAT,LON,W,ÿÿÿÿÿ,3033466842
04/24/26 21:50:44,22.08,139.64,16.52,-0.39,25.05,420.13,20.20,41.60,1014.00,1.72,3.38,3.44,239.80,0.68,1,14.02,209.83,75.97,1,-20,37,0,3,STAT,60,LAT,LON,W,ÿÿÿÿÿ,3390686538
04/24/26 21:51:46,22.10,135.23,13.05,2.47,22.57,420.47,20.20,44.20,1014.00,2.06,3.51,3.85,229.60,0.41,1,13.91,59.26,77.67,1,-20,37,0,3,STAT,60,LAT,LON,W,ÿÿÿÿÿ,2074019205
04/24/26 21:52:44,22.15,133.78,7.21,8.37,19.45,420.46,20.20,50.00,1014.00,1.87,3.17,3.33,292.90,0.10,1,13.84,18.60,89.08,1,-18,37,0,3,STAT,60,LAT,LON,W,ÿÿÿÿÿ,1914812219
04/24/26 21:53:46,22.18,140.74,10.11,3.87,21.35,420.40,20.30,45.10,1014.00,1.79,3.27,3.56,347.10,0.15,1,13.80,5.25,88.16,1,-19,38,0,2,STAT,60,LAT,LON,W,ÿÿÿÿÿ,1586228509
04/24/26 21:54:47,22.21,155.66,10.83,2.01,24.32,420.79,20.30,45.30,1014.00,1.98,3.38,3.67,260.90,0.09,1,13.95,144.01,79.40,1,-24,40,0,3,STAT,60,LAT,LON,W,ÿÿÿÿÿ,2292081337
04/24/26 21:55:48,22.26,165.48,13.17,1.43,25.13,420.93,20.40,43.80,1014.00,2.36,3.82,4.02,233.00,0.37,1,13.87,40.67,78.10,1,-25,40,0,3,STAT,60,LAT,LON,W,ÿÿÿÿÿ,3482354555
04/24/26 21:56:44,22.28,154.24,13.35,0.29,26.21,421.43,20.50,40.90,1014.00,2.06,3.67,3.80,244.80,0.20,1,13.80,12.76,80.28,1,-23,40,0,4,STAT,60,LAT,LON,W,ÿÿÿÿÿ,4169539237
04/24/26 21:57:45,22.32,150.58,13.16,0.70,25.75,421.80,20.50,42.30,1014.00,2.05,3.43,3.53,274.00,0.59,1,14.05,273.33,80.01,1,-23,40,0,3,STAT,60,LAT,LON,W,ÿÿÿÿÿ,2977682884
04/24/26 21:58:47,22.36,143.10,11.05,5.02,22.81,421.93,20.60,45.90,1014.00,2.00,3.31,3.34,300.10,0.38,1,13.91,112.95,75.05,1,-21,39,0,3,STAT,60,LAT,LON,W,ÿÿÿÿÿ,887636713
04/24/26 21:59:48,22.38,149.15,14.52,-1.03,26.73,421.97,20.70,40.60,1014.00,1.77,3.32,3.33,298.50,0.30,1,13.84,31.90,87.55,1,-25,39,0,3,STAT,60,LAT,LON,W,ÿÿÿÿÿ,1818459868
04/24/26 22:00:45,22.43,149.01,14.52,-0.98,26.33,421.99,20.80,39.00,1014.00,1.64,3.08,3.08,277.70,0.40,1,13.80,10.01,84.83,1,-25,39,0,3,STAT,60,LAT,LON,W,ÿÿÿÿÿ,2991384146
04/24/26 22:01:46,22.47,150.29,12.46,0.49,26.25,422.00,20.80,42.20,1014.00,1.73,3.42,3.42,199.80,0.10,1,14.02,188.61,80.43,1,-26,40,0,4,STAT,60,LAT,LON,W,ÿÿÿÿÿ,3074539544
04/24/26 22:02:47,22.51,141.62,16.47,-1.13,26.32,422.00,20.80,38.20,1014.00,1.70,2.98,3.03,237.60,0.31,1,13.91,53.27,74.65,1,-23,40,0,4,STAT,60,LAT,LON,W,ÿÿÿÿÿ,4048520753
04/24/26 22:03:50,22.56,141.18,12.36,5.43,20.80,422.00,20.90,39.60,1014.00,1.39,2.47,2.49,274.10,0.27,1,13.84,15.04,78.02,1,-18,42,0,3,STAT,60,LAT,LON,W,ÿÿÿÿÿ,3626443101
04/24/26 22:04:47,22.59,158.27,12.99,3.54,22.33,422.00,20.90,40.50,1014.00,1.54,2.19,2.19,251.10,0.40,1,13.80,4.72,76.40,1,-17,42,0,3,STAT,60,LAT,LON,W,ÿÿÿÿÿ,2705261528
04/24/26 22:05:48,22.65,157.22,14.08,-0.98,25.64,422.00,20.90,38.10,1014.00,1.50,2.43,2.51,280.50,0.44,1,13.98,190.98,87.82,1,-20,43,0,3,STAT,60,LAT,LON,W,ÿÿÿÿÿ,4120369753
04/24/26 22:06:44,22.68,147.85,14.88,-2.11,26.79,422.00,21.00,36.90,1014.00,1.49,2.33,2.36,259.30,0.57,1,13.87,59.93,85.38,1,-20,42,0,3,STAT,60,LAT,LON,W,ÿÿÿÿÿ,2109732619
04/24/26 22:07:45,22.72,129.14,16.30,-3.46,27.87,422.23,20.90,35.90,1014.00,1.18,2.16,2.17,263.20,0.61,1,13.84,16.93,77.25,1,-18,40,0,3,STAT,60,LAT,LON,W,ÿÿÿÿÿ,2317724851
04/24/26 22:08:47,22.77,112.75,15.50,-1.08,25.23,422.66,20.90,35.40,1014.00,1.18,2.13,2.13,241.40,0.45,1,14.02,246.62,73.89,1,-14,41,0,2,STAT,60,LAT,LON,W,ÿÿÿÿÿ,2779334793
04/24/26 22:09:48,22.78,119.29,15.61,-1.76,26.00,422.71,21.00,37.10,1014.00,1.35,2.10,2.10,232.10,0.49,1,13.95,131.54,80.11,1,-16,41,0,3,STAT,60,LAT,LON,W,ÿÿÿÿÿ,2366521544
04/24/26 22:10:45,22.83,126.71,18.22,-3.23,28.72,422.73,21.00,34.30,1014.00,0.62,1.24,1.24,245.40,0.71,1,13.87,41.28,76.31,1,-19,40,0,4,STAT,60,LAT,LON,W,ÿÿÿÿÿ,139149540
04/24/26 22:11:47,22.87,119.52,16.45,-4.28,29.25,422.74,21.00,33.80,1014.00,0.32,1.16,1.16,244.20,0.64,1,13.80,11.66,80.29,1,-15,41,0,4,STAT,60,LAT,LON,W,ÿÿÿÿÿ,4065305152
04/24/26 22:12:50,22.88,122.24,17.83,-6.27,31.05,422.61,20.90,30.60,1014.00,0.71,1.23,1.23,224.40,0.78,1,13.98,160.05,86.36,1,-19,40,0,4,STAT,60,LAT,LON,W,ÿÿÿÿÿ,166533438
04/24/26 22:13:48,22.89,110.40,17.11,-4.83,30.76,422.85,20.90,32.90,1014.00,0.91,1.39,1.39,246.50,0.69,1,13.87,50.22,83.83,1,-16,39,0,5,STAT,60,LAT,LON,W,ÿÿÿÿÿ,174684514
04/24/26 22:14:49,22.91,107.47,16.13,-2.91,31.37,423.03,20.80,34.10,1014.00,1.08,1.73,1.82,259.70,0.52,1,13.84,14.18,86.00,1,-16,39,0,6,STAT,60,LAT,LON,W,ÿÿÿÿÿ,2813085558
04/24/26 22:15:46,22.94,113.27,16.33,-3.71,30.76,423.01,20.80,31.50,1014.00,0.68,1.54,1.57,250.20,0.66,1,13.80,4.45,81.42,1,-18,40,-1,5,STAT,60,LAT,LON,W,ÿÿÿÿÿ,3786271105
04/24/26 22:16:47,22.96,105.57,16.76,-2.65,30.71,423.00,20.80,32.60,1014.00,0.81,1.52,1.53,260.50,0.59,1,13.98,141.86,74.73,1,-17,40,0,5,STAT,60,LAT,LON,W,ÿÿÿÿÿ,1085561031
04/24/26 22:17:49,22.98,115.72,14.89,-1.66,28.43,423.00,20.80,32.10,1014.00,0.52,1.25,1.26,270.60,0.41,1,13.87,40.07,74.02,1,-21,41,0,5,STAT,60,LAT,LON,W,ÿÿÿÿÿ,1621699426
04/24/26 22:18:51,22.99,116.67,15.53,-2.99,30.96,423.00,20.80,31.30,1014.00,0.36,1.26,1.26,273.70,0.49,1,13.80,11.32,85.20,1,-18,40,0,5,STAT,60,LAT,LON,W,ÿÿÿÿÿ,2689705465
04/24/26 22:19:47,22.99,110.74,14.62,-3.18,31.13,423.00,20.80,34.20,1014.00,0.30,1.12,1.12,269.90,0.53,1,14.02,200.36,81.42,1,-17,41,0,5,STAT,60,LAT,LON,W,ÿÿÿÿÿ,231425170
04/24/26 22:20:48,22.99,124.75,15.02,-1.05,29.81,423.00,20.80,34.30,1014.00,0.86,1.88,1.88,267.50,0.35,1,13.95,100.16,78.34,1,-19,40,0,5,STAT,60,LAT,LON,W,ÿÿÿÿÿ,1558801930
04/24/26 22:21:48,22.99,124.88,15.14,-1.07,29.78,423.00,20.90,33.10,1014.00,1.06,1.95,1.95,265.40,0.57,1,13.87,28.29,77.86,1,-19,42,0,5,STAT,60,LAT,LON,W,ÿÿÿÿÿ,1159919426
04/24/26 22:22:49,22.99,122.17,15.22,-0.94,29.26,422.65,20.90,35.80,1014.00,0.81,1.72,1.81,258.40,0.52,1,13.80,7.99,75.94,1,-21,41,0,5,STAT,60,LAT,LON,W,ÿÿÿÿÿ,1332615906
04/24/26 22:23:50,22.99,115.69,11.35,3.36,27.64,421.65,20.90,35.70,1014.00,0.80,1.74,2.15,247.70,0.31,1,14.05,289.68,75.12,1,-18,42,0,5,STAT,60,LAT,LON,W,ÿÿÿÿÿ,2686075546
04/24/26 22:24:51,22.99,119.24,12.95,-1.71,30.40,420.58,20.90,32.60,1014.00,1.15,2.11,2.25,257.40,0.64,1,13.91,89.71,73.83,1,-19,43,0,5,STAT,60,LAT,LON,W,ÿÿÿÿÿ,1964073479
04/24/26 22:25:49,23.03,124.91,15.08,-3.86,32.57,420.22,20.90,30.50,1014.00,1.14,1.91,2.02,259.80,0.68,1,13.84,28.15,76.33,1,-21,42,0,5,STAT,60,LAT,LON,W,ÿÿÿÿÿ,2135990539
04/24/26 22:26:50,23.07,124.82,13.01,-0.34,29.03,420.53,20.90,33.20,1014.00,0.90,1.76,1.80,281.80,0.44,1,13.80,7.95,75.04,1,-21,41,0,5,STAT,60,LAT,LON,W,ÿÿÿÿÿ,665539037
04/24/26 22:27:51,23.08,125.96,14.58,-2.69,32.19,420.54,20.90,34.40,1014.00,0.96,1.67,1.68,270.70,0.50,1,14.02,223.75,77.14,1,-22,40,0,5,STAT,60,LAT,LON,W,ÿÿÿÿÿ,4206874659
04/24/26 22:28:52,23.09,125.82,12.68,0.11,30.82,420.19,20.90,35.40,1014.00,0.84,1.54,1.54,245.80,0.31,1,13.87,63.19,73.99,1,-22,40,0,5,STAT,60,LAT,LON,W,ÿÿÿÿÿ,2648266983
04/24/26 22:29:48,23.09,121.94,11.29,2.47,28.38,419.37,21.00,33.90,1013.00,0.68,1.33,1.33,274.50,0.43,1,13.84,19.83,79.06,1,-22,41,0,5,STAT,60,LAT,LON,W,ÿÿÿÿÿ,3219638113
04/24/26 22:30:49,23.13,120.77,13.44,-0.72,31.57,418.65,21.10,33.60,1013.00,0.81,1.55,1.82,273.30,0.44,1,13.80,5.60,75.53,1,-22,41,-1,5,STAT,60,LAT,LON,W,ÿÿÿÿÿ,1323870048
04/24/26 22:31:51,23.17,126.50,13.27,-2.86,32.34,418.52,21.10,32.00,1013.00,0.81,1.47,1.60,255.50,0.32,1,13.98,200.13,73.73,1,-22,41,0,5,STAT,60,LAT,LON,W,ÿÿÿÿÿ,1771289974
04/24/26 22:32:48,23.18,140.62,10.11,2.13,28.16,418.46,21.20,37.10,1013.00,0.84,1.42,1.46,282.10,0.33,1,13.87,62.80,79.95,1,-18,42,0,5,STAT,60,LAT,LON,W,ÿÿÿÿÿ,3748864005
04/24/26 22:33:49,23.19,142.52,16.45,-4.36,33.44,418.09,21.30,31.20,1013.00,0.94,1.75,1.88,269.30,0.49,1,13.84,17.74,75.92,1,-19,43,0,5,STAT,60,LAT,LON,W,ÿÿÿÿÿ,945397858
04/24/26 22:34:51,23.23,138.89,12.34,1.24,29.72,418.03,21.30,36.40,1013.00,0.85,1.44,1.56,273.60,0.37,1,13.98,118.24,76.24,1,-22,43,0,5,STAT,60,LAT,LON,W,ÿÿÿÿÿ,3846554317
04/24/26 22:35:51,23.27,123.61,15.78,-2.75,31.98,418.01,21.20,31.40,1013.00,0.79,1.32,1.37,285.10,0.62,1,13.95,102.19,74.51,1,-20,42,1,5,STAT,60,LAT,LON,W,ÿÿÿÿÿ,2982618622
04/24/26 22:36:52,23.28,116.51,11.85,-1.55,31.28,418.00,21.30,35.00,1013.00,0.89,1.66,1.67,260.90,0.41,1,13.87,28.86,77.26,1,-19,45,0,5,STAT,60,LAT,LON,W,ÿÿÿÿÿ,3046933892
04/24/26 22:37:48,23.30,114.02,11.68,-1.93,31.86,418.00,21.30,34.00,1013.00,1.23,1.94,1.94,287.00,0.47,1,13.80,9.06,75.52,1,-19,44,0,5,STAT,60,LAT,LON,W,ÿÿÿÿÿ,3233746800
04/24/26 22:38:52,23.35,112.76,12.18,-0.13,31.60,418.21,21.30,34.40,1013.00,0.97,1.86,1.86,307.20,0.36,1,14.05,284.12,87.41,1,-19,43,-1,5,STAT,60,LAT,LON,W,ÿÿÿÿÿ,3834698786
04/24/26 22:39:52,23.38,110.70,11.32,0.88,30.81,418.26,21.40,34.90,1013.00,0.96,1.86,1.86,299.40,0.41,1,13.91,99.03,76.04,1,-21,44,0,5,STAT,60,LAT,LON,W,ÿÿÿÿÿ,72550521
04/24/26 22:40:49,23.39,112.03,14.66,-0.58,30.73,418.10,21.60,32.20,1013.00,0.52,1.24,1.24,291.10,0.41,1,13.84,31.08,74.17,1,-20,45,0,5,STAT,60,LAT,LON,W,ÿÿÿÿÿ,1440962505
04/24/26 22:41:50,23.42,138.09,14.85,-3.04,33.01,418.68,21.60,32.90,1013.00,0.26,1.13,1.23,281.40,0.49,1,13.80,8.78,76.60,1,-26,44,0,5,STAT,60,LAT,LON,W,ÿÿÿÿÿ,3380171838
04/24/26 22:42:50,23.47,136.82,13.03,-3.79,33.49,418.89,21.50,31.70,1013.00,0.70,1.45,1.48,245.30,0.31,1,14.05,274.94,83.18,1,-22,44,1,5,STAT,60,LAT,LON,W,ÿÿÿÿÿ,3534817320
04/24/26 22:43:51,23.48,129.41,13.08,-0.86,32.12,418.96,21.50,32.60,1013.00,0.86,1.51,1.78,234.70,0.36,1,13.91,85.75,77.59,1,-21,43,1,6,STAT,60,LAT,LON,W,ÿÿÿÿÿ,4111183721
04/24/26 22:44:51,23.50,126.10,13.77,-2.08,32.01,419.22,21.50,32.50,1013.00,0.84,1.52,1.68,254.70,0.49,1,13.84,24.22,77.51,1,-21,45,1,5,STAT,60,LAT,LON,W,ÿÿÿÿÿ,2785474918
04/24/26 22:45:49,23.55,112.50,12.98,1.85,29.54,419.16,21.50,35.30,1013.00,0.88,1.69,1.74,286.50,0.45,1,13.80,7.60,88.36,1,-18,45,0,5,STAT,60,LAT,LON,W,ÿÿÿÿÿ,3385835728
04/24/26 22:46:51,23.58,120.27,16.78,-3.88,34.91,419.05,21.60,31.30,1013.00,0.69,1.40,1.42,260.50,0.59,1,13.98,223.85,80.03,1,-19,44,0,6,STAT,60,LAT,LON,W,ÿÿÿÿÿ,2513802974
04/24/26 22:47:52,23.59,124.69,12.34,0.00,30.98,419.02,21.60,35.00,1013.00,0.52,1.06,1.07,270.80,0.59,1,13.87,63.22,78.16,1,-21,44,0,6,STAT,60,LAT,LON,W,ÿÿÿÿÿ,273910611
04/24/26 22:48:53,23.61,114.36,11.57,1.75,30.23,419.01,21.60,33.80,1013.00,0.64,1.30,1.30,284.90,0.51,1,13.84,17.86,78.62,1,-20,45,0,6,STAT,60,LAT,LON,W,ÿÿÿÿÿ,4155420797
04/24/26 22:49:50,23.65,123.16,16.27,-3.14,33.96,419.00,21.60,32.20,1013.00,0.71,1.40,1.53,256.10,0.48,1,13.80,5.60,84.44,1,-22,43,0,6,STAT,60,LAT,LON,W,ÿÿÿÿÿ,561448609
04/24/26 22:50:51,23.68,127.29,14.29,-3.07,33.58,419.00,21.60,31.50,1013.00,0.90,1.67,1.71,249.30,0.37,1,13.98,183.48,77.02,1,-24,44,0,5,STAT,60,LAT,LON,W,ÿÿÿÿÿ,2534696734
04/24/26 22:51:54,23.69,130.35,13.85,-2.48,33.76,419.00,21.50,32.20,1013.00,0.96,1.49,1.51,254.90,0.65,1,13.87,51.82,89.97,1,-21,44,0,6,STAT,60,LAT,LON,W,ÿÿÿÿÿ,4073986552
04/24/26 22:52:55,23.69,126.57,14.58,-2.83,34.59,419.00,21.40,32.00,1013.00,0.83,1.45,1.46,264.10,0.69,1,13.80,14.64,82.84,1,-20,43,0,6,STAT,60,LAT,LON,W,ÿÿÿÿÿ,3213016970
04/24/26 22:53:51,23.69,126.34,12.93,-2.11,33.61,419.00,21.40,31.80,1013.00,0.61,1.24,1.42,265.50,0.70,1,13.98,151.04,82.82,1,-20,44,1,6,STAT,60,LAT,LON,W,ÿÿÿÿÿ,964580802
04/24/26 22:54:52,23.69,122.04,12.41,-0.00,31.69,418.84,21.40,32.30,1013.00,0.39,0.81,0.93,272.40,0.58,1,13.95,134.50,75.74,1,-19,44,1,6,STAT,60,LAT,LON,W,ÿÿÿÿÿ,1504682363
04/24/26 22:55:53,23.69,120.99,10.17,3.40,29.98,418.56,21.50,34.90,1013.00,0.17,0.39,0.43,289.10,0.53,1,13.87,37.99,78.32,1,-22,44,0,6,STAT,60,LAT,LON,W,ÿÿÿÿÿ,3609693457
04/24/26 22:56:55,23.73,115.67,13.12,0.13,33.09,417.96,21.50,34.50,1013.00,0.69,1.06,1.08,292.80,0.44,1,13.80,10.73,77.56,1,-22,44,0,6,STAT,60,LAT,LON,W,ÿÿÿÿÿ,1809627596
04/24/26 22:57:53,23.75,121.70,9.41,2.20,32.94,417.98,21.60,35.30,1013.00,0.69,1.28,1.33,288.40,0.40,1,14.02,214.98,82.95,1,-24,47,0,7,STAT,60,LAT,LON,W,ÿÿÿÿÿ,3456239930
04/24/26 22:58:55,23.77,151.11,11.95,-0.14,33.27,417.41,21.60,33.00,1013.00,0.85,1.49,1.68,270.80,0.44,1,13.91,117.24,89.97,1,-29,46,0,6,STAT,60,LAT,LON,W,ÿÿÿÿÿ,537789386
04/24/26 22:59:51,23.79,144.64,11.65,-0.46,33.39,417.16,21.60,34.70,1013.00,0.64,1.57,1.64,279.40,0.51,1,13.87,36.79,79.20,1,-28,47,0,6,STAT,60,LAT,LON,W,ÿÿÿÿÿ,2417781387
04/24/26 23:00:52,23.79,135.02,10.02,0.54,32.68,417.22,21.60,32.60,1013.00,1.24,2.12,2.54,271.80,0.33,1,13.80,10.39,75.61,1,-25,47,0,6,STAT,60,LAT,LON,W,ÿÿÿÿÿ,2575714216
04/24/26 23:01:54,23.79,133.50,11.97,-0.69,32.91,417.36,21.60,34.80,1013.00,1.09,2.00,2.15,260.50,0.55,1,14.05,316.12,75.30,1,-25,45,0,6,STAT,60,LAT,LON,W,ÿÿÿÿÿ,2585705416
04/24/26 23:02:54,23.79,141.45,15.09,-2.90,33.76,417.13,21.60,31.70,1013.00,0.80,1.43,1.48,236.30,0.57,1,13.91,98.09,75.55,1,-26,44,0,6,STAT,60,LAT,LON,W,ÿÿÿÿÿ,2862088966
04/24/26 23:03:55,23.79,130.69,13.34,-2.66,34.64,417.05,21.60,30.70,1013.00,0.84,1.40,1.41,207.00,0.56,1,13.84,27.70,78.01,1,-23,45,0,7,STAT,60,LAT,LON,W,ÿÿÿÿÿ,1558039476
04/24/26 23:04:56,23.81,127.21,12.72,-2.34,34.60,417.25,21.50,32.00,1013.00,0.82,1.48,1.48,259.10,0.76,1,13.80,7.82,75.44,1,-20,45,1,6,STAT,60,LAT,LON,W,ÿÿÿÿÿ,1823804191
04/24/26 23:05:51,23.82,124.27,7.64,1.91,32.33,417.71,21.50,37.90,1013.00,0.87,1.35,1.36,281.00,0.50,1,13.98,158.24,84.66,1,-21,46,0,6,STAT,60,LAT,LON,W,ÿÿÿÿÿ,1251451543
04/24/26 23:06:52,23.84,166.54,10.54,-2.06,34.04,418.17,21.30,34.20,1013.00,0.71,1.16,1.17,229.30,0.50,1,13.87,44.69,77.68,1,-23,45,0,6,STAT,60,LAT,LON,W,ÿÿÿÿÿ,2679066185
04/24/26 23:07:54,23.84,175.19,9.14,2.22,33.36,418.71,21.30,36.00,1013.00,0.41,0.88,1.16,245.80,0.60,1,13.84,12.62,82.70,1,-23,44,1,8,STAT,60,LAT,LON,W,ÿÿÿÿÿ,492980531
04/24/26 23:08:55,23.84,155.06,9.31,1.68,32.55,418.90,21.30,33.30,1013.00,0.86,1.57,1.66,262.90,0.52,1,13.80,3.56,79.91,1,-25,45,1,6,STAT,60,LAT,LON,W,ÿÿÿÿÿ,1385093467
04/24/26 23:09:51,23.82,145.33,10.59,1.21,32.85,418.50,21.40,34.00,1013.00,1.20,1.81,1.84,234.60,0.40,1,13.98,193.89,77.94,1,-27,45,1,7,STAT,60,LAT,LON,W,ÿÿÿÿÿ,239317564
04/24/26 23:10:53,23.80,147.01,10.79,-0.29,33.62,418.18,21.40,31.80,1013.00,0.72,1.53,1.54,229.50,0.53,1,13.87,54.76,80.35,1,-29,46,1,7,STAT,60,LAT,LON,W,ÿÿÿÿÿ,3130240872
04/24/26 23:11:57,23.79,143.63,11.26,1.48,33.62,417.98,21.40,37.30,1013.00,0.76,1.18,1.18,200.20,0.33,1,13.84,15.47,87.27,1,-29,44,0,7,STAT,60,LAT,LON,W,ÿÿÿÿÿ,884023299
04/24/26 23:12:54,23.79,134.44,10.23,2.63,32.88,417.72,21.50,37.00,1013.00,0.88,1.60,1.70,254.90,0.53,1,13.77,4.85,85.08,1,-26,44,0,7,STAT,60,LAT,LON,W,ÿÿÿÿÿ,3234130145
04/24/26 23:13:55,23.79,144.74,12.80,0.60,34.25,417.33,21.50,35.60,1013.00,0.80,1.39,1.43,279.10,0.41,1,13.95,144.74,78.12,1,-29,43,1,7,STAT,60,LAT,LON,W,ÿÿÿÿÿ,601357517
04/24/26 23:14:57,23.79,145.03,10.55,3.73,31.72,417.12,21.60,36.10,1013.00,0.70,1.26,1.27,270.80,0.33,1,13.87,40.88,74.26,1,-31,44,1,6,STAT,60,LAT,LON,W,ÿÿÿÿÿ,1406668652
04/24/26 23:15:54,23.79,157.87,10.79,0.09,33.98,417.04,21.70,32.70,1013.00,0.61,1.10,1.36,232.70,0.35,1,13.84,12.83,73.32,1,-34,45,1,7,STAT,60,LAT,LON,W,ÿÿÿÿÿ,2615167742
04/24/26 23:16:56,23.79,149.48,9.25,3.05,32.80,416.51,21.60,36.80,1013.00,0.80,1.41,1.53,203.90,0.28,1,13.80,3.62,74.44,1,-32,45,1,7,STAT,60,LAT,LON,W,ÿÿÿÿÿ,492540637
04/24/26 23:17:53,23.80,143.24,8.75,1.91,33.94,415.90,21.70,36.70,1013.00,0.90,1.70,1.80,198.00,0.37,1,13.98,123.67,72.20,1,-28,46,1,7,STAT,60,LAT,LON,W,ÿÿÿÿÿ,200694963
04/24/26 23:18:55,23.84,138.82,8.26,2.11,32.95,415.36,21.70,34.50,1013.00,0.57,1.33,1.37,297.70,0.34,1,13.87,34.93,79.72,1,-27,48,0,7,STAT,60,LAT,LON,W,ÿÿÿÿÿ,3678074833
04/24/26 23:19:52,23.87,162.67,10.42,0.30,34.21,415.53,21.70,33.80,1013.00,0.22,0.76,0.77,265.60,0.40,1,13.80,10.96,76.90,1,-34,46,1,7,STAT,60,LAT,LON,W,ÿÿÿÿÿ,1468724987
04/24/26 23:20:54,23.88,153.86,10.42,1.89,34.37,415.83,21.70,34.90,1013.00,0.64,1.53,1.54,277.90,0.42,1,13.98,254.26,78.47,1,-30,45,2,7,STAT,60,LAT,LON,W,ÿÿÿÿÿ,2290634102
04/24/26 23:21:54,23.89,161.71,12.23,-0.29,33.28,415.78,21.60,32.30,1012.00,0.91,1.84,1.84,177.00,0.39,1,13.95,136.96,81.94,1,-31,45,0,7,STAT,60,LAT,LON,W,ÿÿÿÿÿ,3331460384
04/24/26 23:22:55,23.89,152.78,12.49,-1.61,35.23,415.44,21.60,32.10,1012.00,0.89,1.85,1.85,206.70,0.40,1,13.87,38.68,76.74,1,-30,45,1,7,STAT,60,LAT,LON,W,ÿÿÿÿÿ,3019032436
04/24/26 23:23:52,23.89,144.49,7.36,5.01,31.08,415.78,21.60,37.70,1012.00,0.72,1.52,1.56,275.90,0.24,1,13.80,12.14,79.75,1,-30,45,1,7,STAT,60,LAT,LON,W,ÿÿÿÿÿ,730213537
04/24/26 23:25:02,23.89,146.28,11.02,2.75,31.97,415.85,21.80,35.00,1012.00,0.30,1.05,1.12,251.70,0.15,1,14.02,177.63,92.13,1,-30,46,1,7,STAT,60,LAT,LON,W,ÿÿÿÿÿ,3921670338
04/24/26 23:25:54,23.89,156.37,11.47,0.43,33.68,415.49,21.90,33.60,1012.00,0.22,1.28,1.31,258.70,0.23,1,13.95,111.56,81.27,1,-32,46,1,6,STAT,60,LAT,LON,W,ÿÿÿÿÿ,4191232200
04/24/26 23:26:55,23.94,164.64,12.84,-1.86,36.18,415.17,21.90,33.80,1012.00,0.48,1.57,1.67,271.10,0.63,1,13.87,31.51,76.35,1,-33,45,1,7,STAT,60,LAT,LON,W,ÿÿÿÿÿ,3951709569
04/24/26 23:27:56,23.96,162.04,9.02,0.67,33.97,415.06,21.90,33.30,1012.00,0.82,1.52,1.55,283.00,0.28,1,13.84,8.90,77.26,1,-33,47,1,6,STAT,60,LAT,LON,W,ÿÿÿÿÿ,3382272748
04/24/26 23:28:54,23.98,154.36,10.19,0.79,34.89,415.02,21.90,34.80,1012.00,0.88,1.61,1.62,268.50,0.62,1,13.77,2.79,81.21,1,-32,47,0,8,STAT,60,LAT,LON,W,ÿÿÿÿÿ,3624760241
04/24/26 23:29:54,23.99,156.24,13.74,-3.35,37.06,415.01,21.80,31.30,1012.00,0.69,1.68,1.96,188.00,0.44,1,13.95,112.06,75.65,1,-30,46,1,7,STAT,60,LAT,LON,W,ÿÿÿÿÿ,3397985554
04/24/26 23:30:56,23.99,151.99,9.49,1.83,34.13,414.92,21.80,35.20,1012.00,0.48,1.45,1.55,264.00,0.30,1,13.87,31.65,73.84,1,-28,45,1,8,STAT,60,LAT,LON,W,ÿÿÿÿÿ,1635951156
04/24/26 23:31:54,23.99,144.63,11.27,1.81,33.66,414.35,21.70,33.40,1012.00,0.18,0.71,0.75,259.20,0.17,1,13.80,9.93,84.46,1,-28,44,0,7,STAT,60,LAT,LON,W,ÿÿÿÿÿ,2552212209
04/24/26 23:32:57,23.99,131.07,10.22,2.48,32.91,414.12,21.90,35.60,1012.00,0.30,0.75,0.76,259.70,0.38,1,14.02,298.11,78.79,1,-24,46,1,7,STAT,60,LAT,LON,W,ÿÿÿÿÿ,2455941497
04/24/26 23:33:57,23.99,154.07,11.01,-0.06,35.66,414.04,21.80,34.10,1012.00,0.37,1.11,1.11,267.60,0.55,1,13.95,122.47,76.40,1,-31,46,2,7,STAT,60,LAT,LON,W,ÿÿÿÿÿ,3057181347
04/24/26 23:34:59,23.99,156.58,7.64,2.98,32.80,414.02,21.70,34.30,1012.00,0.45,1.25,1.25,284.90,0.37,1,13.87,34.59,81.04,1,-33,47,1,7,STAT,60,LAT,LON,W,ÿÿÿÿÿ,22667375
04/24/26 23:35:55,23.99,138.42,8.16,5.81,30.23,414.01,21.80,36.00,1012.00,0.36,0.87,0.94,290.30,0.32,1,13.80,10.85,85.19,1,-29,46,1,6,STAT,60,LAT,LON,W,ÿÿÿÿÿ,3740996501
04/24/26 23:36:58,23.99,151.50,6.97,6.08,30.95,414.00,22.00,39.00,1012.00,0.55,1.41,1.44,283.40,0.16,1,14.02,174.36,83.17,1,-32,48,1,6,STAT,60,LAT,LON,W,ÿÿÿÿÿ,3618172762
04/24/26 23:37:59,24.00,177.21,13.38,-3.76,36.05,414.00,21.80,31.00,1012.00,0.64,1.33,1.34,194.00,0.76,1,13.95,89.96,81.50,1,-36,46,2,6,STAT,60,LAT,LON,W,ÿÿÿÿÿ,2820968148
04/24/26 23:38:58,24.03,163.63,9.59,-0.19,35.35,414.00,21.80,33.90,1012.00,0.78,1.63,1.63,231.50,0.46,1,13.84,28.23,89.61,1,-32,45,1,7,STAT,60,LAT,LON,W,ÿÿÿÿÿ,3843410347
04/24/26 23:39:59,24.05,152.75,11.47,-1.23,35.81,414.00,21.80,32.40,1012.00,0.68,1.58,1.58,248.30,0.62,1,13.80,7.97,82.76,1,-30,45,2,7,STAT,60,LAT,LON,W,ÿÿÿÿÿ,2972576307
04/24/26 23:41:00,24.06,158.28,10.90,1.66,34.70,414.00,21.90,34.30,1012.00,0.76,1.70,1.70,236.80,0.54,1,14.05,249.91,75.29,1,-28,46,1,7,STAT,60,LAT,LON,W,ÿÿÿÿÿ,2915130345
04/24/26 23:41:57,24.07,146.08,11.48,3.59,31.93,413.84,22.00,34.80,1012.00,0.72,1.55,1.55,226.60,0.41,1,13.91,89.22,74.50,1,-25,46,1,7,STAT,60,LAT,LON,W,ÿÿÿÿÿ,3884963293
04/24/26 23:42:59,24.09,160.53,12.46,0.68,34.65,413.91,22.00,33.00,1012.00,0.75,1.65,1.65,237.90,0.44,1,13.84,25.20,79.16,1,-32,45,1,7,STAT,60,LAT,LON,W,ÿÿÿÿÿ,1113266981
04/24/26 23:43:56,24.09,158.61,11.77,2.49,33.65,413.91,22.10,35.40,1012.00,0.76,1.50,1.53,244.90,0.43,1,13.80,7.91,75.10,1,-32,45,1,7,STAT,60,LAT,LON,W,ÿÿÿÿÿ,1631744071
04/24/26 23:44:58,24.09,161.55,11.47,1.94,34.40,413.92,22.10,34.00,1012.00,0.57,0.97,1.08,215.20,0.41,1,14.02,228.64,81.44,1,-32,45,1,8,STAT,60,LAT,LON,W,ÿÿÿÿÿ,3218584760
04/24/26 23:46:00,24.09,171.60,8.84,4.10,33.15,413.97,22.10,36.20,1012.00,0.98,2.05,2.09,235.60,0.31,1,13.95,98.77,76.61,1,-35,47,1,7,STAT,60,LAT,LON,W,ÿÿÿÿÿ,3536567995
04/24/26 23:46:56,24.09,174.31,11.25,-0.82,36.05,413.60,22.00,33.00,1012.00,0.99,2.08,2.17,212.90,0.42,1,13.87,31.00,73.64,1,-35,45,1,7,STAT,60,LAT,LON,W,ÿÿÿÿÿ,2937368578
04/24/26 23:47:58,24.09,156.49,9.68,3.34,33.42,413.21,21.90,35.00,1012.00,0.91,1.58,1.81,201.90,0.25,1,13.80,8.75,81.51,1,-32,45,1,8,STAT,60,LAT,LON,W,ÿÿÿÿÿ,3685284897
04/24/26 23:48:59,24.09,166.66,10.55,1.48,35.15,413.07,21.90,33.20,1012.00,0.53,0.93,1.02,203.90,0.51,1,14.02,242.28,78.40,1,-33,45,2,8,STAT,60,LAT,LON,W,ÿÿÿÿÿ,3125238417
04/24/26 23:50:00,24.09,166.81,11.87,-0.88,35.71,413.03,21.90,31.70,1012.00,0.98,1.57,1.77,198.50,0.66,1,13.95,132.86,75.83,1,-30,46,2,7,STAT,60,LAT,LON,W,ÿÿÿÿÿ,3330297146
04/24/26 23:50:56,24.09,165.32,13.28,-1.79,36.79,413.09,21.80,32.10,1012.00,0.94,1.50,1.57,223.20,0.73,1,13.87,41.69,76.00,1,-30,45,2,7,STAT,60,LAT,LON,W,ÿÿÿÿÿ,422017027
04/24/26 23:51:59,24.09,145.55,2.02,10.11,28.08,413.30,21.90,40.30,1012.00,0.64,1.05,1.08,258.60,0.18,1,13.80,11.78,89.08,1,-28,48,0,7,STAT,60,LAT,LON,W,ÿÿÿÿÿ,1046784604
04/24/26 23:52:56,24.09,150.73,7.26,5.21,30.95,413.73,21.90,37.60,1012.00,0.48,0.83,0.97,207.90,0.19,1,13.98,124.66,86.06,1,-28,46,1,7,STAT,60,LAT,LON,W,ÿÿÿÿÿ,4028896244
04/24/26 23:53:58,24.09,173.94,8.89,3.55,33.12,413.55,21.90,35.50,1012.00,0.90,1.70,1.87,191.90,0.35,1,13.95,105.42,82.07,1,-33,46,1,8,STAT,60,LAT,LON,W,ÿÿÿÿÿ,3358082311
04/24/26 23:55:00,24.09,180.12,11.23,-0.13,36.83,413.19,21.80,34.00,1012.00,0.67,1.46,1.51,264.20,0.61,1,13.87,29.77,83.73,1,-36,46,2,8,STAT,60,LAT,LON,W,ÿÿÿÿÿ,920471266
04/24/26 23:55:57,24.09,169.23,8.35,5.92,33.05,413.07,21.80,37.10,1012.00,0.40,1.08,1.10,265.80,0.31,1,13.84,9.34,84.82,1,-34,46,2,8,STAT,60,LAT,LON,W,ÿÿÿÿÿ,3089108053
04/24/26 23:56:59,24.09,172.68,7.29,5.01,32.51,413.03,22.00,36.00,1012.00,0.70,1.83,1.84,263.10,0.35,1,13.80,2.64,83.68,1,-36,47,2,7,STAT,60,LAT,LON,W,ÿÿÿÿÿ,1992590268
04/24/26 23:58:01,24.09,178.25,6.43,4.22,33.51,413.01,21.90,35.20,1012.00,0.70,1.30,1.31,200.00,0.13,1,13.95,118.22,79.01,1,-39,48,1,7,STAT,60,LAT,LON,W,ÿÿÿÿÿ,790961238
04/24/26 23:58:59,24.09,168.27,7.21,2.86,33.79,413.00,22.10,34.00,1012.00,0.78,1.17,1.17,205.10,0.29,1,13.87,37.10,83.83,1,-34,48,1,7,STAT,60,LAT,LON,W,ÿÿÿÿÿ,2864537878
04/25/26 00:00:01,24.09,177.45,10.16,0.58,36.57,413.25,22.10,35.90,1012.00,0.75,1.62,1.62,214.80,0.63,1,13.84,10.48,83.66,1,-33,47,1,8,STAT,60,LAT,LON,W,ÿÿÿÿÿ,2251655207
04/25/26 00:00:58,24.09,178.28,11.03,2.12,35.80,413.10,21.90,35.30,1012.00,0.67,1.48,1.48,201.30,0.48,1,13.80,3.29,76.37,1,-32,45,1,8,STAT,60,LAT,LON,W,ÿÿÿÿÿ,1368322942
04/25/26 00:01:59,24.09,176.00,10.01,1.47,35.36,413.03,21.90,34.50,1012.00,0.56,1.60,1.60,252.20,0.46,1,13.95,148.27,75.72,1,-32,46,2,7,STAT,60,LAT,LON,W,ÿÿÿÿÿ,2207064755
04/25/26 00:03:00,24.08,165.59,10.95,1.18,34.46,412.75,21.90,34.80,1012.00,0.56,1.09,1.09,245.20,0.61,1,13.87,41.88,73.48,1,-31,46,2,7,STAT,60,LAT,LON,W,ÿÿÿÿÿ,3193913698
04/25/26 00:04:01,24.07,167.86,7.96,2.94,34.02,412.34,21.90,34.90,1012.00,0.79,1.24,1.24,240.90,0.39,1,13.84,11.83,75.00,1,-32,46,2,7,STAT,60,LAT,LON,W,ÿÿÿÿÿ,1546958256
04/25/26 00:05:00,24.07,159.05,7.15,4.93,31.71,412.13,21.90,35.90,1012.00,0.75,1.16,1.16,226.90,0.19,1,14.02,214.58,83.74,1,-32,46,2,7,STAT,60,LAT,LON,W,ÿÿÿÿÿ,2149867761
04/25/26 00:06:01,24.05,159.41,13.04,1.96,35.32,412.05,21.80,33.30,1012.00,0.65,1.12,1.12,204.40,0.35,1,13.95,119.61,80.88,1,-32,44,2,8,STAT,60,LAT,LON,W,ÿÿÿÿÿ,2617703055
04/25/26 00:07:02,24.02,171.34,9.69,2.10,35.27,412.02,21.80,35.80,1012.00,0.87,1.41,1.41,225.90,0.51,1,13.87,33.78,77.64,1,-34,46,1,8,STAT,60,LAT,LON,W,ÿÿÿÿÿ,1662840507
04/25/26 00:07:59,24.00,172.59,9.88,2.02,36.06,412.59,21.90,33.50,1012.00,0.68,1.32,1.32,242.80,0.46,1,13.84,10.60,75.41,1,-35,44,2,8,STAT,60,LAT,LON,W,ÿÿÿÿÿ,1107978366
04/25/26 00:09:01,24.00,164.89,5.45,8.49,30.66,412.85,21.90,38.60,1012.00,0.76,1.26,1.26,248.70,0.19,1,13.80,2.99,74.19,1,-32,44,2,7,STAT,60,LAT,LON,W,ÿÿÿÿÿ,2235035768
04/25/26 00:10:03,23.99,170.44,7.77,7.71,29.23,412.95,21.90,39.10,1012.00,0.63,1.19,1.19,270.80,0.10,1,13.95,140.36,75.45,1,-34,45,2,6,STAT,60,LAT,LON,W,ÿÿÿÿÿ,3341009466
04/25/26 00:10:59,23.99,180.32,9.11,3.74,33.67,412.73,22.00,36.00,1012.00,0.50,1.05,1.05,288.50,0.34,1,13.87,44.04,80.45,1,-37,44,1,7,STAT,60,LAT,LON,W,ÿÿÿÿÿ,1136506301
04/25/26 00:12:01,23.99,177.01,8.38,8.04,29.95,412.91,22.00,38.50,1012.00,0.86,1.45,1.45,258.00,0.32,1,13.84,12.44,77.68,1,-35,44,2,7,STAT,60,LAT,LON,W,ÿÿÿÿÿ,440457440
04/25/26 00:12:58,23.99,192.80,10.19,2.66,34.20,412.96,22.00,35.10,1012.00,0.95,1.90,2.24,247.70,0.55,1,13.80,3.90,80.18,1,-38,45,1,7,STAT,60,LAT,LON,W,ÿÿÿÿÿ,629011136
04/25/26 00:14:00,23.99,196.08,10.12,6.06,32.14,412.99,22.00,35.30,1012.00,0.97,1.64,1.85,158.60,0.07,1,13.98,172.34,81.53,1,-36,45,1,8,STAT,60,LAT,LON,W,ÿÿÿÿÿ,1895804973
04/25/26 00:15:02,23.99,198.86,6.64,5.43,32.46,413.29,22.00,35.70,1012.00,0.45,1.36,1.74,279.40,0.38,1,13.87,48.67,83.65,1,-39,47,2,7,STAT,60,LAT,LON,W,ÿÿÿÿÿ,2170742517
04/25/26 00:15:58,23.99,186.50,8.35,6.16,31.62,413.11,22.10,36.80,1012.00,0.72,1.56,1.86,259.70,0.37,1,13.84,15.27,83.17,1,-36,46,2,7,STAT,60,LAT,LON,W,ÿÿÿÿÿ,52017608
04/25/26 00:17:01,23.99,202.19,9.11,7.26,30.50,413.33,22.00,35.50,1012.00,1.02,1.85,1.95,200.80,0.32,1,13.80,4.31,80.79,1,-35,45,2,7,STAT,60,LAT,LON,W,ÿÿÿÿÿ,3932027592
04/25/26 00:18:03,23.99,206.51,8.68,9.15,27.96,413.77,22.10,38.80,1012.00,0.79,1.54,1.57,238.30,0.34,1,13.98,188.94,80.21,1,-36,44,2,7,STAT,60,LAT,LON,W,ÿÿÿÿÿ,1779357813
04/25/26 00:18:59,23.99,211.06,8.72,8.06,29.18,413.91,22.00,39.20,1012.00,0.71,1.55,1.56,181.60,0.38,1,13.87,59.29,82.96,1,-34,44,2,7,STAT,60,LAT,LON,W,ÿÿÿÿÿ,357900174
04/25/26 00:20:01,23.99,203.85,11.10,4.43,33.40,413.97,22.10,37.40,1012.00,0.68,1.37,1.38,243.70,0.34,1,13.84,16.75,84.48,1,-36,44,1,7,STAT,60,LAT,LON,W,ÿÿÿÿÿ,547978246
04/25/26 00:20:58,23.99,206.66,13.80,6.41,30.26,414.28,22.20,34.80,1012.00,0.92,1.57,1.73,248.90,0.51,1,13.80,5.25,82.02,1,-36,45,2,7,STAT,60,LAT,LON,W,ÿÿÿÿÿ,2354807044
04/25/26 00:22:00,23.99,193.31,16.41,2.55,32.09,414.75,22.00,31.40,1012.00,0.62,1.27,1.65,156.20,0.58,1,14.02,252.05,79.62,1,-33,45,2,7,STAT,60,LAT,LON,W,ÿÿÿÿÿ,3823787840
04/25/26 00:23:01,23.99,202.52,7.52,7.43,31.71,414.62,22.00,38.20,1012.00,0.80,1.45,1.58,171.20,0.36,1,13.91,71.19,75.13,1,-38,45,2,8,STAT,60,LAT,LON,W,ÿÿÿÿÿ,2836879504
04/25/26 00:24:02,23.99,178.52,6.04,10.43,27.48,414.22,22.10,37.90,1012.00,0.64,1.07,1.12,205.30,0.18,1,13.84,20.11,86.24,1,-34,44,2,7,STAT,60,LAT,LON,W,ÿÿÿÿÿ,2257001448
04/25/26 00:25:03,23.99,209.90,8.01,4.17,32.85,414.05,22.10,36.90,1012.00,0.79,1.41,1.65,195.40,0.44,1,13.80,6.31,86.51,1,-33,47,1,7,STAT,60,LAT,LON,W,ÿÿÿÿÿ,541555663
04/25/26 00:26:05,23.99,221.26,6.09,5.83,32.62,414.02,22.10,35.80,1012.00,0.87,1.61,1.75,228.20,0.35,1,13.98,130.20,77.18,1,-37,45,1,7,STAT,60,LAT,LON,W,ÿÿÿÿÿ,3723227536
04/25/26 00:27:02,23.99,203.41,6.31,6.94,31.31,413.63,22.30,37.40,1011.00,0.79,1.61,1.66,229.80,0.34,1,13.87,40.86,77.79,1,-34,45,2,8,STAT,60,LAT,LON,W,ÿÿÿÿÿ,4025536180
04/25/26 00:28:04,23.99,215.59,8.45,4.02,33.27,414.17,22.30,35.50,1011.00,0.70,1.55,1.57,250.30,0.45,1,13.84,11.54,78.91,1,-36,46,2,7,STAT,60,LAT,LON,W,ÿÿÿÿÿ,1535919225
04/25/26 00:29:01,23.99,215.50,10.19,2.25,35.92,414.52,22.40,33.20,1011.00,0.85,1.45,1.45,218.10,0.47,1,13.80,3.62,77.46,1,-39,43,2,8,STAT,60,LAT,LON,W,ÿÿÿÿÿ,1005443642
04/25/26 00:30:04,23.99,186.30,9.18,5.15,32.79,415.24,22.40,33.50,1011.00,0.80,1.54,1.66,218.70,0.32,1,14.02,209.30,76.84,1,-35,44,2,8,STAT,60,LAT,LON,W,ÿÿÿÿÿ,3388170769
04/25/26 00:31:01,23.99,197.12,3.50,10.91,28.68,415.67,22.50,40.20,1011.00,0.87,1.24,1.28,227.50,0.36,1,13.91,65.68,80.78,1,-34,47,2,7,STAT,60,LAT,LON,W,ÿÿÿÿÿ,1064246866
04/25/26 00:32:03,23.99,204.96,5.51,6.70,31.63,415.32,22.50,38.10,1011.00,0.92,1.63,1.65,239.50,0.42,1,13.84,18.55,85.60,1,-32,46,1,7,STAT,60,LAT,LON,W,ÿÿÿÿÿ,1541479429
04/25/26 00:33:05,23.99,213.56,4.76,8.32,30.74,414.67,22.50,38.00,1011.00,0.53,1.34,1.34,221.10,0.37,1,13.80,5.24,86.05,1,-33,46,3,7,STAT,60,LAT,LON,W,ÿÿÿÿÿ,25409510
04/25/26 00:34:02,23.99,206.53,11.02,2.26,34.44,414.49,22.60,32.70,1011.00,0.40,1.00,1.17,235.30,0.52,1,14.09,313.96,81.49,1,-34,44,2,7,STAT,60,LAT,LON,W,ÿÿÿÿÿ,1685226500
04/25/26 00:35:03,23.99,203.86,10.24,2.95,34.41,414.41,22.50,34.10,1011.00,0.64,1.16,1.34,223.80,0.42,1,13.91,88.67,80.88,1,-39,43,2,8,STAT,60,LAT,LON,W,ÿÿÿÿÿ,2161686675
04/25/26 00:36:04,23.99,182.19,8.02,7.83,30.81,413.56,22.50,36.30,1011.00,0.69,1.35,1.41,244.20,0.22,1,13.84,25.04,79.87,1,-35,43,2,7,STAT,60,LAT,LON,W,ÿÿÿÿÿ,1289269761
04/25/26 00:37:01,23.99,195.83,8.19,5.77,31.90,413.22,22.50,36.50,1011.00,0.54,1.02,1.07,228.70,0.47,1,13.80,7.86,74.66,1,-37,43,2,8,STAT,60,LAT,LON,W,ÿÿÿÿÿ,3039089409
04/25/26 00:38:03,23.99,192.64,8.23,6.59,31.02,413.08,22.60,36.00,1011.00,0.75,1.40,1.61,242.60,0.53,1,14.05,280.13,79.48,1,-34,44,2,7,STAT,60,LAT,LON,W,ÿÿÿÿÿ,391216235
04/25/26 00:39:05,23.99,188.98,9.37,4.61,34.09,413.03,22.50,34.00,1011.00,0.85,1.44,1.52,231.60,0.30,1,13.95,111.21,78.62,1,-35,44,1,8,STAT,60,LAT,LON,W,ÿÿÿÿÿ,1365897227
04/25/26 00:40:02,23.99,180.86,7.40,5.62,32.94,413.01,22.60,35.50,1011.00,0.44,0.96,1.10,223.70,0.20,1,13.87,34.90,80.43,1,-35,44,2,8,STAT,60,LAT,LON,W,ÿÿÿÿÿ,1495421082
04/25/26 00:41:04,23.99,180.40,8.54,3.13,34.19,413.00,22.70,34.20,1011.00,0.17,0.45,0.50,245.90,0.60,1,13.80,9.86,83.13,1,-34,46,2,7,STAT,60,LAT,LON,W,ÿÿÿÿÿ,2425279675
04/25/26 00:42:07,23.99,184.27,8.46,3.79,33.81,413.00,22.70,32.30,1011.00,0.33,0.44,0.46,231.70,0.51,1,13.91,95.36,83.94,1,-35,46,2,8,STAT,60,LAT,LON,W,ÿÿÿÿÿ,591996930
04/25/26 00:43:03,23.99,181.56,11.72,0.68,36.13,413.00,22.60,30.30,1011.00,0.58,0.88,0.88,222.70,0.85,1,13.98,146.64,87.48,1,-35,45,2,8,STAT,60,LAT,LON,W,ÿÿÿÿÿ,2899658189
04/25/26 00:44:04,23.99,176.31,9.21,3.87,34.05,413.00,22.50,35.20,1011.00,0.85,1.36,1.36,236.70,0.75,1,13.87,41.42,76.34,1,-33,43,1,8,STAT,60,LAT,LON,W,ÿÿÿÿÿ,3434469716
04/25/26 00:45:02,23.99,163.81,6.79,6.35,31.46,412.19,22.50,31.70,1011.00,0.67,1.16,1.16,245.60,0.24,1,13.84,13.00,76.15,1,-31,44,1,7,STAT,60,LAT,LON,W,ÿÿÿÿÿ,3049212451
04/25/26 00:46:05,23.99,162.66,5.51,10.52,26.85,411.86,22.60,34.30,1011.00,0.33,0.74,0.74,241.60,0.20,1,13.80,3.67,79.83,1,-31,43,2,7,STAT,60,LAT,LON,W,ÿÿÿÿÿ,1658322536
04/25/26 00:47:02,23.99,169.91,11.58,4.95,31.50,412.35,22.70,33.10,1011.00,0.32,1.01,1.01,237.50,0.40,1,13.98,187.46,74.94,1,-33,44,2,8,STAT,60,LAT,LON,W,ÿÿÿÿÿ,1072351519
04/25/26 00:48:04,23.99,193.98,9.39,5.39,30.74,412.98,22.70,34.40,1011.00,0.76,1.07,1.07,238.30,0.26,1,13.87,52.94,78.28,1,-38,44,3,7,STAT,60,LAT,LON,W,ÿÿÿÿÿ,1256329670
04/25/26 00:49:06,23.99,189.33,7.28,8.04,27.93,413.61,22.70,35.90,1011.00,0.73,0.99,0.99,213.30,0.12,1,13.84,14.95,76.28,1,-37,45,2,7,STAT,60,LAT,LON,W,ÿÿÿÿÿ,3843306692
04/25/26 00:50:03,23.99,186.58,5.80,9.60,27.09,413.64,22.80,36.90,1011.00,0.65,1.03,1.03,236.90,0.26,1,13.80,4.69,76.77,1,-37,45,2,7,STAT,60,LAT,LON,W,ÿÿÿÿÿ,2903800165
04/25/26 00:51:04,23.99,200.78,12.00,1.96,33.61,413.42,22.90,32.60,1011.00,0.64,1.08,1.08,241.30,0.48,1,14.09,283.62,81.14,1,-39,44,1,8,STAT,60,LAT,LON,W,ÿÿÿÿÿ,3765366389
04/25/26 00:52:07,23.99,232.88,14.92,0.81,35.60,413.15,22.90,32.80,1011.00,0.71,1.32,1.32,238.70,0.78,1,13.91,80.10,91.61,1,-40,43,1,8,STAT,60,LAT,LON,W,ÿÿÿÿÿ,4060313621
04/25/26 00:53:03,23.99,209.20,10.74,4.99,32.13,413.06,22.80,31.90,1011.00,1.01,1.30,1.57,211.40,0.23,1,13.84,25.14,78.79,1,-37,43,2,8,STAT,60,LAT,LON,W,ÿÿÿÿÿ,290092073
04/25/26 00:54:05,23.99,189.95,8.46,5.14,32.78,412.56,22.80,33.30,1011.00,0.68,1.46,1.60,219.60,0.24,1,13.80,7.10,76.28,1,-37,44,1,8,STAT,60,LAT,LON,W,ÿÿÿÿÿ,635301763
04/25/26 00:55:06,23.99,173.84,11.53,3.39,33.02,412.20,22.80,31.40,1011.00,0.66,1.19,1.24,233.20,0.40,1,14.05,276.58,78.70,1,-33,44,2,7,STAT,60,LAT,LON,W,ÿÿÿÿÿ,2893666132
04/25/26 00:56:08,23.99,183.47,11.03,5.78,30.74,412.35,22.90,33.30,1011.00,0.43,0.62,0.64,256.30,0.48,1,13.91,97.64,80.97,1,-36,43,2,8,STAT,60,LAT,LON,W,ÿÿÿÿÿ,1915174216
04/25/26 00:57:05,23.99,186.09,5.82,7.14,30.61,412.28,22.80,37.10,1011.00,0.48,1.32,1.39,215.50,0.30,1,13.87,30.64,82.24,1,-35,45,2,8,STAT,60,LAT,LON,W,ÿÿÿÿÿ,4141811407
04/25/26 00:58:06,23.99,200.40,12.19,0.07,37.14,412.10,22.70,30.90,1011.00,0.60,1.15,1.17,229.10,0.61,1,13.84,8.65,75.37,1,-38,44,2,8,STAT,60,LAT,LON,W,ÿÿÿÿÿ,3693688835
04/25/26 00:59:01,23.99,192.28,10.21,2.09,35.00,412.04,22.80,31.70,1011.00,0.64,1.08,1.09,246.50,0.62,1,13.91,140.59,83.79,1,-33,45,3,8,STAT,60,LAT,LON,W,ÿÿÿÿÿ,1824180750
04/25/26 01:00:03,23.98,192.85,9.11,2.67,34.22,412.01,22.80,29.60,1011.00,0.67,1.21,1.21,230.90,0.48,1,13.95,141.03,75.76,1,-32,45,2,8,STAT,60,LAT,LON,W,ÿÿÿÿÿ,1982559015
04/25/26 01:01:05,23.95,210.59,10.43,1.59,34.84,412.00,22.80,29.70,1011.00,0.83,1.05,1.05,210.10,0.58,1,13.87,39.83,76.57,1,-36,43,2,8,STAT,60,LAT,LON,W,ÿÿÿÿÿ,653880256
04/25/26 01:02:06,23.91,223.23,8.20,5.22,33.29,411.93,22.80,34.60,1011.00,0.71,1.15,1.15,242.20,0.45,1,13.84,11.25,74.76,1,-34,44,2,8,STAT,60,LAT,LON,W,ÿÿÿÿÿ,1704532114
04/25/26 01:03:03,23.90,225.43,9.17,4.43,32.40,411.39,22.70,32.30,1011.00,0.58,1.30,1.30,255.70,0.26,1,13.80,3.53,79.92,1,-33,43,1,7,STAT,60,LAT,LON,W,ÿÿÿÿÿ,3143417647
04/25/26 01:04:05,23.89,217.63,9.05,3.24,33.38,411.14,22.50,32.00,1011.00,0.57,1.25,1.25,227.40,0.57,1,14.02,212.39,84.52,1,-37,43,2,7,STAT,60,LAT,LON,W,ÿÿÿÿÿ,2480419192
04/25/26 01:05:05,23.88,193.71,9.02,5.42,32.17,411.05,22.50,31.60,1011.00,0.85,1.47,1.47,232.90,0.69,1,13.91,66.65,90.76,1,-34,44,3,8,STAT,60,LAT,LON,W,ÿÿÿÿÿ,1053135717
04/25/26 01:06:06,23.84,179.54,8.56,6.97,31.13,411.56,22.40,34.40,1011.00,0.71,1.31,1.31,240.10,0.57,1,13.84,18.82,82.33,1,-32,43,3,8,STAT,60,LAT,LON,W,ÿÿÿÿÿ,3129950149
04/25/26 01:07:08,23.81,172.70,4.18,8.84,30.42,411.39,22.30,34.10,1011.00,0.49,1.08,1.08,216.90,0.30,1,13.80,5.32,76.22,1,-31,44,2,8,STAT,60,LAT,LON,W,ÿÿÿÿÿ,1357296308
04/25/26 01:08:05,23.80,187.45,7.70,5.20,32.95,411.15,22.30,33.50,1011.00,0.21,0.71,0.71,194.90,0.39,1,14.05,290.42,80.90,1,-33,43,3,8,STAT,60,LAT,LON,W,ÿÿÿÿÿ,679304758
04/25/26 01:09:07,23.75,215.10,8.07,6.62,32.52,411.05,22.30,34.00,1011.00,0.68,1.26,1.26,238.80,0.54,1,13.95,104.38,83.64,1,-35,44,3,9,STAT,60,LAT,LON,W,ÿÿÿÿÿ,2464288605
04/25/26 01:10:04,23.72,227.47,5.30,11.72,28.46,411.11,22.20,35.10,1011.00,0.54,0.96,0.96,256.60,0.34,1,13.87,32.76,83.72,1,-36,43,3,9,STAT,60,LAT,LON,W,ÿÿÿÿÿ,100097879
04/25/26 01:11:06,23.70,216.79,8.15,5.85,31.84,411.04,22.20,33.20,1011.00,0.62,1.19,1.19,204.80,0.54,1,13.80,9.25,84.78,1,-35,43,3,9,STAT,60,LAT,LON,W,ÿÿÿÿÿ,4047688129
04/25/26 01:12:08,23.64,210.84,9.60,3.84,34.28,411.01,22.00,32.60,1011.00,0.45,1.12,1.12,208.90,0.65,1,14.09,275.97,77.75,1,-37,40,3,8,STAT,60,LAT,LON,W,ÿÿÿÿÿ,3625634987
04/25/26 01:13:05,23.61,192.11,5.93,9.04,31.36,411.01,22.00,35.50,1011.00,0.70,1.14,1.14,227.00,0.40,1,13.95,95.49,78.49,1,-36,40,3,9,STAT,60,LAT,LON,W,ÿÿÿÿÿ,726626127
04/25/26 01:14:07,23.58,186.21,8.61,6.99,32.39,411.00,21.90,35.70,1011.00,0.75,1.41,1.41,261.90,0.49,1,13.87,26.97,82.40,1,-34,40,4,9,STAT,60,LAT,LON,W,ÿÿÿÿÿ,156653236
04/25/26 01:15:04,23.53,203.28,9.03,6.03,34.12,411.00,21.90,34.50,1011.00,0.62,1.51,1.51,248.80,0.38,1,13.84,8.46,75.89,1,-38,39,3,9,STAT,60,LAT,LON,W,ÿÿÿÿÿ,1535284319
04/25/26 01:16:06,23.50,195.97,8.18,6.74,33.36,410.38,21.80,33.40,1011.00,0.80,1.72,1.72,252.70,0.33,1,13.80,2.39,82.16,1,-37,39,4,9,STAT,60,LAT,LON,W,ÿÿÿÿÿ,101624451
04/25/26 01:17:08,23.43,193.52,5.72,9.09,31.28,409.73,21.80,36.70,1011.00,1.06,2.06,2.06,251.10,0.19,1,14.02,205.98,77.83,1,-37,40,3,9,STAT,60,LAT,LON,W,ÿÿÿÿÿ,2947088538
04/25/26 01:18:07,23.41,198.41,8.23,7.98,31.42,409.28,21.70,37.40,1011.00,0.80,1.85,1.85,225.40,0.29,1,13.91,64.64,73.65,1,-39,39,3,9,STAT,60,LAT,LON,W,ÿÿÿÿÿ,1659158602
04/25/26 01:19:09,23.34,211.95,10.60,3.52,36.27,409.10,21.60,33.60,1011.00,0.91,1.92,2.01,196.20,0.43,1,13.84,18.26,80.89,1,-42,39,2,9,STAT,60,LAT,LON,W,ÿÿÿÿÿ,3085329621
04/25/26 01:20:05,23.31,215.45,10.34,3.58,35.35,409.04,21.60,34.00,1011.00,0.93,1.44,1.47,252.90,0.55,1,13.80,5.73,75.23,1,-43,38,2,9,STAT,60,LAT,LON,W,ÿÿÿÿÿ,3816233440
04/25/26 01:21:07,23.25,213.11,8.32,7.34,33.24,409.01,21.50,36.00,1011.00,1.02,1.62,1.63,218.20,0.43,1,13.98,243.91,74.02,1,-39,37,3,9,STAT,60,LAT,LON,W,ÿÿÿÿÿ,3675153718
04/25/26 01:22:08,23.21,218.97,8.54,6.00,34.24,409.55,21.50,34.70,1011.00,1.04,1.81,1.96,239.40,0.55,1,13.95,112.70,76.08,1,-40,37,3,9,STAT,60,LAT,LON,W,ÿÿÿÿÿ,4076544829
04/25/26 01:23:05,23.14,205.89,8.34,6.83,34.06,409.60,21.30,35.30,1011.00,1.15,1.96,2.00,229.00,0.61,1,13.87,35.37,75.30,1,-38,37,3,10,STAT,60,LAT,LON,W,ÿÿÿÿÿ,1943987821
04/25/26 01:24:07,23.09,198.65,8.16,5.99,33.96,409.60,21.20,35.50,1011.00,1.05,1.82,1.85,208.40,0.55,1,13.84,9.99,73.82,1,-37,37,3,9,STAT,60,LAT,LON,W,ÿÿÿÿÿ,2078114809
04/25/26 01:25:05,23.03,203.34,7.33,5.38,35.07,409.63,21.10,35.20,1011.00,1.05,1.75,1.76,192.40,0.43,1,13.80,7.75,78.18,1,-39,37,4,10,STAT,60,LAT,LON,W,ÿÿÿÿÿ,3388926970
04/25/26 01:26:08,22.96,189.78,5.52,9.69,31.25,409.78,21.00,37.00,1011.00,0.97,1.43,1.54,225.40,0.22,1,13.80,26.86,75.03,1,-37,37,3,10,STAT,60,LAT,LON,W,ÿÿÿÿÿ,1312768975
04/25/26 01:27:09,22.89,192.03,4.14,10.31,31.28,409.75,20.90,38.50,1011.00,0.99,1.81,1.84,193.70,0.21,1,13.77,43.25,83.04,1,-38,37,3,10,STAT,60,LAT,LON,W,ÿÿÿÿÿ,3430383574
04/25/26 01:28:06,22.83,199.06,5.20,9.23,32.08,409.90,20.90,36.70,1011.00,0.74,1.46,1.69,115.50,0.11,1,13.80,59.22,83.24,1,-40,37,2,10,STAT,60,LAT,LON,W,ÿÿÿÿÿ,1431776917
04/25/26 01:29:08,22.75,210.33,6.40,7.78,32.98,409.32,20.90,38.00,1011.00,0.82,1.82,1.91,257.30,0.31,1,13.80,69.30,82.94,1,-43,37,2,10,STAT,60,LAT,LON,W,ÿÿÿÿÿ,796289655
04/25/26 01:30:09,22.67,215.97,7.61,7.50,33.39,409.61,20.80,36.50,1011.00,1.00,2.16,2.19,225.80,0.23,1,13.80,76.46,75.74,1,-41,34,3,10,STAT,60,LAT,LON,W,ÿÿÿÿÿ,2868901698
04/25/26 01:31:06,22.61,226.12,7.88,6.75,34.03,409.23,20.60,36.60,1011.00,1.41,2.71,2.95,211.90,0.40,1,13.77,71.80,77.02,1,-43,35,3,10,STAT,60,LAT,LON,W,ÿÿÿÿÿ,3281630171
04/25/26 01:32:10,22.53,232.05,9.32,7.91,32.87,409.08,20.50,37.20,1011.00,1.09,1.82,1.94,239.20,0.35,1,13.80,79.77,84.64,1,-45,34,3,10,STAT,60,LAT,LON,W,ÿÿÿÿÿ,206140069
04/25/26 01:33:06,22.45,244.91,7.42,9.48,31.55,409.03,20.30,38.90,1011.00,0.85,1.52,1.83,270.10,0.41,1,13.80,74.35,77.58,1,-43,35,4,10,STAT,60,LAT,LON,W,ÿÿÿÿÿ,850856671
04/25/26 01:34:07,22.37,247.93,4.95,14.70,25.97,409.15,20.30,39.70,1011.00,1.21,2.27,2.41,295.40,0.09,1,13.77,70.12,76.88,1,-40,35,4,9,STAT,60,LAT,LON,W,ÿÿÿÿÿ,4236662223
04/25/26 01:35:08,22.29,250.54,6.85,13.30,27.29,409.27,20.20,40.20,1011.00,1.39,2.53,2.58,241.20,0.10,1,13.80,77.87,76.63,1,-43,34,4,10,STAT,60,LAT,LON,W,ÿÿÿÿÿ,1667703708
04/25/26 01:36:09,22.22,249.41,6.33,13.01,27.35,409.68,20.20,41.40,1011.00,1.14,2.47,2.65,165.00,0.14,1,13.80,70.84,75.08,1,-45,34,3,10,STAT,60,LAT,LON,W,ÿÿÿÿÿ,2936279344
04/25/26 01:37:11,22.14,259.69,6.92,12.63,28.00,409.89,20.10,41.10,1011.00,1.59,2.98,3.13,246.70,0.07,1,13.77,68.74,79.38,1,-47,33,3,9,STAT,60,LAT,LON,W,ÿÿÿÿÿ,3848174549
04/25/26 01:38:07,22.07,257.61,9.38,7.76,31.95,409.96,20.00,38.50,1011.00,1.39,2.78,2.93,279.00,0.29,1,13.80,72.29,82.55,1,-48,32,3,9,STAT,60,LAT,LON,W,ÿÿÿÿÿ,4115892989
04/25/26 01:39:09,21.99,268.97,8.03,12.96,27.45,409.98,19.90,41.00,1011.00,1.14,2.52,2.62,254.60,0.20,1,13.80,72.12,81.87,1,-46,33,3,10,STAT,60,LAT,LON,W,ÿÿÿÿÿ,3934377856
04/25/26 01:40:09,21.93,291.00,11.06,11.43,27.97,409.99,19.80,37.30,1011.00,1.44,2.51,2.65,247.80,0.09,1,13.77,72.92,80.32,1,-44,32,3,10,STAT,60,LAT,LON,W,ÿÿÿÿÿ,1418790808
04/25/26 01:41:10,21.85,279.29,7.45,11.82,28.62,410.00,19.70,41.10,1011.00,1.16,2.43,3.04,161.60,0.09,1,13.80,76.72,76.34,1,-48,34,3,10,STAT,60,LAT,LON,W,ÿÿÿÿÿ,1335777304
04/25/26 01:42:11,21.78,255.30,7.51,12.01,28.24,410.00,19.60,40.00,1011.00,1.01,2.11,2.32,233.50,0.08,1,13.77,71.79,78.29,1,-46,32,4,10,STAT,60,LAT,LON,W,ÿÿÿÿÿ,2696265561
04/25/26 01:43:07,21.73,252.01,7.09,11.30,28.59,410.00,19.50,39.80,1011.00,1.36,2.07,2.14,227.30,0.18,1,13.77,68.12,78.75,1,-47,33,4,10,STAT,60,LAT,LON,W,ÿÿÿÿÿ,2267387742
04/25/26 01:44:09,21.65,252.31,8.88,6.28,32.46,409.44,19.40,36.10,1011.00,1.67,2.69,2.84,205.20,0.50,1,13.80,74.18,75.18,1,-49,33,3,10,STAT,60,LAT,LON,W,ÿÿÿÿÿ,2589892822
04/25/26 01:45:07,21.58,259.57,8.73,5.58,34.24,409.17,19.30,35.40,1011.00,1.81,2.48,2.54,225.30,0.51,1,13.80,82.30,84.16,1,-51,32,4,11,STAT,60,LAT,LON,W,ÿÿÿÿÿ,2021947229
04/25/26 01:46:09,21.52,234.26,6.08,11.44,28.97,408.90,19.30,38.00,1011.00,1.63,2.46,2.48,113.70,0.05,1,13.80,77.37,85.49,1,-46,31,4,10,STAT,60,LAT,LON,W,ÿÿÿÿÿ,3285764281
04/25/26 01:47:10,21.44,232.00,6.82,11.25,28.88,408.55,19.20,37.90,1011.00,1.58,2.52,2.52,207.90,0.04,1,13.77,74.44,86.00,1,-46,29,4,10,STAT,60,LAT,LON,W,ÿÿÿÿÿ,3894599037
04/25/26 01:48:07,21.38,239.91,7.55,11.07,28.13,408.21,19.20,38.20,1011.00,1.78,2.50,2.55,86.30,0.10,1,13.80,76.62,78.46,1,-49,30,4,9,STAT,60,LAT,LON,W,ÿÿÿÿÿ,500248757
04/25/26 01:49:10,21.32,239.26,7.77,10.89,29.63,408.07,19.10,38.20,1011.00,1.58,2.58,2.67,120.70,0.07,1,13.80,73.15,83.38,1,-48,29,4,10,STAT,60,LAT,LON,W,ÿÿÿÿÿ,2126603010
04/25/26 01:50:11,21.25,235.92,8.49,9.01,29.77,408.03,19.10,37.20,1011.00,1.69,2.76,2.79,145.40,0.11,1,13.80,76.23,78.85,1,-47,30,4,10,STAT,60,LAT,LON,W,ÿÿÿÿÿ,947738407
04/25/26 01:51:08,21.19,243.86,8.14,11.43,28.23,408.01,19.00,38.00,1011.00,1.48,2.45,2.46,186.00,0.11,1,13.80,76.24,74.97,1,-49,30,4,10,STAT,60,LAT,LON,W,ÿÿÿÿÿ,220933015
04/25/26 01:52:14,21.13,233.81,6.51,10.17,29.27,408.00,19.00,38.70,1011.00,1.38,2.24,2.25,106.10,0.10,1,13.80,81.53,85.29,1,-47,30,3,10,STAT,60,LAT,LON,W,ÿÿÿÿÿ,1359287834
04/25/26 01:53:11,21.06,237.75,6.81,9.20,31.79,408.00,18.90,39.90,1011.00,1.99,2.76,2.77,157.30,0.30,1,13.77,75.56,79.12,1,-48,29,3,10,STAT,60,LAT,LON,W,ÿÿÿÿÿ,854946084
04/25/26 01:54:12,21.02,237.42,6.64,9.40,31.59,408.00,18.80,37.80,1011.00,1.37,2.14,2.14,146.00,0.25,1,13.77,71.99,77.92,1,-47,30,3,10,STAT,60,LAT,LON,W,ÿÿÿÿÿ,2949884460
04/25/26 01:55:14,20.95,232.30,5.33,12.23,27.32,407.65,18.90,40.30,1011.00,1.11,1.73,1.89,92.90,0.18,1,13.80,79.41,76.67,1,-46,29,3,9,STAT,60,LAT,LON,W,ÿÿÿÿÿ,734537408
04/25/26 01:56:10,20.92,230.53,5.43,11.76,26.30,407.25,18.90,39.70,1011.00,0.96,1.81,1.87,77.30,0.21,1,13.80,72.12,75.21,1,-46,30,3,8,STAT,60,LAT,LON,W,ÿÿÿÿÿ,2376859201
04/25/26 01:57:11,20.85,235.99,5.97,12.53,26.63,407.09,18.90,40.50,1011.00,0.99,1.47,1.50,62.90,0.18,1,13.80,80.52,74.48,1,-48,29,4,9,STAT,60,LAT,LON,W,ÿÿÿÿÿ,3448914864
04/25/26 01:58:11,20.82,227.39,6.15,12.59,26.47,407.03,18.90,41.10,1011.00,0.95,1.71,1.72,99.40,0.18,1,13.77,76.66,79.25,1,-44,28,3,9,STAT,60,LAT,LON,W,ÿÿÿÿÿ,2217533281
04/25/26 01:59:08,20.75,240.68,8.45,13.69,24.06,407.01,18.80,41.10,1011.00,0.98,1.79,1.79,106.00,0.25,1,13.80,75.08,85.09,1,-47,26,6,8,STAT,60,LAT,LON,W,ÿÿÿÿÿ,2180935256
04/25/26 02:00:09,20.72,270.79,7.61,13.27,24.57,407.00,18.80,41.30,1011.00,1.04,1.90,1.90,88.10,0.23,1,13.80,71.78,77.94,1,-46,27,5,8,STAT,60,LAT,LON,W,ÿÿÿÿÿ,1526277299
04/25/26 02:01:12,20.66,257.51,7.33,13.53,24.26,407.00,18.80,42.00,1011.00,0.99,1.89,1.95,101.90,0.17,1,13.77,72.50,74.78,1,-44,27,4,9,STAT,60,LAT,LON,W,ÿÿÿÿÿ,3696198048
04/25/26 02:02:09,20.63,249.00,6.35,13.68,25.70,407.00,18.80,42.50,1011.00,1.14,1.96,1.98,103.60,0.17,1,13.80,73.95,79.09,1,-43,28,4,9,STAT,60,LAT,LON,W,ÿÿÿÿÿ,1593843760
04/25/26 02:03:11,20.57,257.60,6.21,12.57,26.70,407.00,18.80,42.00,1011.00,0.85,1.56,1.85,111.20,0.17,1,13.80,76.46,75.36,1,-46,27,4,9,STAT,60,LAT,LON,W,ÿÿÿÿÿ,1398672936
04/25/26 02:04:12,20.53,262.15,6.88,12.53,25.87,407.00,18.80,39.60,1011.00,1.06,1.70,1.84,101.40,0.14,1,13.80,71.73,74.35,1,-48,28,4,9,STAT,60,LAT,LON,W,ÿÿÿÿÿ,71097378
04/25/26 02:05:11,20.48,256.30,5.67,12.32,25.37,407.00,18.80,43.20,1011.00,1.27,2.37,2.42,118.20,0.27,1,13.77,73.78,78.13,1,-46,29,2,8,STAT,60,LAT,LON,W,ÿÿÿÿÿ,1972298858
04/25/26 02:06:12,20.44,265.90,8.20,11.08,26.91,407.25,18.80,40.60,1011.00,1.28,2.29,2.31,109.70,0.25,1,13.80,79.80,75.60,1,-47,27,3,9,STAT,60,LAT,LON,W,ÿÿÿÿÿ,1427910393
04/25/26 02:07:14,20.39,274.20,8.66,12.88,24.22,407.63,18.80,41.70,1011.00,1.15,2.40,2.40,136.90,0.08,1,13.80,78.30,80.89,1,-44,26,4,9,STAT,60,LAT,LON,W,ÿÿÿÿÿ,1061745151
04/25/26 02:08:10,20.34,290.83,9.77,11.50,25.75,407.86,18.80,41.00,1011.00,1.58,2.58,2.71,139.70,0.22,1,13.80,79.16,78.07,1,-42,26,4,9,STAT,60,LAT,LON,W,ÿÿÿÿÿ,2334274945
04/25/26 02:09:10,20.31,309.03,7.65,11.63,27.45,408.57,18.60,42.50,1011.00,2.32,3.48,3.66,117.10,0.49,1,13.80,75.40,79.58,1,-45,27,3,9,STAT,60,LAT,LON,W,ÿÿÿÿÿ,1491741466
04/25/26 02:10:11,20.25,293.53,6.19,13.57,26.27,409.39,18.50,42.90,1011.00,1.88,2.77,2.88,134.20,0.44,1,13.80,76.39,78.60,1,-44,27,3,10,STAT,60,LAT,LON,W,ÿÿÿÿÿ,2317222720
04/25/26 02:11:12,20.23,280.15,4.26,17.33,21.55,410.08,18.50,43.60,1011.00,2.26,3.14,3.31,146.10,0.14,1,13.80,75.24,77.51,1,-40,26,3,9,STAT,60,LAT,LON,W,ÿÿÿÿÿ,688837570
04/25/26 02:12:10,20.18,277.93,6.13,15.80,21.39,411.15,18.60,42.40,1011.00,2.53,3.34,3.40,217.70,0.04,1,13.80,76.23,83.93,1,-41,26,2,8,STAT,60,LAT,LON,W,ÿÿÿÿÿ,582893382
04/25/26 02:13:11,20.14,274.69,7.50,15.02,22.11,411.70,18.60,43.30,1011.00,1.86,2.79,2.81,128.10,0.17,1,13.80,75.03,85.03,1,-42,24,4,8,STAT,60,LAT,LON,W,ÿÿÿÿÿ,557017334
04/25/26 02:14:12,20.11,281.84,7.54,14.80,22.86,411.98,18.50,44.00,1011.00,1.73,2.10,2.23,116.90,0.25,1,13.80,74.43,77.90,1,-46,23,4,8,STAT,60,LAT,LON,W,ÿÿÿÿÿ,4221287365
04/25/26 02:15:13,20.05,269.22,8.24,13.68,22.65,412.23,18.60,42.20,1011.00,1.52,1.96,2.12,142.10,0.08,1,13.80,74.26,78.12,1,-44,25,4,8,STAT,60,LAT,LON,W,ÿÿÿÿÿ,171125451
04/25/26 02:16:14,20.03,283.43,7.60,13.08,23.51,412.40,18.60,40.10,1011.00,1.50,2.35,2.41,47.00,0.09,1,13.80,72.70,76.89,1,-46,25,4,8,STAT,60,LAT,LON,W,ÿÿÿÿÿ,1954752452
04/25/26 02:17:11,19.98,268.60,8.71,11.70,26.21,411.86,18.60,39.50,1011.00,1.44,2.40,2.42,55.50,0.21,1,13.80,71.23,75.76,1,-45,23,3,8,STAT,60,LAT,LON,W,ÿÿÿÿÿ,298842688
04/25/26 02:18:15,19.94,265.78,9.55,13.78,23.09,410.65,18.60,41.60,1011.00,1.11,2.08,2.09,78.90,0.20,1,13.77,73.49,92.56,1,-47,22,3,8,STAT,60,LAT,LON,W,ÿÿÿÿÿ,1275427643
04/25/26 02:19:12,19.91,255.96,6.52,13.32,24.71,409.59,18.60,40.50,1011.00,1.06,1.84,1.84,105.20,0.21,1,13.77,74.73,85.04,1,-43,24,3,7,STAT,60,LAT,LON,W,ÿÿÿÿÿ,1684076991
04/25/26 02:20:14,19.85,254.39,5.09,14.09,23.80,408.59,18.60,41.70,1011.00,1.60,2.49,2.49,82.90,0.20,1,13.77,74.35,79.01,1,-44,25,3,8,STAT,60,LAT,LON,W,ÿÿÿÿÿ,1976052443
04/25/26 02:21:16,19.83,253.25,5.76,14.17,24.63,408.14,18.60,42.20,1011.00,1.38,2.47,2.64,99.60,0.21,1,13.77,72.02,80.08,1,-45,25,4,9,STAT,60,LAT,LON,W,ÿÿÿÿÿ,3032594219
04/25/26 02:22:13,19.79,244.84,6.75,14.05,23.60,408.06,18.50,41.90,1011.00,1.27,2.28,2.43,105.80,0.19,1,13.77,69.48,83.86,1,-44,24,3,8,STAT,60,LAT,LON,W,ÿÿÿÿÿ,3683904216
04/25/26 02:23:15,19.74,236.33,7.61,14.39,23.34,407.69,18.60,41.60,1011.00,0.93,1.94,2.20,84.30,0.18,1,13.77,66.72,84.32,1,-43,23,3,8,STAT,60,LAT,LON,W,ÿÿÿÿÿ,1955037373
04/25/26 02:24:12,19.72,236.45,8.99,15.84,21.29,407.27,18.60,42.00,1011.00,0.98,1.82,1.92,73.80,0.20,1,13.77,65.21,86.65,1,-45,23,3,7,STAT,60,LAT,LON,W,ÿÿÿÿÿ,1357103671
04/25/26 02:25:15,19.67,227.31,6.88,16.37,20.84,407.25,18.60,43.60,1011.00,0.57,1.45,1.48,107.70,0.10,1,13.77,65.29,86.90,1,-41,24,3,7,STAT,60,LAT,LON,W,ÿÿÿÿÿ,3755598278
04/25/26 02:26:16,19.64,232.28,6.61,16.77,19.73,407.44,18.60,43.70,1011.00,0.78,1.59,1.60,93.90,0.12,1,13.77,64.93,80.07,1,-43,24,3,7,STAT,60,LAT,LON,W,ÿÿÿÿÿ,3499464429
04/25/26 02:27:12,19.62,238.63,7.40,15.77,21.10,407.46,18.60,41.10,1011.00,0.88,1.55,1.55,61.80,0.21,1,13.77,64.64,76.33,1,-45,23,4,8,STAT,60,LAT,LON,W,ÿÿÿÿÿ,3931374696
04/25/26 02:28:14,19.56,253.95,6.35,16.19,20.42,407.16,18.60,44.60,1011.00,0.96,1.55,1.56,75.20,0.22,1,13.77,62.58,78.91,1,-45,23,3,7,STAT,60,LAT,LON,W,ÿÿÿÿÿ,3457924213
04/25/26 02:29:15,19.53,250.84,5.07,16.18,20.14,407.46,18.50,43.90,1011.00,0.99,1.54,1.75,89.50,0.19,1,13.73,60.43,86.14,1,-44,23,3,7,STAT,60,LAT,LON,W,ÿÿÿÿÿ,466631700
04/25/26 02:30:13,19.50,248.26,8.66,14.81,21.65,407.79,18.50,41.80,1011.00,1.00,1.40,1.47,81.10,0.19,1,13.73,58.81,88.17,1,-44,22,2,7,STAT,60,LAT,LON,W,ÿÿÿÿÿ,1076701903
04/25/26 02:31:15,19.45,240.57,8.21,13.61,23.24,407.93,18.50,41.60,1011.00,0.81,1.40,1.57,83.40,0.21,1,13.73,58.27,78.46,1,-44,22,3,8,STAT,60,LAT,LON,W,ÿÿÿÿÿ,3450179378
04/25/26 02:32:12,19.43,233.24,7.28,13.93,22.27,407.97,18.40,41.90,1011.00,0.90,1.55,1.61,100.80,0.20,1,13.73,58.13,79.08,1,-43,23,4,7,STAT,60,LAT,LON,W,ÿÿÿÿÿ,3396023124
04/25/26 02:33:13,19.37,241.68,4.38,14.18,22.36,407.99,18.40,41.50,1010.00,0.77,1.46,1.48,109.40,0.20,1,13.73,58.08,77.18,1,-46,24,3,8,STAT,60,LAT,LON,W,ÿÿÿÿÿ,3428735624
04/25/26 02:34:14,19.34,231.36,7.29,13.05,22.62,408.00,18.40,40.90,1011.00,0.92,1.35,1.36,88.00,0.16,1,13.73,56.22,77.06,1,-44,23,3,7,STAT,60,LAT,LON,W,ÿÿÿÿÿ,2664342086
04/25/26 02:35:12,19.30,227.44,6.74,15.43,20.79,407.54,18.40,44.60,1011.00,0.83,1.45,1.46,63.00,0.23,1,13.70,55.27,81.40,1,-42,22,2,7,STAT,60,LAT,LON,W,ÿÿÿÿÿ,1969296951
04/25/26 02:36:13,19.25,225.08,8.24,13.94,23.53,407.19,18.30,41.70,1011.00,0.99,1.93,1.93,79.80,0.26,1,13.70,53.02,77.88,1,-42,22,3,7,STAT,60,LAT,LON,W,ÿÿÿÿÿ,602417487
04/25/26 02:37:11,19.22,222.32,7.55,12.59,24.22,406.81,18.20,40.90,1011.00,0.94,2.28,2.28,90.70,0.19,1,13.70,52.19,84.30,1,-42,22,3,7,STAT,60,LAT,LON,W,ÿÿÿÿÿ,4064987477
04/25/26 02:38:16,19.16,226.00,9.53,11.56,25.34,406.93,18.20,40.20,1011.00,0.95,1.71,1.71,67.60,0.26,1,13.66,51.78,92.77,1,-44,20,2,7,STAT,60,LAT,LON,W,ÿÿÿÿÿ,2826945439
04/25/26 02:39:17,19.13,222.54,10.25,13.36,22.86,406.98,18.10,40.90,1010.00,0.92,1.47,1.50,76.50,0.24,1,13.70,51.66,81.89,1,-44,20,2,7,STAT,60,LAT,LON,W,ÿÿÿÿÿ,4093000935
04/25/26 02:40:14,19.07,220.57,8.49,13.86,22.59,406.99,18.10,40.50,1010.00,0.97,1.62,1.63,78.70,0.12,1,13.66,51.07,81.86,1,-43,22,3,8,STAT,60,LAT,LON,W,ÿÿÿÿÿ,2045960856
04/25/26 02:41:15,19.04,222.95,8.15,12.99,25.46,407.00,18.10,40.30,1010.00,0.99,1.74,1.75,186.00,0.06,1,13.66,51.46,82.47,1,-43,21,4,8,STAT,60,LAT,LON,W,ÿÿÿÿÿ,1619650013
04/25/26 02:42:16,18.97,218.16,7.86,14.21,23.70,407.23,18.10,41.10,1010.00,0.95,1.55,1.55,207.40,0.16,1,13.66,51.57,79.75,1,-41,21,3,8,STAT,60,LAT,LON,W,ÿÿÿÿÿ,1957952328
04/25/26 02:43:13,18.94,218.39,7.15,12.31,26.48,407.70,17.90,40.60,1010.00,0.82,1.68,1.73,186.60,0.32,1,13.66,50.35,77.37,1,-41,22,3,8,STAT,60,LAT,LON,W,ÿÿÿÿÿ,2093254032
04/25/26 02:44:15,18.88,215.42,8.19,14.97,22.94,408.21,17.90,41.70,1010.00,0.69,1.72,2.08,168.60,0.20,1,13.66,48.94,78.37,1,-41,20,3,7,STAT,60,LAT,LON,W,ÿÿÿÿÿ,3797393889
04/25/26 02:45:16,18.84,218.94,9.27,11.28,27.47,408.12,17.60,40.20,1010.00,0.93,1.87,2.00,198.00,0.42,1,13.63,47.93,91.64,1,-42,21,3,8,STAT,60,LAT,LON,W,ÿÿÿÿÿ,1058925325
04/25/26 02:46:18,18.77,211.30,5.85,14.32,25.10,408.54,17.60,41.40,1010.00,0.96,1.91,2.09,215.50,0.32,1,13.63,46.18,83.81,1,-40,21,3,7,STAT,60,LAT,LON,W,ÿÿÿÿÿ,2211271908
04/25/26 02:47:14,18.74,211.43,5.01,14.21,23.77,408.82,17.60,41.00,1010.00,0.83,1.85,1.92,250.70,0.20,1,13.63,45.48,77.90,1,-40,22,3,7,STAT,60,LAT,LON,W,ÿÿÿÿÿ,3386729948
04/25/26 02:48:16,18.67,215.21,6.79,13.07,25.96,408.53,17.50,41.40,1010.00,0.90,1.69,1.71,242.80,0.31,1,13.63,43.28,76.02,1,-41,21,3,7,STAT,60,LAT,LON,W,ÿÿÿÿÿ,3783132016
04/25/26 02:49:18,18.62,209.93,6.43,15.60,22.46,409.13,17.40,42.60,1010.00,0.99,1.74,1.75,266.70,0.19,1,13.63,41.70,81.32,1,-40,20,4,7,STAT,60,LAT,LON,W,ÿÿÿÿÿ,2808432841
04/25/26 02:50:15,18.57,206.59,6.37,15.57,21.75,410.17,17.40,42.50,1010.00,0.50,1.46,1.58,297.80,0.08,1,13.59,39.33,78.82,1,-39,20,2,7,STAT,60,LAT,LON,W,ÿÿÿÿÿ,842940783
04/25/26 02:51:17,18.51,212.35,9.58,12.92,24.10,410.71,17.40,41.00,1010.00,0.42,1.34,1.44,245.70,0.15,1,13.59,36.68,79.37,1,-41,20,3,7,STAT,60,LAT,LON,W,ÿÿÿÿÿ,2712153685
04/25/26 02:52:14,18.46,207.85,8.54,12.80,24.43,410.89,17.30,41.70,1010.00,0.71,1.35,1.55,275.70,0.20,1,13.59,34.60,79.51,1,-41,20,3,7,STAT,60,LAT,LON,W,ÿÿÿÿÿ,1060294026
04/25/26 02:53:15,18.39,207.30,7.96,15.06,22.66,410.96,17.30,42.70,1010.00,1.00,1.68,1.81,264.80,0.10,1,13.55,32.60,84.39,1,-40,19,3,7,STAT,60,LAT,LON,W,ÿÿÿÿÿ,3141230244
04/25/26 02:54:17,18.34,207.09,6.47,15.29,21.75,410.99,17.20,42.70,1010.00,0.95,1.40,1.44,279.60,0.12,1,13.55,30.25,87.16,1,-41,21,3,7,STAT,60,LAT,LON,W,ÿÿÿÿÿ,314818250
04/25/26 02:55:14,18.28,210.39,6.65,15.34,22.23,410.99,17.10,43.30,1010.00,1.07,1.29,1.30,278.90,0.19,1,13.55,29.42,86.92,1,-41,20,2,8,STAT,60,LAT,LON,W,ÿÿÿÿÿ,1250396691
04/25/26 02:56:17,18.22,236.27,6.67,17.98,18.76,411.35,17.00,43.40,1010.00,1.34,2.04,2.23,286.50,0.20,1,13.55,26.93,87.62,1,-37,20,3,7,STAT,60,LAT,LON,W,ÿÿÿÿÿ,3953224737
04/25/26 02:57:17,18.17,240.95,7.57,17.25,19.05,411.12,16.90,43.60,1010.00,1.35,2.38,2.44,288.20,0.16,1,13.55,25.25,80.74,1,-39,19,2,7,STAT,60,LAT,LON,W,ÿÿÿÿÿ,1582733389
04/25/26 02:58:16,18.10,248.20,7.56,17.08,19.32,411.05,16.90,44.40,1010.00,1.44,2.49,2.51,264.60,0.14,1,13.52,23.42,88.18,1,-40,19,2,7,STAT,60,LAT,LON,W,ÿÿÿÿÿ,1000048105
04/25/26 02:59:17,18.05,261.21,7.75,17.70,18.79,411.52,16.80,45.20,1010.00,1.34,2.14,2.15,220.60,0.03,1,13.52,21.85,79.34,1,-42,19,2,7,STAT,60,LAT,LON,W,ÿÿÿÿÿ,317524134
04/25/26 03:00:17,17.98,259.06,7.36,19.10,16.47,411.83,16.70,47.20,1010.00,1.58,2.33,2.33,88.50,0.09,1,13.52,20.06,80.27,1,-39,19,3,7,STAT,60,LAT,LON,W,ÿÿÿÿÿ,2450941850
04/25/26 03:01:19,17.92,269.14,8.60,20.37,14.98,414.27,16.60,48.20,1010.00,2.10,3.35,3.51,87.30,0.11,1,13.48,19.55,77.00,1,-37,17,2,7,STAT,60,LAT,LON,W,ÿÿÿÿÿ,2259671995
04/25/26 03:02:16,17.87,275.19,8.14,20.19,14.19,418.74,16.50,47.50,1010.00,2.44,4.02,4.08,75.20,0.15,1,13.48,18.36,75.40,1,-36,16,2,6,STAT,60,LAT,LON,W,ÿÿÿÿÿ,4143798264
04/25/26 03:03:16,17.80,316.14,9.99,21.79,11.30,423.75,16.40,47.30,1010.00,2.87,4.26,4.28,16.30,0.15,1,13.48,16.76,80.99,1,-40,18,2,6,STAT,60,LAT,LON,W,ÿÿÿÿÿ,3021161552
04/25/26 03:04:17,17.74,314.82,10.21,20.42,14.21,426.21,16.30,46.50,1010.00,2.01,3.67,3.79,33.70,0.15,1,13.48,14.48,78.85,1,-40,17,3,7,STAT,60,LAT,LON,W,ÿÿÿÿÿ,2129160856
04/25/26 03:05:20,17.68,301.06,8.77,19.31,14.76,425.83,16.10,47.00,1010.00,1.86,3.07,3.20,54.40,0.23,1,13.45,11.90,80.73,1,-39,17,2,6,STAT,60,LAT,LON,W,ÿÿÿÿÿ,3800594022
04/25/26 03:06:16,17.61,282.45,7.68,20.01,15.81,423.73,16.00,50.70,1010.00,1.38,2.71,2.76,57.70,0.23,1,13.45,10.37,80.70,1,-40,17,3,7,STAT,60,LAT,LON,W,ÿÿÿÿÿ,2976393601
04/25/26 03:07:18,17.54,279.38,4.34,22.91,11.67,427.08,15.90,54.60,1010.00,1.35,2.29,2.48,60.30,0.27,1,13.45,7.66,84.37,1,-39,17,3,7,STAT,60,LAT,LON,W,ÿÿÿÿÿ,3936127091
04/25/26 03:08:19,17.48,247.39,3.40,21.71,11.00,439.46,15.70,55.80,1010.00,0.98,1.65,1.72,55.10,0.22,1,13.45,5.51,78.39,1,-37,18,3,7,STAT,60,LAT,LON,W,ÿÿÿÿÿ,1205958434
04/25/26 03:09:16,17.41,235.13,5.30,19.24,13.56,452.50,15.70,55.10,1010.00,0.96,1.77,1.79,53.20,0.22,1,13.41,3.94,76.45,1,-41,18,3,7,STAT,60,LAT,LON,W,ÿÿÿÿÿ,998510480
04/25/26 03:10:16,17.33,228.37,4.85,19.41,11.88,461.12,15.50,56.10,1010.00,0.84,1.70,1.70,56.30,0.25,1,13.41,2.34,78.96,1,-41,18,4,6,STAT,60,LAT,LON,W,ÿÿÿÿÿ,3806863504
04/25/26 03:11:20,17.27,229.31,4.53,18.56,13.43,466.48,15.30,56.10,1010.00,0.94,1.56,1.56,59.20,0.25,1,13.41,0.66,84.76,1,-40,18,3,7,STAT,60,LAT,LON,W,ÿÿÿÿÿ,1178168303
04/25/26 03:12:16,17.20,223.97,5.63,18.64,13.22,468.29,15.20,57.20,1010.00,0.75,1.69,1.86,57.50,0.24,1,13.41,0.21,89.63,1,-42,17,5,7,STAT,60,LAT,LON,W,ÿÿÿÿÿ,3600481883
04/25/26 03:13:18,17.12,212.77,5.28,18.39,12.34,469.47,15.00,58.00,1010.00,0.90,1.67,1.80,59.10,0.26,1,13.38,0.06,86.82,1,-40,17,3,7,STAT,60,LAT,LON,W,ÿÿÿÿÿ,2709434776
04/25/26 03:14:20,17.04,217.72,5.10,17.98,13.38,473.16,14.90,58.30,1010.00,0.93,1.71,2.01,57.70,0.25,1,13.38,0.02,78.59,1,-42,17,3,7,STAT,60,LAT,LON,W,ÿÿÿÿÿ,2765927171
04/25/26 03:15:16,16.98,298.99,7.07,19.52,11.21,474.91,14.70,58.90,1010.00,1.28,2.75,3.00,57.30,0.25,1,13.38,0.01,76.77,1,-42,15,4,7,STAT,60,LAT,LON,W,ÿÿÿÿÿ,2408163133
04/25/26 03:16:19,16.90,403.82,8.15,19.89,10.72,476.85,14.60,59.70,1010.00,1.23,2.80,3.15,53.30,0.23,1,13.38,0.00,76.88,1,-40,14,3,7,STAT,60,LAT,LON,W,ÿÿÿÿÿ,2393112951
04/25/26 03:17:20,16.82,411.08,5.26,19.19,11.23,478.49,14.50,60.00,1010.00,1.08,2.55,2.67,54.60,0.23,1,13.38,0.00,76.62,1,-41,17,4,7,STAT,60,LAT,LON,W,ÿÿÿÿÿ,2327330162
04/25/26 03:18:18,16.73,334.90,5.65,18.35,11.60,479.88,14.50,60.10,1010.00,1.24,2.36,2.40,55.30,0.24,1,13.34,0.00,84.84,1,-43,16,4,7,STAT,60,LAT,LON,W,ÿÿÿÿÿ,666967912
04/25/26 03:19:19,16.65,331.21,5.87,16.75,14.77,478.29,14.30,59.30,1010.00,1.09,2.29,2.56,58.80,0.32,1,13.34,0.00,78.36,1,-44,16,3,7,STAT,60,LAT,LON,W,ÿÿÿÿÿ,761119884
04/25/26 03:20:16,16.57,358.91,6.31,17.95,12.39,473.95,14.30,60.20,1010.00,1.07,2.08,2.22,39.70,0.29,1,13.34,0.00,79.43,1,-43,15,4,7,STAT,60,LAT,LON,W,ÿÿÿÿÿ,1446580979
04/25/26 03:21:18,16.49,358.90,5.17,18.45,11.53,472.33,14.10,60.50,1010.00,1.38,2.03,2.26,46.50,0.30,1,13.34,0.00,76.89,1,-43,15,3,7,STAT,60,LAT,LON,W,ÿÿÿÿÿ,2773094190
04/25/26 03:22:20,16.41,494.90,5.72,18.44,11.67,473.76,13.90,60.60,1010.00,1.13,1.93,2.01,52.90,0.33,1,13.34,0.00,77.25,1,-41,15,3,7,STAT,60,LAT,LON,W,ÿÿÿÿÿ,35779146
04/25/26 03:23:17,16.33,756.64,5.79,18.17,11.73,475.11,13.80,61.70,1010.00,1.38,2.45,2.61,56.50,0.33,1,13.31,0.00,76.71,1,-37,15,3,7,STAT,60,LAT,LON,W,ÿÿÿÿÿ,3752533260
04/25/26 03:24:19,16.24,586.54,6.56,18.53,10.97,486.97,13.60,62.40,1010.00,1.23,2.07,2.44,59.30,0.39,1,13.31,0.00,83.21,1,-36,14,4,7,STAT,60,LAT,LON,W,ÿÿÿÿÿ,4191616355
04/25/26 03:25:19,16.16,444.73,6.02,17.84,10.68,503.34,13.50,62.60,1010.00,1.10,2.03,2.16,55.70,0.31,1,13.31,0.00,86.16,1,-40,14,3,8,STAT,60,LAT,LON,W,ÿÿÿÿÿ,2610726183
04/25/26 03:26:20,16.07,394.96,7.08,18.26,10.48,509.99,13.40,63.10,1010.00,1.09,1.93,1.98,54.40,0.32,1,13.31,0.00,81.04,1,-44,13,3,7,STAT,60,LAT,LON,W,ÿÿÿÿÿ,3582232975
04/25/26 03:27:22,15.98,451.73,5.70,18.69,11.89,507.24,13.20,63.40,1010.00,0.78,1.71,1.82,58.10,0.38,1,13.31,0.00,78.30,1,-42,14,3,8,STAT,60,LAT,LON,W,ÿÿÿÿÿ,1415732216
04/25/26 03:28:18,15.90,524.58,5.68,17.87,12.38,501.29,13.00,63.90,1010.00,1.05,1.95,2.08,60.60,0.42,1,13.31,0.00,83.37,1,-41,13,3,7,STAT,60,LAT,LON,W,ÿÿÿÿÿ,3740040321
04/25/26 03:29:20,15.81,665.42,6.23,18.22,12.07,494.22,13.00,63.80,1010.00,1.10,1.49,1.87,58.80,0.43,1,13.27,0.00,84.55,1,-37,13,4,7,STAT,60,LAT,LON,W,ÿÿÿÿÿ,2888030579
04/25/26 03:30:21,15.73,679.51,6.52,18.17,12.24,487.41,12.90,63.80,1010.00,0.94,1.44,1.56,56.60,0.38,1,13.27,0.00,80.52,1,-37,13,4,7,STAT,60,LAT,LON,W,ÿÿÿÿÿ,1094903902
04/25/26 03:31:17,15.64,587.10,7.57,17.85,12.58,483.23,12.80,63.90,1010.00,0.91,1.81,1.89,54.00,0.31,1,13.27,0.00,84.72,1,-39,12,4,8,STAT,60,LAT,LON,W,ÿÿÿÿÿ,2241377437
04/25/26 03:32:20,15.55,439.09,5.99,17.32,12.82,479.01,12.70,63.10,1010.00,1.18,2.41,2.44,58.80,0.40,1,13.27,0.00,79.07,1,-43,13,4,7,STAT,60,LAT,LON,W,ÿÿÿÿÿ,2563356476
04/25/26 03:33:17,15.46,344.91,6.03,17.20,13.46,473.00,12.60,63.10,1010.00,1.60,3.56,4.35,59.10,0.40,1,13.27,0.00,78.17,1,-45,14,3,7,STAT,60,LAT,LON,W,ÿÿÿÿÿ,72289383
04/25/26 03:34:19,15.38,294.24,5.01,17.46,13.53,468.13,12.60,63.50,1010.00,1.54,3.17,3.45,58.50,0.40,1,13.27,0.00,76.89,1,-44,15,4,8,STAT,60,LAT,LON,W,ÿÿÿÿÿ,3132313950
04/25/26 03:35:21,15.29,275.63,6.71,17.35,13.47,465.70,12.40,64.10,1010.00,1.82,3.70,3.80,60.90,0.43,1,13.27,0.00,76.93,1,-46,12,3,7,STAT,60,LAT,LON,W,ÿÿÿÿÿ,230418005
04/25/26 03:36:18,15.21,306.13,6.36,18.03,13.09,464.65,12.30,64.50,1010.00,1.74,3.33,3.37,62.20,0.49,1,13.27,0.00,80.70,1,-46,12,4,7,STAT,60,LAT,LON,W,ÿÿÿÿÿ,157771893
04/25/26 03:37:19,15.13,435.46,6.54,17.60,13.89,464.73,12.20,64.70,1010.00,2.14,3.51,3.76,62.90,0.51,1,13.27,0.00,80.72,1,-41,13,4,7,STAT,60,LAT,LON,W,ÿÿÿÿÿ,902280366
04/25/26 03:38:23,15.05,484.57,7.66,17.79,13.93,464.91,12.20,65.00,1011.00,2.02,3.94,4.03,60.80,0.44,1,13.27,0.00,92.73,1,-40,11,3,8,STAT,60,LAT,LON,W,ÿÿÿÿÿ,471785155
04/25/26 03:39:19,14.96,602.48,4.80,18.61,12.02,465.60,12.10,65.50,1011.00,2.56,4.79,5.20,55.50,0.35,1,13.24,0.00,86.66,1,-40,13,3,7,STAT,60,LAT,LON,W,ÿÿÿÿÿ,1102624054
04/25/26 03:40:21,14.87,870.61,7.53,18.68,11.09,468.24,12.00,66.00,1011.00,2.79,4.68,4.82,57.10,0.37,1,13.24,0.00,80.14,1,-36,11,3,7,STAT,60,LAT,LON,W,ÿÿÿÿÿ,849360970
04/25/26 03:41:23,14.79,952.48,7.59,18.74,11.32,470.03,12.00,65.90,1011.00,2.63,4.44,4.72,55.20,0.37,1,13.24,0.00,78.27,1,-33,11,3,7,STAT,60,LAT,LON,W,ÿÿÿÿÿ,213574847
04/25/26 03:42:20,14.72,971.13,6.18,19.34,10.39,470.63,11.90,66.20,1011.00,2.40,4.42,4.97,55.90,0.36,1,13.24,0.00,78.00,1,-31,12,4,7,STAT,60,LAT,LON,W,ÿÿÿÿÿ,3922676098
04/25/26 03:43:23,14.65,875.63,5.10,19.62,9.08,470.95,11.80,66.70,1011.00,2.62,4.50,4.69,49.70,0.32,1,13.24,0.00,81.02,1,-30,12,4,7,STAT,60,LAT,LON,W,ÿÿÿÿÿ,837938816
04/25/26 03:44:20,14.56,712.80,4.59,18.60,9.73,472.05,11.80,67.60,1011.00,2.83,5.14,5.21,42.70,0.29,1,13.24,0.00,83.55,1,-34,13,3,7,STAT,60,LAT,LON,W,ÿÿÿÿÿ,3637399786
04/25/26 03:45:24,14.48,529.57,4.54,18.00,10.04,473.90,11.70,67.40,1011.00,2.87,5.81,5.83,43.90,0.27,1,13.24,0.00,88.43,1,-39,12,3,7,STAT,60,LAT,LON,W,ÿÿÿÿÿ,3600152444
04/25/26 03:46:21,14.40,421.05,5.73,18.48,10.34,474.58,11.70,67.80,1011.00,4.88,8.44,9.00,47.80,0.29,1,13.24,0.00,80.35,1,-41,11,3,7,STAT,60,LAT,LON,W,ÿÿÿÿÿ,2435864754
04/25/26 03:47:23,14.32,350.49,5.54,18.95,8.90,474.35,11.60,67.70,1011.00,6.52,10.71,11.07,46.30,0.29,1,13.24,0.00,78.68,1,-41,11,3,6,STAT,60,LAT,LON,W,ÿÿÿÿÿ,392248712
04/25/26 03:48:20,14.25,316.19,5.43,18.51,9.29,474.13,11.60,68.10,1011.00,6.80,11.02,11.36,47.80,0.31,1,13.24,0.00,78.26,1,-41,12,3,6,STAT,60,LAT,LON,W,ÿÿÿÿÿ,2698949501
04/25/26 03:49:22,14.17,325.97,5.64,17.96,10.69,475.31,11.50,68.30,1011.00,5.51,9.11,9.81,55.00,0.36,1,13.24,0.00,77.77,1,-42,12,3,6,STAT,60,LAT,LON,W,ÿÿÿÿÿ,1105539492
04/25/26 03:50:24,14.10,321.12,5.82,18.35,10.94,478.10,11.40,68.60,1011.00,5.91,10.52,11.12,49.80,0.32,1,13.24,0.00,78.06,1,-41,11,3,7,STAT,60,LAT,LON,W,ÿÿÿÿÿ,3427846347
04/25/26 03:51:20,14.04,295.40,6.17,18.54,10.27,479.89,11.40,68.90,1011.00,6.39,10.57,11.10,49.70,0.31,1,13.20,0.00,85.83,1,-42,10,2,6,STAT,60,LAT,LON,W,ÿÿÿÿÿ,3859825281
04/25/26 03:52:22,13.97,272.84,6.22,18.10,9.99,480.61,11.40,69.10,1011.00,6.91,11.94,12.46,55.10,0.35,1,13.24,0.00,89.10,1,-41,10,2,7,STAT,60,LAT,LON,W,ÿÿÿÿÿ,255832353
04/25/26 03:53:24,13.90,260.26,5.89,18.70,9.70,481.71,11.30,69.40,1011.00,7.57,12.33,12.96,49.30,0.32,1,13.24,0.00,86.01,1,-40,10,3,7,STAT,60,LAT,LON,W,ÿÿÿÿÿ,736529437
04/25/26 03:54:20,13.85,258.92,7.99,18.25,9.70,482.50,11.20,69.40,1011.00,8.04,12.96,13.19,43.30,0.30,0,13.24,0.00,80.65,1,-43,9,3,6,STAT,60,LAT,LON,W,ÿÿÿÿÿ,3833569265
04/25/26 03:55:22,13.77,260.02,7.05,17.66,10.52,482.79,11.10,68.50,1011.00,8.09,13.04,13.37,53.40,0.36,0,13.24,0.00,77.42,1,-45,10,2,6,STAT,60,LAT,LON,W,ÿÿÿÿÿ,3719656116
04/25/26 03:56:20,13.71,251.90,7.27,18.44,9.40,481.43,11.10,69.20,1011.00,7.00,11.69,11.81,49.10,0.31,0,13.24,0.00,74.19,1,-43,11,2,5,STAT,60,LAT,LON,W,ÿÿÿÿÿ,3246284697
04/25/26 03:57:22,13.65,257.91,7.71,18.29,10.37,479.85,11.00,69.50,1011.00,8.15,13.69,14.51,45.60,0.32,0,13.20,0.00,93.55,1,-41,10,3,6,STAT,60,LAT,LON,W,ÿÿÿÿÿ,1181532060
