DATE,CO,NO,NO2,O3,CO2,PM2.5,AQHI,NO2_contrib,O3_contrib,PM2_5_contrib,Top_AQHI_Contributor
2026-05-31 01:45:00,0.29832,2.265,10.335,17.195,673.9649999999999,3.24,,,,,
2026-05-31 02:00:00,0.29168466666666665,2.5746666666666664,9.474666666666666,18.313333333333333,676.7326666666667,2.9506666666666668,,,,,
2026-05-31 02:15:00,0.28213533333333335,2.512,9.281333333333333,17.690666666666665,680.9,2.9686666666666666,,,,,
2026-05-31 02:30:00,0.26860466666666666,2.498666666666667,8.742666666666667,18.704666666666668,677.3993333333333,2.7,,,,,
2026-05-31 02:45:00,0.2639066666666667,2.4686666666666666,8.856666666666667,19.042666666666666,677.5286666666667,2.7586666666666666,,,,,
2026-05-31 03:00:00,0.266486,2.482,9.08,16.598,685.638,2.9393333333333334,,,,,
2026-05-31 03:15:00,0.2689126666666667,2.378,9.102,15.162,690.0866666666667,2.6533333333333333,,,,,
2026-05-31 03:30:00,0.2627746666666667,2.414,8.392666666666667,16.29,686.7946666666667,2.497333333333333,,,,,
2026-05-31 03:45:00,0.25831400000000004,2.42,8.153333333333332,16.893333333333334,686.7286666666666,2.394,,,,,
2026-05-31 04:00:00,0.26211533333333337,2.452,9.014666666666667,14.234666666666667,695.7646666666667,2.4873333333333334,,,,,
2026-05-31 04:15:00,0.2695973333333333,2.3486666666666665,9.522666666666668,12.692,702.1933333333334,2.508,,,,,
2026-05-31 04:30:00,0.26571266666666665,2.1546666666666665,9.262,12.671333333333333,702.018,2.6733333333333333,2,0.4402973512486764,0.48607930454736026,0.07362334420396331,O3
2026-05-31 04:45:00,0.2581986666666667,2.004,8.249333333333333,14.111333333333333,695.764,2.4726666666666666,2,0.43971261643450554,0.4870811325782051,0.07320625098728935,O3
2026-05-31 05:00:00,0.26887133333333335,1.72,10.160666666666666,10.948,708.378,2.604,2,0.4500505584148523,0.4763076115999573,0.07364182998519038,O3
2026-05-31 05:15:00,0.26495266666666667,1.5866666666666667,10.186666666666667,11.022,710.3533333333334,2.6766666666666667,2,0.4603446406249904,0.4656482395981424,0.07400711977686718,O3
2026-05-31 05:30:00,0.26943466666666666,1.3940000000000001,10.687333333333333,9.741333333333333,715.1633333333333,2.616,2,0.4759506078540905,0.449084678403891,0.0749647137420185,NO2
2026-05-31 05:45:00,0.2719893333333333,1.3533333333333333,9.909333333333333,10.097333333333333,712.996,2.7053333333333334,2,0.4899927302648993,0.4336913758163585,0.07631589391874216,NO2
2026-05-31 06:00:00,0.27451600000000004,1.584,10.874666666666666,9.203333333333333,718.1673333333333,2.6206666666666667,2,0.5044186610227226,0.41905521237189686,0.07652612660538054,NO2
2026-05-31 06:15:00,0.25595466666666666,1.4666666666666666,7.474,13.700666666666667,698.3393333333333,2.513333333333333,2,0.5030023322055955,0.4199223973129009,0.07707527048150364,NO2
2026-05-31 06:30:00,0.263256,1.5546666666666666,7.8213333333333335,13.322,698.1553333333334,2.687333333333333,2,0.5056574523207249,0.4159799065189472,0.07836264116032796,NO2
2026-05-31 06:45:00,0.2566793333333333,1.7853333333333332,7.272666666666667,15.272666666666666,689.2746666666667,2.525333333333333,2,0.5058059672356313,0.4148453579836817,0.07934867478068697,NO2
2026-05-31 07:00:00,0.2587286666666667,1.8486666666666667,6.8853333333333335,15.876666666666667,687.4366666666667,2.722,2,0.49827863684302315,0.42140853180833104,0.08031283134864584,NO2
2026-05-31 07:15:00,0.25270866666666664,1.8,6.283333333333333,16.07,682.2646666666667,2.6166666666666667,2,0.48578296564354306,0.43321450634855835,0.08100252800789862,NO2
2026-05-31 07:30:00,0.254046,1.5533333333333332,6.334666666666667,17.392,677.1833333333333,2.8853333333333335,2,0.471980872579251,0.4465074319340716,0.08151169548667744,NO2
2026-05-31 07:45:00,0.25878866666666667,1.5146666666666666,6.64,17.736,675.8340000000001,3.014,2,0.4625313878760582,0.45491604755443044,0.08255256456951138,NO2
2026-05-31 08:00:00,0.26569600000000004,1.5966666666666667,6.631333333333333,17.131333333333334,674.1153333333333,3.3633333333333333,2,0.44478701380332397,0.47098595361272944,0.08422703258394658,O3
2026-05-31 08:15:00,0.26403866666666664,1.988,6.430666666666666,18.650666666666666,669.49,3.656,2,0.4245849397563394,0.4892752254691416,0.08613983477451903,O3
2026-05-31 08:30:00,0.26216666666666666,2.3966666666666665,6.761333333333333,18.411333333333335,668.688,5.490666666666667,2,0.40110611794137363,0.506723479140883,0.09217040291774337,O3
2026-05-31 08:45:00,0.25915,2.7913333333333332,6.996,17.71,667.4353333333333,4.343333333333334,2,0.3833183105989466,0.521562790181052,0.09511889922000145,O3
2026-05-31 09:00:00,0.259484,2.7399999999999998,6.826666666666666,17.227333333333334,664.5353333333334,4.183333333333334,2,0.36243337820208116,0.5393561494476666,0.09821047235025222,O3
2026-05-31 09:15:00,0.28045600000000004,3.4846666666666666,7.189333333333334,15.191333333333333,663.276,5.061333333333334,2,0.3579292833022136,0.538538323582752,0.10353239311503441,O3
2026-05-31 09:30:00,0.3005486666666667,3.5060000000000002,5.691333333333334,13.104,648.396,4.852,2,0.35023604465090896,0.5404530344003059,0.10931092094878511,O3
2026-05-31 09:45:00,0.266726,3.578666666666667,5.622,12.154666666666666,637.0906666666667,4.302,2,0.34693084370369787,0.5381027193771695,0.11496643691913272,O3
2026-05-31 10:00:00,0.22615733333333332,4.405333333333333,5.541333333333333,11.907333333333334,628.2186666666666,4.184666666666667,2,0.34554037527354264,0.5342790364721084,0.12018058825434894,O3
2026-05-31 10:15:00,0.19878200000000001,5.382666666666666,5.1626666666666665,13.084,622.6846666666667,4.1353333333333335,2,0.34377753537820227,0.531036254758061,0.12518620986373663,O3
2026-05-31 10:30:00,0.18165666666666666,5.362666666666667,5.220666666666666,13.423333333333334,621.962,5.070666666666667,2,0.3423713333614758,0.525494946158196,0.13213372048032823,O3
2026-05-31 10:45:00,0.18759066666666666,5.703333333333333,5.512666666666667,12.416,624.1306666666667,5.166,2,0.3422507018728865,0.5180397327794862,0.1397095653476273,O3
2026-05-31 11:00:00,0.18603466666666668,5.623333333333333,5.859333333333334,12.538,622.662,5.236666666666666,1,0.3427540839768768,0.5109150214412811,0.14633089458184212,O3
2026-05-31 11:15:00,0.181898,4.463333333333333,5.9093333333333335,15.526666666666667,622.71,5.108,1,0.34295267432871,0.5057228920595256,0.15132443361176437,O3
2026-05-31 11:30:00,0.20477866666666666,3.7806666666666664,6.229333333333333,16.308,623.5686666666667,5.646,1,0.3432719803081574,0.5037215134281359,0.15300650626370674,O3
2026-05-31 11:45:00,0.200016,3.5166666666666666,6.352,17.462666666666667,618.324,5.752,1,0.34020211147761764,0.5030160570311338,0.15678183149124852,O3
2026-05-31 12:00:00,0.20328200000000002,3.5366666666666666,6.362,18.448,615.578,5.440666666666667,1,0.3363750168752825,0.5042381923620102,0.15938679076270737,O3
2026-05-31 12:15:00,0.18728733333333333,3.0453333333333332,6.3500000000000005,20.89666666666667,612.7753333333334,5.253333333333333,1,0.32799344321219975,0.5142136498240699,0.15779290696373038,O3
2026-05-31 12:30:00,0.19879933333333333,2.7186666666666666,6.44,22.567999999999998,614.086,5.134,2,0.32129162912477544,0.5250659023449278,0.15364246853029678,O3
2026-05-31 12:45:00,0.20294133333333333,2.5706666666666664,6.5633333333333335,23.179333333333332,611.79,5.012666666666667,2,0.31389830407561736,0.5362317944095383,0.1498699015148444,O3
2026-05-31 13:00:00,0.20099533333333336,2.582,6.640666666666666,24.61466666666667,608.4066666666666,4.382666666666666,2,0.30649452714699055,0.5489247434390148,0.1445807294139947,O3
2026-05-31 13:15:00,0.194448,2.604,6.692,25.939333333333334,606.0393333333334,4.718,2,0.30048442946658765,0.5593815905300569,0.14013398000335547,O3
2026-05-31 13:30:00,0.190008,2.6526666666666667,7.292,24.731333333333332,605.8073333333333,3.820666666666667,2,0.2987287849355313,0.5684921380711835,0.1327790769932852,O3
2026-05-31 13:45:00,0.213194,2.703333333333333,7.585333333333334,24.901333333333334,605.9766666666667,5.240666666666667,2,0.2954347063526025,0.576579595456013,0.12798569819138444,O3
2026-05-31 14:00:00,0.203044,2.752,7.075333333333333,27.818,602.676,3.926,2,0.28913708216177114,0.590191326510088,0.12067159132814084,O3
2026-05-31 14:15:00,0.16976466666666667,3.0286666666666666,7.2139999999999995,28.38533333333333,597.608,3.0973333333333333,2,0.28539924272992706,0.601386979124155,0.11321377814591797,O3
2026-05-31 14:30:00,0.19690266666666667,2.9346666666666668,7.9399999999999995,30.139333333333333,600.9973333333334,3.642,2,0.28228006672063705,0.6119028169710353,0.10581711630832762,O3
2026-05-31 14:45:00,0.21536866666666665,3.0426666666666664,7.744,31.672,601.608,4.469333333333333,2,0.27799263319159007,0.6219059903506495,0.1001013764577604,O3
2026-05-31 15:00:00,0.22702666666666668,3.1673333333333336,7.598,32.535333333333334,601.598,3.73,2,0.2738752725540761,0.6320161934077224,0.0941085340382015,O3
2026-05-31 15:15:00,0.21939599999999998,3.1846666666666668,7.697333333333333,30.598666666666666,600.146,3.088,2,0.27278954047694254,0.6387547178639225,0.08845574165913497,O3
2026-05-31 15:30:00,0.2503066666666667,3.1833333333333336,8.314,26.738,601.2853333333334,3.4833333333333334,2,0.27562541871105717,0.6397764614399583,0.08459811984898458,O3
2026-05-31 15:45:00,0.23955866666666664,3.29,8.056000000000001,30.27,597.93,3.0653333333333332,2,0.276133403017222,0.6438669145584606,0.0799996824243175,O3
2026-05-31 16:00:00,0.26638933333333337,3.3426666666666667,7.756,30.725333333333335,600.5873333333334,3.86,2,0.27564167465818834,0.646367739006146,0.07799058633566566,O3
2026-05-31 16:15:00,0.26730533333333334,3.2986666666666666,7.514666666666667,30.312666666666665,598.6366666666667,3.622,2,0.275684379442947,0.6488522348385698,0.07546338571848314,O3
2026-05-31 16:30:00,0.25468799999999997,3.220666666666667,7.8053333333333335,26.28333333333333,598.2826666666667,4.585333333333333,2,0.27564947152211755,0.6480428179746536,0.07630771050322889,O3
2026-05-31 16:45:00,0.25455,3.13,8.771428571428572,22.091428571428573,597.7157142857143,3.335714285714286,2,0.28056709510958744,0.645944122112526,0.07348878277788651,O3
2026-05-31 17:00:00,0.2647346666666667,3.2093333333333334,7.947333333333333,24.958666666666666,599.014,3.164,2,0.2843320146107676,0.6431653637912232,0.07250262159800913,O3
2026-05-31 17:15:00,0.239332,3.186,8.288666666666666,23.846,596.8213333333333,3.6493333333333333,2,0.28883979673461885,0.6374078229957089,0.07375238026967233,O3
2026-05-31 17:30:00,0.2816633333333334,3.2413333333333334,8.746666666666666,24.053333333333335,596.7573333333333,4.710666666666667,2,0.2934123173759528,0.63047928873741,0.07610839388663722,O3
2026-05-31 17:45:00,0.2652446666666667,3.3186666666666667,8.543333333333333,26.142666666666667,596.1233333333333,4.216666666666667,2,0.2983930949468744,0.6252800097597816,0.07632689529334404,O3
2026-05-31 18:00:00,0.2687273333333333,3.3233333333333333,8.128666666666666,27.734666666666666,595.954,4.680666666666666,2,0.30182146589332165,0.619754609460181,0.0784239246464974,O3
2026-05-31 18:15:00,0.25727733333333336,3.366,7.886666666666667,29.104666666666667,595.89,3.958,2,0.3026485036685882,0.6173621015805001,0.0799893947509117,O3
2026-05-31 18:30:00,0.248532,3.47,8.1,31.242,596.4033333333333,5.129333333333333,2,0.2987359802605981,0.6193209106593981,0.08194310908000375,O3
2026-05-31 18:45:00,0.267524,3.546666666666667,8.554666666666666,30.884666666666668,594.8286666666667,5.022,2,0.2984624746886973,0.6167621275032563,0.08477539780804642,O3
2026-05-31 19:00:00,0.2771573333333333,3.65,8.67,31.002666666666666,594.0846666666666,6.39,2,0.2989770749569913,0.6126211224533873,0.08840180258962148,O3
2026-05-31 19:15:00,0.29765733333333333,3.7466666666666666,9.022,31.212,595.4973333333334,7.763333333333334,2,0.2995781211076951,0.6062813105483873,0.09414056834391764,O3
2026-05-31 19:30:00,0.3098093333333333,3.6486666666666667,10.228666666666667,30.512666666666668,597.038,5.88,2,0.3016218616060679,0.6037168079794096,0.09466133041452247,O3
2026-05-31 19:45:00,0.35212333333333334,3.3633333333333333,13.099333333333334,28.560666666666666,604.2,5.998,2,0.30552297334682144,0.5982408976482154,0.09623612900496313,O3
2026-05-31 20:00:00,0.378318,3.698,15.299333333333333,29.14933333333333,606.1446666666667,4.768,3,0.31673034427278757,0.5874551994269969,0.0958144563002156,O3
2026-05-31 20:15:00,0.40104666666666666,2.5833333333333335,10.112,22.665333333333333,618.268,5.066666666666666,3,0.32012315310062667,0.5823834446646404,0.09749340223473289,O3
2026-05-31 20:30:00,0.3919906666666667,2.386,9.780666666666667,20.78,624.8366666666667,4.692,3,0.3238811275010137,0.5783819586222617,0.09773691387672459,O3
2026-05-31 20:45:00,0.383952,2.362,10.158666666666667,21.384666666666668,629.1193333333333,6.058666666666666,3,0.32864112362385445,0.5706985524247447,0.10066032395140091,O3
2026-05-31 21:00:00,0.3575113333333333,2.506666666666667,10.005333333333333,23.791333333333334,624.4206666666666,5.196,3,0.33410721509478464,0.564358587315162,0.10153419759005343,O3
2026-05-31 21:15:00,0.3645393333333333,2.334,10.574,24.046666666666667,628.0253333333334,3.8333333333333335,3,0.3420581973378522,0.5564538287182741,0.10148797394387377,O3
2026-05-31 21:30:00,0.35682200000000003,2.116,10.875333333333334,23.874,630.546,3.554666666666667,3,0.35238586506029373,0.5478184125598236,0.09979572237988275,O3
2026-05-31 21:45:00,0.3566766666666667,1.8780000000000001,10.812666666666667,23.399333333333335,637.652,4.439333333333333,2,0.3614479750813799,0.5389084340069983,0.09964359091162185,O3
2026-05-31 22:00:00,0.345226,1.5,11.818666666666667,21.154666666666667,642.928,4.234,2,0.3747235166407887,0.5278727599321851,0.09740372342702627,O3
2026-05-31 22:15:00,0.36338733333333334,1.2753333333333334,13.478666666666667,17.148666666666667,655.5106666666667,4.847333333333333,2,0.3940591465906985,0.5115816098852073,0.09435924352409417,O3
2026-05-31 22:30:00,0.36534866666666665,1.394,12.642666666666667,17.322666666666667,659.2753333333334,4.508,2,0.40880074665023836,0.497278364832633,0.09392088851712867,O3
2026-05-31 22:45:00,0.35826933333333333,1.586,11.587333333333333,17.970666666666666,660.9953333333333,4.072,2,0.41555319362318704,0.49117086429870305,0.09327594207810992,O3
2026-05-31 23:00:00,0.34880466666666665,1.6506666666666667,10.290666666666667,18.188666666666666,661.7973333333333,4.121333333333333,2,0.41566337468030995,0.4886162106209324,0.0957204146987576,O3
2026-05-31 23:15:00,0.334606,1.7226666666666666,10.829333333333333,17.264666666666667,666.062,3.6973333333333334,2,0.4224406210586991,0.483234156979311,0.09432522196198986,O3
2026-05-31 23:30:00,0.3259606666666667,1.7746666666666666,9.660666666666666,17.943333333333335,662.3846666666667,3.216,2,0.4257165636274377,0.4817801667758313,0.092503269596731,O3
2026-05-31 23:45:00,0.32919466666666664,1.8946666666666667,13.432666666666668,14.095333333333333,672.2673333333333,3.526,2,0.43999859354534693,0.47127531532914074,0.08872609112551233,O3
2026-06-01 00:00:00,0.31850733333333336,1.9126666666666665,9.1,16.809333333333335,673.1753333333334,4.244,2,0.445367014587962,0.46596912353675696,0.08866386187528102,O3
2026-06-01 00:15:00,0.32912,1.928,9.692,15.697333333333333,676.9266666666667,3.576,2,0.4516829901401984,0.45828474617871695,0.09003226368108462,O3
2026-06-01 00:30:00,0.338872,1.9846666666666666,9.380666666666666,14.921333333333333,679.3193333333334,3.558,2,0.4574766002776679,0.4502980171763866,0.09222538254594544,NO2
2026-06-01 00:45:00,0.3141206666666667,2.0466666666666664,8.790666666666667,14.978,680.3626666666667,3.7066666666666666,2,0.46268264087428834,0.44403860200598466,0.09327875711972701,NO2
2026-06-01 01:00:00,0.317442,2.163333333333333,9.270666666666667,14.017333333333333,684.1686666666667,3.4966666666666666,2,0.4658062129018978,0.4399036748913112,0.09429011220679105,NO2
2026-06-01 01:15:00,0.3051566666666667,2.128,8.648666666666667,14.418,685.6613333333333,3.248,2,0.46061766506527635,0.44580497805828195,0.09357735687644168,NO2
2026-06-01 01:30:00,0.29710933333333334,2.1626666666666665,8.499333333333333,14.189333333333334,687.59,3.384,2,0.4565476594150632,0.44986428241875015,0.09358805816618668,NO2
2026-06-01 01:45:00,0.2924946666666667,2.2026666666666666,7.898666666666666,14.995333333333333,684.7473333333334,3.13,2,0.4528915760186764,0.4533522329986335,0.0937561909826901,O3
2026-06-01 02:00:00,0.289334,2.231333333333333,8.068,14.467333333333334,685.7106666666666,3.1866666666666665,2,0.4531252703333511,0.45330733571811754,0.0935673939485314,O3
2026-06-01 02:15:00,0.2888426666666667,2.2560000000000002,7.778,14.284666666666666,689.058,3.3166666666666664,2,0.4500896928494792,0.4552533252705072,0.09465698188001359,O3
2026-06-01 02:30:00,0.28081599999999995,2.2826666666666666,7.21,14.85,688.7853333333334,3.0626666666666664,2,0.4482072496337487,0.4557353481553921,0.09605740221085923,O3
2026-06-01 02:45:00,0.2754293333333333,2.3106666666666666,7.186,14.709333333333333,688.0213333333334,2.9446666666666665,2,0.4333305937963892,0.46944826934092976,0.09722113686268102,O3
2026-06-01 03:00:00,0.28262133333333334,2.324,7.436,12.874,694.4793333333333,3.066,2,0.43504840973750775,0.4685763765281704,0.09637521373432188,O3
2026-06-01 03:15:00,0.2773093333333333,2.338,7.354,12.777333333333333,696.8466666666667,3.0686666666666667,2,0.43320056953319086,0.4697821230272297,0.09701730743957944,O3
2026-06-01 03:30:00,0.27454333333333336,2.373333333333333,7.226666666666667,12.312,701.5133333333333,3.104,2,0.43132069738764234,0.47103941310891523,0.09763988950344242,O3
2026-06-01 03:45:00,0.283702,2.3773333333333335,7.432666666666667,11.522666666666668,703.142,2.952,2,0.4328369375972557,0.46969878626413325,0.09746427613861107,O3
2026-06-01 04:00:00,0.27640866666666664,2.3366666666666664,7.606,10.698,704.798,3.3293333333333335,1,0.432754363618834,0.46847498060543047,0.09877065577573549,O3
2026-06-01 04:15:00,0.2727906666666666,2.288666666666667,8.008666666666667,10.308,705.1593333333333,3.382,1,0.43610306780143077,0.4633093327163219,0.10058759948224737,O3
2026-06-01 04:30:00,0.2746266666666667,2.192,7.0986666666666665,11.53,700.3733333333333,3.032,1,0.43615576407221585,0.4626278384132964,0.10121639751448777,O3
2026-06-01 04:45:00,0.28104466666666666,2.102,7.8340000000000005,10.074,709.1173333333334,3.054,1,0.4425807973343503,0.4548459853099807,0.10257321735566902,O3
2026-06-01 05:00:00,0.27603266666666665,2.1366666666666667,7.704666666666666,10.136,707.4946666666667,3.0686666666666667,1,0.4476201117318673,0.44854601194293364,0.10383387632519907,O3
2026-06-01 05:15:00,0.28136,2.098,8.165333333333333,9.089333333333332,714.7466666666667,3.032,1,0.45633633245822,0.4390668917553923,0.1045967757863877,NO2
2026-06-01 05:30:00,0.3002853333333333,1.8106666666666666,8.053333333333333,8.666,715.8386666666667,3.166,1,0.46751542362186155,0.4260246769426769,0.10645989943546152,NO2
2026-06-01 05:45:00,0.3111086666666667,1.8733333333333333,7.756666666666667,9.36,707.6713333333333,3.296,1,0.4766614923616685,0.41445429130423406,0.10888421633409742,NO2
2026-06-01 06:00:00,0.29820800000000003,1.5993333333333333,8.355333333333334,8.132,712.4006666666667,3.226,1,0.486309127734424,0.4032404620912661,0.1104504101743099,NO2
2026-06-01 06:15:00,0.30288333333333334,1.6713333333333333,8.130666666666666,8.693999999999999,709.478,3.1193333333333335,1,0.4948599468858727,0.39353573912713735,0.11160431398698994,NO2
2026-06-01 06:30:00,0.29930399999999996,1.714,7.708666666666667,9.28,701.15,3.0973333333333333,1,0.5011228717037229,0.3864625983605543,0.11241452993572272,NO2
2026-06-01 06:45:00,0.32082733333333335,2.2053333333333334,7.729333333333333,8.830666666666668,699.61,3.2106666666666666,1,0.5060101792708931,0.380062000794431,0.11392781993467596,NO2
2026-06-01 07:00:00,0.32012999999999997,1.998,6.934,10.418666666666667,687.774,3.198,1,0.5048829201071446,0.3810189641226019,0.11409811577025351,NO2
2026-06-01 07:15:00,0.310976,2.279333333333333,6.739333333333334,11.115333333333334,678.9253333333334,3.044,1,0.5006096506004353,0.38571945261094864,0.11367089678861612,NO2
2026-06-01 07:30:00,0.318932,2.453333333333333,5.900666666666667,13.371333333333334,670.4946666666667,3.086666666666667,1,0.49417567627221476,0.3919667078557983,0.11385761587198696,NO2
2026-06-01 07:45:00,0.32080333333333333,2.982666666666667,5.857333333333333,12.626666666666667,668.6706666666666,3.418,1,0.48394137909121904,0.4009710530909515,0.11508756781782949,NO2
2026-06-01 08:00:00,0.3110933333333334,3.4526666666666666,5.629333333333333,13.922,661.5333333333333,4.74,1,0.46958713013751285,0.4110268788705956,0.11938599099189152,NO2
2026-06-01 08:15:00,0.28706733333333334,3.6726666666666667,5.637333333333333,15.826,655.9126666666667,5.237333333333333,1,0.4489618273246258,0.42692004066651185,0.12411813200886235,NO2
2026-06-01 08:30:00,0.2923233333333333,3.6053333333333333,5.644,14.906,656.9886666666666,4.513333333333334,1,0.4310826133166899,0.44227638676078085,0.12664099992252922,O3
2026-06-01 08:45:00,0.281724,3.5353333333333334,5.6226666666666665,14.134666666666666,655.1413333333334,4.396,1,0.4167084176707973,0.454389040246399,0.12890254208280372,O3
2026-06-01 09:00:00,0.28636266666666665,4.075333333333333,6.3053333333333335,11.640666666666666,655.4626666666667,5.546,1,0.4030193718330457,0.4623100397218299,0.13467058844512445,O3
2026-06-01 09:15:00,0.2830553333333333,3.521333333333333,6.006666666666667,12.541333333333332,650.7646666666667,5.07,1,0.3892894558618716,0.47136523955544657,0.13934530458268182,O3
2026-06-01 09:30:00,0.286882,2.73,5.323333333333333,13.384666666666666,636.2053333333333,4.951333333333333,1,0.37470960716036594,0.4814952771998569,0.14379511563977715,O3
2026-06-01 09:45:00,0.27013666666666664,3.412,5.681333333333333,11.736666666666666,629.4613333333333,4.945333333333333,1,0.36289093131913114,0.48890239537656477,0.1482066733043041,O3
2026-06-01 10:00:00,0.22932466666666668,4.503333333333333,5.344666666666667,11.229333333333333,624.308,4.791333333333333,1,0.3551423785750118,0.4919611645770326,0.15289645684795566,O3
2026-06-01 10:15:00,0.21691,5.6786666666666665,5.291333333333333,9.154666666666667,620.8793333333333,4.897333333333333,1,0.3506576270374103,0.48984222957640394,0.1595001433861857,O3
2026-06-01 10:30:00,0.17723266666666665,6.498666666666667,5.718666666666667,12.264666666666667,615.25,4.6706666666666665,1,0.3496882918671204,0.48627660007837437,0.1640351080545052,O3
2026-06-01 10:45:00,0.13909133333333332,6.046666666666667,6.034,15.386666666666667,610.352,4.203333333333333,1,0.34645897614492605,0.48921347563748635,0.16432754821758763,O3
2026-06-01 11:00:00,0.148238,5.152666666666667,5.997333333333334,17.46333333333333,608.304,4.096666666666667,1,0.34447963723700836,0.4948160371441556,0.16070432561883596,O3
2026-06-01 11:15:00,0.16276400000000002,4.968666666666667,6.144,16.932,607.7093333333333,4.469333333333333,1,0.34570441848815125,0.4963526086313441,0.15794297288050463,O3
2026-06-01 11:30:00,0.15549933333333335,4.5360000000000005,6.288666666666667,19.675333333333334,603.35,4.660666666666667,1,0.3426248516857548,0.5018848855933823,0.1554902627208629,O3
2026-06-01 11:45:00,0.16468133333333332,4.177333333333333,6.472666666666667,19.703333333333333,604.5206666666667,5.004666666666667,1,0.33907804176155554,0.507264558564226,0.15365739967421846,O3
2026-06-01 12:00:00,0.19266466666666668,3.32,6.492666666666667,23.018,603.51,5.784666666666666,2,0.3283534051418584,0.5226251643932998,0.1490214304648418,O3
2026-06-01 12:15:00,0.18276599999999998,2.7613333333333334,6.359333333333334,26.399333333333335,602.9566666666667,5.008666666666667,2,0.31689209903722243,0.5401555454486242,0.14295235551415342,O3
2026-06-01 12:30:00,0.20543733333333333,2.497333333333333,6.718,26.801333333333332,602.4273333333333,5.267333333333333,2,0.30947318267718066,0.5528585809201929,0.13766823640262643,O3
2026-06-01 12:45:00,0.19365666666666667,3.028,6.735333333333333,25.802666666666667,598.548,4.497333333333334,2,0.30170274158370547,0.5670393413870302,0.13125791702926437,O3
2026-06-01 13:00:00,0.15784933333333334,3.340666666666667,6.882666666666666,27.418666666666667,594.7886666666667,4.316,2,0.29434746759920566,0.5812636827766589,0.1243888496241355,O3
2026-06-01 13:15:00,0.17121933333333333,2.9086666666666665,7.054666666666667,28.89,594.0266666666666,4.566666666666666,2,0.28576481341574234,0.5969367457753532,0.11729844080890454,O3
2026-06-01 13:30:00,0.17339333333333334,2.774,7.030666666666667,28.096,586.7926666666667,3.3293333333333335,2,0.2798222649688231,0.6099324834436854,0.11024525158749146,O3
2026-06-01 13:45:00,0.14653066666666667,2.858,7.038,28.734666666666666,585.532,4.438666666666666,2,0.2741565051391962,0.618748250191447,0.10709524466935681,O3
2026-06-01 14:00:00,0.15856800000000001,2.530666666666667,7.256,28.688,583.8693333333333,3.364,2,0.27116301484697136,0.6259520839376721,0.10288490121535655,O3
2026-06-01 14:15:00,0.14679866666666666,2.486666666666667,7.258,28.368,578.956,3.368,2,0.2680375399624482,0.6336776077404906,0.0982848522970611,O3
2026-06-01 14:30:00,0.16470266666666666,2.4633333333333334,7.4013333333333335,29.180666666666667,581.0186666666667,3.4586666666666668,2,0.266133780189783,0.639757246606942,0.09410897320327498,O3
2026-06-01 14:45:00,0.172238,2.401333333333333,7.442666666666667,29.988666666666667,581.7653333333333,3.497333333333333,2,0.2637095028964727,0.6467769385109022,0.08951355859262511,O3
2026-06-01 15:00:00,0.17416933333333331,2.5926666666666667,7.558,30.886,580.3613333333333,3.804666666666667,2,0.26303849735810036,0.6522347048474441,0.08472679779445552,O3
2026-06-01 15:15:00,0.19832333333333332,2.7733333333333334,7.724666666666667,31.868666666666666,581.766,3.52,2,0.26405097263697924,0.6547986554646676,0.08115037189835311,O3
2026-06-01 15:30:00,0.203994,2.9253333333333336,7.875333333333333,32.318666666666665,581.1546666666667,3.7159999999999997,2,0.2645778289322363,0.6578184556076335,0.07760371546013017,O3
2026-06-01 15:45:00,0.22461066666666668,2.978,8.132,31.44066666666667,581.6853333333333,3.63,2,0.26525764753185666,0.659617847428426,0.0751245050397174,O3
2026-06-01 16:00:00,0.212826,3.0653333333333332,8.166666666666666,31.140666666666668,580.762,3.052,2,0.2667916848521466,0.6608249354047401,0.07238337974311335,O3
2026-06-01 16:15:00,0.24490666666666666,3.212,8.662666666666667,31.094666666666665,580.7933333333333,4.029333333333334,2,0.2694274105486444,0.6596451105831092,0.0709274788682465,O3
2026-06-01 16:30:00,0.25903571428571426,3.2614285714285716,8.545714285714286,30.71,581.3357142857143,3.7535714285714286,2,0.27119599220098384,0.6578869663763868,0.07091704142262945,O3
2026-06-01 17:00:00,0.27216466666666667,3.304,8.828666666666667,28.714,581.1226666666666,4.092666666666666,2,0.27515671134201664,0.6548137519864875,0.0700295366714958,O3
2026-06-01 17:15:00,0.25837533333333335,3.2853333333333334,9.192,26.927333333333333,579.268,4.564666666666667,2,0.27956519160034177,0.6487756717557513,0.07165913664390688,O3
2026-06-01 17:30:00,0.26884933333333333,3.3233333333333333,9.211333333333334,27.014666666666667,580.088,4.432666666666667,2,0.2838259630234601,0.6431589119355564,0.07301512504098348,O3
2026-06-01 17:45:00,0.27369266666666664,3.292666666666667,9.913333333333334,22.743333333333332,579.7186666666666,4.4046666666666665,2,0.29188633690840726,0.633372524108944,0.07474113898264877,O3
2026-06-01 18:00:00,0.2806426666666667,3.3826666666666667,8.796666666666667,28.419333333333334,579.854,4.747333333333334,2,0.29488829291314056,0.6285969756541704,0.0765147314326891,O3
2026-06-01 18:15:00,0.2576653333333333,3.39,8.556,30.602666666666668,579.814,4.918,2,0.29653468260458715,0.6254888453790415,0.07797647201637134,O3
2026-06-01 18:30:00,0.25585066666666667,3.3853333333333335,8.667333333333334,30.574666666666666,577.9993333333333,3.9293333333333336,2,0.2989287579448693,0.6225234385761362,0.07854780347899454,O3
2026-06-01 18:45:00,0.253512,3.372,8.469333333333333,31.570666666666668,576.4026666666667,3.69,2,0.3005347742546006,0.6209847323672466,0.07848049337815274,O3
2026-06-01 19:00:00,0.26008600000000004,3.4213333333333336,8.363999999999999,33.419333333333334,578.2813333333334,5.654,2,0.2989809685425356,0.6199116360626418,0.08110739539482262,O3
2026-06-01 19:15:00,0.29017000000000004,3.6473333333333335,8.578666666666667,34.44,577.8453333333333,4.306,2,0.29747687868229417,0.62017100262586,0.08235211869184578,O3
2026-06-01 19:30:00,0.33717733333333333,3.767333333333333,9.430666666666667,31.545333333333332,584.4066666666666,5.39,3,0.29812605565251726,0.617814294661823,0.08405964968565979,O3
2026-06-01 19:45:00,0.3166533333333333,3.854,9.165333333333333,32.836666666666666,585.356,4.1706666666666665,3,0.2980468376294508,0.6177561381612227,0.08419702420932657,O3
2026-06-01 20:00:00,0.31320666666666663,3.8633333333333333,9.062666666666667,33.36066666666667,585.1486666666666,3.533333333333333,3,0.2963734752587902,0.6209468123249219,0.08267971241628791,O3
2026-06-01 20:15:00,0.34824533333333335,3.896,9.890666666666666,29.457333333333334,591.426,3.6333333333333333,3,0.2968664533291944,0.6222810783059936,0.08085246836481205,O3
2026-06-01 20:30:00,0.36260133333333333,3.9033333333333333,10.513333333333334,25.950666666666667,590.2133333333334,4.022,3,0.3001150399888605,0.6197529528178344,0.08013200719330504,O3
2026-06-01 20:45:00,0.3913826666666667,3.9633333333333334,9.975333333333333,24.150666666666666,605.2686666666667,4.542,3,0.29945009952829543,0.6204312393172462,0.0801186611544583,O3
2026-06-01 21:00:00,0.4284833333333333,3.9186666666666667,9.468,22.69,608.3606666666667,4.663333333333333,3,0.3037439922781868,0.615615097633089,0.08064091008872418,O3
2026-06-01 21:15:00,0.42415866666666663,4.038,9.628,21.808666666666667,618.5513333333333,4.414,3,0.3107328463378824,0.608354997187106,0.0809121564750117,O3
2026-06-01 21:30:00,0.40419666666666665,3.712,11.130666666666666,19.429333333333332,624.9573333333333,4.741333333333333,2,0.32125580264397363,0.5956315039665593,0.08311269338946708,O3
2026-06-01 21:45:00,0.43096466666666666,3.5566666666666666,11.452666666666667,18.276,630.7226666666667,3.8,2,0.33466753760907525,0.5807972342915712,0.08453522809935357,O3
2026-06-01 22:00:00,0.42209199999999997,3.42,10.046666666666667,20.113333333333333,633.5726666666667,4.198666666666667,2,0.34688845774902366,0.5691205065411813,0.083991035709795,O3
2026-06-01 22:15:00,0.41547,3.3013333333333335,8.551333333333334,22.122666666666667,631.7933333333333,4.145333333333333,2,0.3549051710891213,0.5594116661268009,0.08568316278407777,O3
2026-06-01 22:30:00,0.38469666666666663,2.9913333333333334,8.244666666666667,23.524,627.7606666666667,3.678,2,0.3590178130898087,0.5563522695423062,0.08462991736788504,O3
2026-06-01 22:45:00,0.373202,2.6513333333333335,7.954,24.292,626.4573333333333,3.498,2,0.36297237705081475,0.5517426814301144,0.08528494151907091,O3
2026-06-01 23:00:00,0.3784073333333333,2.48,8.962666666666667,21.852,635.4366666666667,3.7786666666666666,2,0.37092543715383675,0.5414070383428983,0.087667524503265,O3
2026-06-01 23:15:00,0.370996,2.2426666666666666,7.899333333333333,22.803333333333335,636.512,3.836,2,0.3716893522078785,0.5385500182077401,0.08976062958438134,O3
2026-06-01 23:30:00,0.35220799999999997,2.037333333333333,7.4879999999999995,24.72533333333333,631.878,3.7506666666666666,2,0.3664981869965129,0.5430690091374618,0.09043280386602531,O3
2026-06-01 23:45:00,0.34452133333333335,1.7666666666666666,7.578,24.496,634.3126666666667,3.824,2,0.36163879005567723,0.548482757330695,0.08987845261362783,O3
2026-06-02 00:00:00,0.3257146666666667,1.6853333333333333,7.568,24.573333333333334,635.836,3.9766666666666666,2,0.35660827241613835,0.5544592486404222,0.08893247894343949,O3
2026-06-02 00:15:00,0.321784,1.5333333333333332,7.8486666666666665,22.788,641.1686666666667,3.8826666666666667,2,0.3523667747432773,0.55925740422986,0.08837582102686259,O3
2026-06-02 00:30:00,0.32487866666666665,1.3793333333333333,7.517333333333333,23.572666666666667,641.5393333333333,3.509333333333333,2,0.34216558253084517,0.5712655937553528,0.08656882371380206,O3
2026-06-02 00:45:00,0.32149399999999995,1.1953333333333334,7.012,24.073333333333334,638.8340000000001,4.169333333333333,2,0.32780056006199726,0.5847422422685552,0.08745719766944753,O3
2026-06-02 01:00:00,0.3063933333333333,1.0666666666666667,7.236666666666666,23.97533333333333,637.9273333333333,3.606,2,0.3190485438692445,0.5943966260602175,0.08655483007053799,O3
2026-06-02 01:15:00,0.31215,1.014,7.481333333333334,21.982666666666667,647.0953333333333,5.548666666666667,2,0.3158041663452689,0.5948633765181802,0.08933245713655082,O3
2026-06-02 01:30:00,0.3314126666666667,0.998,7.567333333333333,20.796,655.4786666666666,7.207333333333334,2,0.3139254886300842,0.5899022293730835,0.09617228199683234,O3
2026-06-02 01:45:00,0.3224433333333333,0.7766666666666667,7.883333333333333,19.9,654.5966666666667,4.166666666666667,2,0.31630335726298126,0.5854380852730721,0.09825855746394667,O3
