DATE,CO,NO,NO2,O3,CO2,PM2.5,AQHI,NO2_contrib,O3_contrib,PM2_5_contrib,Top_AQHI_Contributor
2026-02-26 02:00:00,0.29622000000000004,1.8,13.27,8.62,630.84,2.65,,,,,
2026-02-26 02:15:00,0.29385533333333336,2.1846666666666668,11.525333333333332,8.562666666666667,629.5193333333333,1.7613333333333334,,,,,
2026-02-26 02:30:00,0.28920066666666666,2.0953333333333335,12.192666666666666,9.606,629.6233333333333,1.032,,,,,
2026-02-26 02:45:00,0.2877013333333333,2.184,12.152666666666667,9.408,628.8193333333334,1.1146666666666667,,,,,
2026-02-26 03:00:00,0.28748266666666666,2.326,11.843333333333334,10.172666666666666,628.9733333333334,1.2286666666666668,,,,,
2026-02-26 03:15:00,0.28506400000000004,2.408,13.395333333333333,13.224,625.6953333333333,1.226,,,,,
2026-02-26 03:30:00,0.2817366666666667,2.449333333333333,14.018,15.517333333333333,624.492,0.942,,,,,
2026-02-26 03:45:00,0.2874006666666667,2.292,11.567333333333334,10.513333333333334,629.5253333333334,2.1133333333333333,,,,,
2026-02-26 04:00:00,0.2860453333333333,2.288666666666667,11.373333333333333,8.552,631.324,2.4766666666666666,,,,,
2026-02-26 04:15:00,0.28492,2.544,12.944666666666667,10.796666666666667,628.772,1.732,,,,,
2026-02-26 04:30:00,0.2883233333333333,2.5033333333333334,14.655333333333333,14.841333333333333,626.9586666666667,1.5353333333333334,,,,,
2026-02-26 04:45:00,0.286074,2.485333333333333,17.570666666666668,15.34,625.8486666666666,1.8513333333333333,2,0.6246590680061626,0.33169168156760215,0.043649250426235284,NO2
2026-02-26 05:00:00,0.28386266666666665,2.3946666666666667,17.207333333333334,14.674666666666667,626.5066666666667,1.8273333333333333,2,0.6224845472843905,0.3368672347440145,0.04064821797159505,NO2
2026-02-26 05:15:00,0.28388,2.5046666666666666,16.675333333333334,15.082,625.3266666666666,1.844,2,0.6203260818477387,0.34026152546272476,0.039412392689536495,NO2
2026-02-26 05:30:00,0.28595600000000004,2.4473333333333334,16.589333333333332,14.114666666666666,626.5533333333334,1.9613333333333334,2,0.6189914868999408,0.3408223025310063,0.04018621056905292,NO2
2026-02-26 05:45:00,0.2920833333333333,2.4673333333333334,17.327333333333332,13.199333333333334,627.342,1.8733333333333333,2,0.619964811741407,0.3394891261561646,0.04054606210242841,NO2
2026-02-26 06:00:00,0.294178,2.4486666666666665,17.158666666666665,13.486,627.6873333333333,1.8593333333333333,2,0.6218544274340058,0.33747325586457355,0.040672316701420734,NO2
2026-02-26 06:15:00,0.3060246666666666,2.5206666666666666,17.492,12.658,631.7106666666666,1.832,2,0.6271786234231986,0.3315726290639426,0.04124874751285881,NO2
2026-02-26 06:30:00,0.306416,2.521333333333333,17.99533333333333,12.968,630.2326666666667,1.9286666666666665,2,0.6343607392629951,0.32295911907161873,0.0426801416653862,NO2
2026-02-26 06:45:00,0.3155966666666667,2.4726666666666666,19.380666666666666,14.289333333333333,629.6073333333334,2.252666666666667,2,0.6387540414850329,0.31974007122666503,0.041505887288302075,NO2
2026-02-26 07:00:00,0.31788666666666665,2.5180000000000002,20.140666666666668,13.376666666666667,630.7146666666666,2.4113333333333333,2,0.6428697455094415,0.31726876120920483,0.03986149328135357,NO2
2026-02-26 07:15:00,0.3196093333333333,2.512,20.444666666666667,12.808666666666667,631.342,2.308,2,0.6480373216093714,0.3122337419331279,0.03972893645750059,NO2
2026-02-26 07:30:00,0.332064,2.544,20.183333333333334,11.467333333333332,634.6253333333333,2.211333333333333,2,0.6572706183097938,0.30233248247196876,0.04039689921823737,NO2
2026-02-26 07:45:00,0.3454933333333333,2.494666666666667,20.848666666666666,10.816,638.6153333333333,1.982,2,0.6660424657860917,0.2934140887836494,0.04054344543025888,NO2
2026-02-26 08:00:00,0.31726866666666664,2.6766666666666667,20.382666666666665,13.380666666666666,637.2513333333333,2.0613333333333332,2,0.6705599891932146,0.28881545925752605,0.040624551549259445,NO2
2026-02-26 08:15:00,0.3204086666666667,2.892,21.076,12.624666666666666,636.73,2.37,2,0.6773040765832062,0.2815942651061018,0.041101658310691916,NO2
2026-02-26 08:30:00,0.3267293333333333,3.096,20.107333333333333,12.691333333333333,639.05,2.8933333333333335,2,0.6813705688376338,0.2763961216876391,0.04223330947472704,NO2
2026-02-26 08:45:00,0.33954199999999995,3.636,19.878,12.180666666666667,639.644,2.764666666666667,2,0.6840176195196219,0.2726096242020258,0.04337275627835229,NO2
2026-02-26 09:00:00,0.330248,3.3913333333333333,19.686,11.545333333333334,641.0733333333334,2.473333333333333,2,0.6880403989694709,0.26781315734753813,0.044146443682990935,NO2
2026-02-26 09:15:00,0.329502,3.5926666666666667,18.406666666666666,11.389333333333333,642.8313333333333,2.497333333333333,2,0.6896910948029907,0.26516015890447486,0.04514874629253442,NO2
2026-02-26 09:30:00,0.33358933333333335,3.8246666666666664,16.930666666666667,10.600666666666667,646.3006666666666,2.336666666666667,2,0.6911907508027676,0.26269865498810285,0.046110594209129496,NO2
2026-02-26 09:45:00,0.32896733333333333,3.743333333333333,16.109333333333332,12.072666666666667,645.3853333333334,2.3093333333333335,2,0.690901820438759,0.2622646833973079,0.046833496163933036,NO2
2026-02-26 10:00:00,0.317898,3.2413333333333334,14.779333333333334,13.932666666666666,647.682,2.372,2,0.6852344005398822,0.2672841211819727,0.04748147827814506,NO2
2026-02-26 10:15:00,0.3130326666666667,3.2746666666666666,12.11,16.843333333333334,648.7986666666667,2.332,2,0.6719579504980415,0.27966526204660874,0.04837678745534969,NO2
2026-02-26 10:30:00,0.3030733333333333,3.0313333333333334,9.157333333333334,20.465333333333334,649.994,2.1153333333333335,2,0.6492236188580274,0.3017216103533379,0.04905477078863477,NO2
2026-02-26 10:45:00,0.294568,3.0653333333333332,8.170666666666667,20.304666666666666,649.8653333333333,1.996,2,0.6229965214077565,0.3268500816391147,0.050153396953128766,NO2
2026-02-26 11:00:00,0.29694400000000004,3.0593333333333335,8.106666666666667,18.287333333333333,652.8926666666666,2.211333333333333,2,0.6014835139196187,0.3465785253019377,0.051937960778443495,NO2
2026-02-26 11:15:00,0.3129686666666667,3.3953333333333333,9.013333333333334,16.325333333333333,655.318,2.2253333333333334,2,0.580721936060894,0.3658728201666096,0.05340524377249641,NO2
2026-02-26 11:30:00,0.300656,3.203333333333333,8.394666666666666,18.355333333333334,655.118,1.7473333333333334,2,0.5578060230080704,0.3893479674296672,0.05284600956226245,NO2
2026-02-26 11:45:00,0.29813933333333337,2.961333333333333,7.656666666666666,18.908666666666665,652.8046666666667,1.7746666666666666,2,0.5311660563546934,0.4163178705211513,0.05251607312415531,NO2
2026-02-26 12:00:00,0.2906186666666667,2.956,7.918,19.104666666666667,650.878,1.704,2,0.5024905757023067,0.4451046140596173,0.05240481023807599,NO2
2026-02-26 12:15:00,0.294202,3.009333333333333,8.467333333333332,19.00733333333333,649.9153333333334,1.7646666666666666,2,0.47572544437953795,0.4722844517714301,0.05199010384903196,NO2
2026-02-26 12:30:00,0.29706,2.876,9.164666666666667,17.989333333333335,646.9353333333333,2.184,2,0.4520760981064941,0.495603625751006,0.05232027614249992,O3
2026-02-26 12:45:00,0.30429266666666666,2.7640000000000002,10.625333333333334,15.366,648.6533333333333,2.703333333333333,2,0.4365461150434456,0.5096364397373603,0.05381744521919408,O3
2026-02-26 13:00:00,0.311388,2.6373333333333333,11.836,14.201333333333332,649.48,2.5846666666666667,2,0.42959562571779597,0.5155684256804152,0.05483594860178889,O3
2026-02-26 13:15:00,0.30629533333333336,2.556,11.436666666666667,14.764666666666667,646.8713333333334,2.4833333333333334,2,0.4301111534842221,0.514319483755435,0.055569362760342876,O3
2026-02-26 13:30:00,0.2968013333333333,2.66,9.166,19.716,645.1193333333333,1.7026666666666666,2,0.4313024683134078,0.5138810335598657,0.054816498126726496,O3
2026-02-26 13:45:00,0.285556,2.914,7.636,23.949333333333332,645.7393333333333,1.2886666666666666,2,0.4269718445176881,0.5200344970160343,0.052993658466277536,O3
2026-02-26 14:00:00,0.29135,3.1033333333333335,7.052,23.829333333333334,648.6926666666667,1.2806666666666666,2,0.41979483461734063,0.5296030070888563,0.05060215829380301,O3
2026-02-26 14:15:00,0.289272,3.216666666666667,6.398666666666666,24.426,648.0266666666666,1.046,2,0.406879750636514,0.5453871260782224,0.047733123285263655,O3
2026-02-26 14:30:00,0.30906866666666666,3.048,7.616,20.690666666666665,653.4153333333334,1.2853333333333332,2,0.4032363382053481,0.5500951021047527,0.046668559689899296,O3
2026-02-26 14:45:00,0.32410066666666665,2.936,9.102,18.946666666666665,652.604,1.306,2,0.40691341783427026,0.5476334971986054,0.04545308496712431,O3
2026-02-26 15:00:00,0.33437866666666666,2.664,9.189333333333334,20.00733333333333,647.97,1.6766666666666667,2,0.40894578527601566,0.545973330520233,0.04508088420375138,O3
2026-02-26 15:15:00,0.34703466666666666,2.6986666666666665,10.091333333333333,19.980666666666664,649.8966666666666,1.5413333333333334,2,0.4118374580488056,0.5439089888583154,0.044253553092878935,O3
2026-02-26 15:30:00,0.31493733333333335,2.674,9.37,21.702666666666666,646.974,1.5393333333333332,2,0.40929674650654085,0.5481483589916264,0.04255489450183268,O3
2026-02-26 15:45:00,0.2890725,2.7225,8.77375,22.8125,641.855,1.545,2,0.3991901623263947,0.560982951917825,0.03982688575578035,O3
2026-02-26 16:00:00,0.304822,2.671333333333333,9.621333333333332,21.558,639.7733333333333,1.5553333333333332,2,0.388396406043935,0.5741498502234917,0.037453743732573264,O3
2026-02-26 16:15:00,0.29886266666666667,2.5786666666666664,10.275333333333334,21.287333333333333,639.0573333333333,1.7126666666666666,2,0.38065832229120283,0.5837917624998215,0.03554991520897569,O3
2026-02-26 16:30:00,0.296104,2.3486666666666665,13.277333333333333,18.787333333333333,637.2433333333333,2.058,2,0.39038231360013587,0.5738344259728168,0.03578326042704743,O3
2026-02-26 16:45:00,0.2950853333333333,2.244666666666667,13.028,19.899333333333335,632.6113333333334,2.208,2,0.40490674765422374,0.5579213791032025,0.03717187324257377,O3
2026-02-26 17:00:00,0.29224866666666666,1.988,12.902000000000001,21.319333333333333,629.888,2.1586666666666665,2,0.4186533994904814,0.543088060719285,0.0382585397902337,O3
2026-02-26 17:15:00,0.28606733333333334,1.8726666666666667,14.168,21.262,629.0206666666667,2.232666666666667,2,0.43604402205705545,0.5242865298037808,0.03966944813916384,O3
2026-02-26 17:30:00,0.29423,1.7653333333333334,15.785333333333334,20.281333333333333,627.0606666666666,2.448,2,0.4508647802339754,0.5084473363663375,0.04068788339968703,O3
2026-02-26 17:45:00,0.3048713333333333,1.6213333333333333,15.288666666666666,19.532666666666668,624.6433333333333,2.348,2,0.46057402438494577,0.4977998840244397,0.04162609159061451,O3
2026-02-26 18:00:00,0.30056466666666665,1.672,15.702,18.422666666666668,624.1133333333333,2.0693333333333332,2,0.472959401854749,0.4854850417803185,0.04155555636493254,O3
2026-02-26 18:15:00,0.32065133333333334,1.6126666666666667,17.804,16.344666666666665,630.4326666666667,2.4073333333333333,2,0.4883773201844558,0.4693366472695895,0.0422860325459547,NO2
2026-02-26 18:30:00,0.3146393333333334,1.6046666666666667,17.706666666666667,16.787333333333333,635.4693333333333,2.84,2,0.5050443189133161,0.4512335487651123,0.043722132321571565,NO2
2026-02-26 18:45:00,0.30005000000000004,1.67,15.966666666666667,20.26,634.9626666666667,3.2453333333333334,2,0.5168010700873009,0.4374966818066421,0.04570224810605698,NO2
2026-02-26 19:00:00,0.30679533333333336,1.8186666666666667,17.219333333333335,17.078,638.134,3.6006666666666667,2,0.5302387399148853,0.4215048918239187,0.048256368261195885,NO2
2026-02-26 19:15:00,0.3014666666666667,1.598,16.818,17.947333333333333,634.3033333333333,3.3373333333333335,2,0.5410507690205866,0.4088227685039753,0.050126462475438074,NO2
2026-02-26 19:30:00,0.29450466666666664,1.5993333333333333,16.453333333333333,20.564666666666668,630.508,2.8153333333333332,2,0.5429043878738031,0.40643847622814255,0.05065713589805434,NO2
2026-02-26 19:45:00,0.2919546666666667,1.6486666666666667,18.011333333333333,22.431333333333335,630.0246666666667,3.0500000000000003,2,0.5462555412089767,0.4027748755995021,0.05096958319152124,NO2
2026-02-26 20:00:00,0.2834986666666667,1.598,16.130666666666666,22.049333333333333,631.928,3.1966666666666668,3,0.5487995808029089,0.39923140538561125,0.05196901381147987,NO2
2026-02-26 20:15:00,0.27522066666666667,1.6313333333333333,16.084666666666667,22.882,631.254,2.8646666666666665,3,0.5491536781991286,0.39837870782382395,0.05246761397704738,NO2
2026-02-26 20:30:00,0.27551466666666663,1.6673333333333333,16.043333333333333,24.063333333333333,630.7466666666667,3.001333333333333,3,0.5454942613002772,0.40161356546341975,0.05289217323630297,NO2
2026-02-26 20:45:00,0.297626,1.6706666666666667,16.281333333333333,21.058666666666667,633.518,3.6366666666666667,3,0.5442675013880449,0.4012755780706146,0.05445692054134044,NO2
2026-02-26 21:00:00,0.281268,1.746,15.230666666666666,24.36,627.9693333333333,3.684,3,0.5369970326752241,0.4067326854981246,0.05627028182665126,NO2
2026-02-26 21:15:00,0.296222,1.6446666666666667,16.31,21.978666666666665,626.8453333333333,4.020666666666667,3,0.5288582069365747,0.41291095773864234,0.058230835324782994,NO2
2026-02-26 21:30:00,0.32289933333333337,1.682,16.508666666666667,19.159333333333333,626.7333333333333,4.134,3,0.524267181951132,0.415739769955732,0.05999304809313606,NO2
2026-02-26 21:45:00,0.37158199999999997,1.8833333333333333,18.113333333333333,16.340666666666667,629.5666666666667,4.463333333333333,3,0.5294377560774394,0.4088351361587282,0.06172710776383244,NO2
2026-02-26 22:00:00,0.3730693333333333,1.9113333333333333,19.754,13.640666666666666,631.1566666666666,4.580666666666667,3,0.5348438153578444,0.40214336628123876,0.06301281836091688,NO2
2026-02-26 22:15:00,0.39036066666666663,1.6486666666666667,18.336,13.136,628.7973333333333,4.322,3,0.5401873807935884,0.39519407143428387,0.06461854777212768,NO2
2026-02-26 22:30:00,0.37281733333333333,1.5886666666666667,18.253333333333334,12.655333333333333,628.5233333333333,3.7026666666666666,3,0.5487776225237013,0.3848364811136021,0.06638589636269662,NO2
2026-02-26 22:45:00,0.3746386666666667,1.6866666666666668,18.005333333333333,13.162,622.4606666666667,4.276,3,0.5562874617159744,0.3745669207977872,0.06914561748623835,NO2
2026-02-26 23:00:00,0.351568,1.55,17.425333333333334,11.287333333333333,625.7606666666667,3.8373333333333335,3,0.5675090236871189,0.36141676213317553,0.07107421417970565,NO2
2026-02-26 23:15:00,0.31167466666666666,1.7166666666666666,17.157333333333334,14.638,621.32,3.724666666666667,3,0.5760795694804316,0.3508207628097164,0.07309966770985196,NO2
2026-02-26 23:30:00,0.30488866666666664,1.996,15.622666666666667,15.869333333333334,619.7066666666667,3.8566666666666665,2,0.5830109113540675,0.34151894544078254,0.07547014320515003,NO2
2026-02-26 23:45:00,0.30158866666666667,1.9693333333333334,17.07133333333333,19.513333333333332,618.1633333333333,4.022666666666667,2,0.5851594258347463,0.3387780655546685,0.07606250861058517,NO2
2026-02-27 00:00:00,0.29308933333333337,2.112,15.574666666666667,17.64,622.3806666666667,3.7173333333333334,2,0.5924460181842178,0.3306198060665755,0.0769341757492067,NO2
2026-02-27 00:15:00,0.284842,2.3546666666666667,15.728666666666665,19.695333333333334,617.9313333333333,3.794,2,0.5943666741945033,0.3285928325430363,0.07704049326246042,NO2
2026-02-27 00:30:00,0.2844153333333333,2.0726666666666667,15.12,18.513333333333332,619.1433333333333,3.8113333333333332,2,0.593721644545246,0.32931588635227976,0.0769624691024743,NO2
2026-02-27 00:45:00,0.29141066666666665,1.9553333333333334,13.704,15.207333333333333,618.1806666666666,4.006666666666667,2,0.5900982918015975,0.332467429375327,0.0774342788230756,NO2
2026-02-27 01:00:00,0.3015833333333333,2.0493333333333332,14.455333333333334,14.334,619.3613333333334,4.030666666666667,2,0.5833873555340767,0.33888752439740066,0.07772512006852264,NO2
2026-02-27 01:15:00,0.30582933333333334,1.8266666666666667,14.675333333333333,12.039333333333333,621.8753333333333,3.8313333333333333,2,0.5804315261496988,0.34158008797090084,0.07798838587940038,NO2
2026-02-27 01:30:00,0.3142586666666667,1.978,13.831333333333333,10.854,622.2353333333333,3.826,2,0.5765667481624054,0.34392278586364494,0.07951046597394963,NO2
2026-02-27 01:45:00,0.31329,1.8546666666666667,14.377333333333333,10.134666666666666,622.1,3.6246666666666667,2,0.5757560116831913,0.3444049073029501,0.07983908101385863,NO2
2026-02-27 02:00:00,0.29978,1.9486666666666665,13.394,9.792,625.6553333333334,3.759333333333333,2,0.5720674168678823,0.34696086926596054,0.08097171386615716,NO2
2026-02-27 02:15:00,0.3156546666666667,1.9066666666666667,13.376666666666667,8.888,625.448,3.604,2,0.5734962396024791,0.34380157447929355,0.08270218591822737,NO2
2026-02-27 02:30:00,0.31467133333333336,1.9873333333333332,12.851333333333333,7.908,625.9133333333333,3.5326666666666666,2,0.5792576116366556,0.3364714357821489,0.0842709525811955,NO2
2026-02-27 02:45:00,0.2927373333333333,2.058,13.044,8.945333333333334,624.6853333333333,3.498666666666667,2,0.5869912490402758,0.32658489379478706,0.08642385716493715,NO2
2026-02-27 03:00:00,0.289868,2.23,13.723333333333333,9.038666666666666,625.094,3.441333333333333,2,0.5956113406617692,0.31626878791526525,0.08811987142296555,NO2
2026-02-27 03:15:00,0.30643333333333334,2.0493333333333332,13.89,7.166666666666667,627.68,3.522666666666667,2,0.6100651865062695,0.29922705889944035,0.09070775459429015,NO2
2026-02-27 03:30:00,0.29337399999999997,2.099333333333333,12.614666666666666,7.444,628.2493333333333,3.3226666666666667,2,0.622774410808974,0.28423813680359555,0.09298745238743045,NO2
2026-02-27 03:45:00,0.301722,2.235333333333333,14.523333333333333,6.275333333333333,629.196,3.4793333333333334,2,0.6379561049637308,0.26840304362238476,0.09364085141388444,NO2
2026-02-27 04:00:00,0.29930466666666666,2.2413333333333334,15.209333333333333,7.700666666666667,629.4613333333333,3.3746666666666667,2,0.6501880579592879,0.25624777888055333,0.09356416316015877,NO2
2026-02-27 04:15:00,0.2936173333333333,2.1906666666666665,13.659333333333333,7.418666666666667,629.47,3.464,2,0.6566760669932472,0.24905539105599728,0.09426854195075546,NO2
2026-02-27 04:30:00,0.2933553333333333,2.3333333333333335,13.854,9.278666666666666,626.676,3.138,2,0.6602729553559206,0.24649258837221164,0.09323445627186776,NO2
2026-02-27 04:45:00,0.29508999999999996,2.4153333333333333,14.021333333333333,6.526666666666666,629.816,3.7893333333333334,2,0.6654790287147954,0.23997474080028008,0.0945462304849246,NO2
2026-02-27 05:00:00,0.29591866666666666,2.4153333333333333,13.335333333333333,6.926666666666667,629.5206666666667,3.2266666666666666,2,0.6710040566793435,0.23484308408347063,0.0941528592371859,NO2
2026-02-27 05:15:00,0.3047246666666667,2.476,14.660666666666666,5.610666666666667,631.6226666666666,3.1353333333333335,2,0.6790235604170696,0.22751364207676075,0.0934627975061697,NO2
2026-02-27 05:30:00,0.2998573333333333,2.5306666666666664,13.944666666666667,5.166666666666667,633.7026666666667,2.9053333333333335,2,0.6861764434713271,0.22143958370104186,0.09238397282763103,NO2
2026-02-27 05:45:00,0.31182333333333334,2.47,13.278666666666666,4.67,636.336,2.836,2,0.6950644967627001,0.2130253120824299,0.09191019115486998,NO2
2026-02-27 06:00:00,0.384264,2.4833333333333334,12.885333333333334,3.514666666666667,641.7166666666667,2.7600000000000002,2,0.7051306898798747,0.20276637651544713,0.09210293360467817,NO2
2026-02-27 06:15:00,0.44695666666666667,2.6593333333333335,16.091333333333335,5.136,636.4886666666666,3.0893333333333333,2,0.7123506563512485,0.19685155910514485,0.0907977845436067,NO2
2026-02-27 06:30:00,0.364976,2.7600000000000002,17.753333333333334,4.932666666666667,640.1653333333334,3.5526666666666666,2,0.7227641147982433,0.18732641228364627,0.08990947291811041,NO2
2026-02-27 06:45:00,0.3556066666666667,3.220666666666667,18.820666666666668,2.4033333333333333,643.4893333333333,3.1546666666666665,2,0.7353962648433359,0.176099792252269,0.0885039429043952,NO2
2026-02-27 07:00:00,0.348148,3.030666666666667,18.819333333333333,3.7826666666666666,642.5826666666667,2.914,2,0.7474459713125787,0.16546196709610525,0.08709206159131606,NO2
2026-02-27 07:15:00,0.36415800000000004,3.792,18.117333333333335,2.3226666666666667,650.354,2.84,2,0.7627848426736038,0.1519114995496364,0.08530365777675979,NO2
2026-02-27 07:30:00,0.3992793333333333,3.602,17.865333333333332,4.138,647.6333333333333,3.006666666666667,2,0.7768007626295882,0.1384777922139347,0.08472144515647713,NO2
2026-02-27 07:45:00,0.401962,3.176,17.254666666666665,5.4286666666666665,647.6173333333334,2.779333333333333,2,0.7836542619835748,0.13460226255346633,0.08174347546295886,NO2
2026-02-27 08:00:00,0.4234786666666666,8.351333333333333,19.586666666666666,2.2666666666666666,662.6093333333333,3.33,2,0.797912219212487,0.12125870362055785,0.08082907716695518,NO2
2026-02-27 08:15:00,0.43159800000000004,7.328,19.062666666666665,2.648,662.3113333333333,3.7573333333333334,2,0.8061127581360211,0.11263718133902731,0.08125006052495161,NO2
2026-02-27 08:30:00,0.5035413333333334,7.973333333333334,16.978666666666665,4.256666666666667,662.512,3.537333333333333,2,0.8090874271623314,0.10919347977053175,0.08171909306713689,NO2
2026-02-27 08:45:00,0.7418933333333333,5.418,18.358,7.390666666666666,655.2453333333333,3.421333333333333,2,0.80666371584956,0.11259245692719495,0.08074382722324504,NO2
2026-02-27 09:00:00,0.50636,4.549333333333333,16.023333333333333,10.831333333333333,651.816,3.2680000000000002,2,0.7946904165592031,0.1258909935375751,0.07941858990322179,NO2
2026-02-27 09:15:00,0.37071733333333334,3.5513333333333335,13.542,18.681333333333335,641.1773333333333,3.4233333333333333,2,0.7683324964356963,0.1532811711894416,0.0783863323748621,NO2
2026-02-27 09:30:00,0.3558746666666667,3.358,14.497333333333334,17.248,641.924,3.4273333333333333,2,0.7450950645134089,0.17794392814069532,0.07696100734589574,NO2
2026-02-27 09:45:00,0.35193,3.9846666666666666,14.866666666666667,16.78,644.4133333333333,3.6366666666666667,2,0.7177924430599439,0.20568731343080252,0.07652024350925352,NO2
2026-02-27 10:00:00,0.3284013333333334,3.67,12.758000000000001,18.983333333333334,644.3566666666667,3.2733333333333334,2,0.6881234892474128,0.23557590771406786,0.07630060303851931,NO2
2026-02-27 10:15:00,0.304978,3.1933333333333334,9.107333333333333,23.667333333333332,640.9853333333333,2.636,2,0.647883922738266,0.27723129625262993,0.07488478100910408,NO2
2026-02-27 10:30:00,0.30146066666666665,3.1186666666666665,8.647333333333334,23.529333333333334,643.5393333333333,2.644,2,0.6110816114300887,0.3153414377018184,0.07357695086809299,NO2
2026-02-27 10:45:00,0.288492,3.0873333333333335,7.570666666666667,25.084666666666667,646.9666666666667,2.108,2,0.5742245355576874,0.35394969730385517,0.07182576713845744,NO2
2026-02-27 11:00:00,0.27817733333333333,3.138,7.056,25.72,650.5486666666667,1.8026666666666666,2,0.5300600159466892,0.40120754084518784,0.06873244320812297,NO2
2026-02-27 11:15:00,0.27320733333333336,3.126,6.879333333333333,25.80933333333333,649.094,1.612,2,0.4876444246788903,0.44780967774902064,0.06454589757208905,NO2
2026-02-27 11:30:00,0.27308133333333334,3.076,7.034,25.384,647.618,1.3893333333333333,2,0.45147036540937974,0.48835263183632727,0.060177002754293,O3
2026-02-27 11:45:00,0.272252,3.1593333333333335,6.65,27.07133333333333,644.88,1.2426666666666666,2,0.41357391373060465,0.5301253012620849,0.05630078500731044,O3
2026-02-27 12:00:00,0.27459,3.3566666666666665,6.53,27.194,643.7546666666667,1.2206666666666666,2,0.38258818618578605,0.5648078396153569,0.052603974198857095,O3
2026-02-27 12:15:00,0.27860133333333337,3.6033333333333335,6.324,28.398,644.052,1.0266666666666666,2,0.36156306338669403,0.5898618427040192,0.048575093909286694,O3
2026-02-27 12:30:00,0.27462400000000003,3.7133333333333334,5.666666666666667,28.527333333333335,643.4733333333334,0.8093333333333333,2,0.335586699822085,0.6202389832713651,0.04417431690654992,O3
2026-02-27 12:45:00,0.26822133333333337,3.608,5.419333333333333,27.767333333333333,644.55,0.7333333333333334,2,0.307925289700477,0.6528174587964792,0.03925725150304376,O3
2026-02-27 13:00:00,0.26514733333333335,3.533333333333333,5.446,26.578,645.73,0.9146666666666667,2,0.2865891651152097,0.6781987415274814,0.03521209335730891,O3
2026-02-27 13:15:00,0.26376933333333336,3.498666666666667,5.704,24.950666666666667,646.4293333333334,0.854,2,0.27820150548491723,0.6896430198272714,0.03215547468781141,O3
2026-02-27 13:30:00,0.26901600000000003,3.476,6.793333333333333,23.573333333333334,642.896,0.906,2,0.2743573080605009,0.6966182241023234,0.029024467837175674,O3
2026-02-27 13:45:00,0.2730206666666667,3.2386666666666666,7.9366666666666665,23.656666666666666,641.4266666666666,1.06,2,0.276755439496056,0.6961946163121125,0.02704994419183143,O3
2026-02-27 14:00:00,0.2810626666666666,3.1206666666666667,7.575333333333333,25.162666666666667,639.2106666666666,0.972,2,0.2789058600706875,0.6956739277123372,0.025420212216975293,O3
2026-02-27 14:15:00,0.280032,2.9673333333333334,8.196666666666667,25.789333333333335,635.172,0.9746666666666667,2,0.28266845585378136,0.6932653179680699,0.024066226178148787,O3
2026-02-27 14:30:00,0.28934866666666664,2.9026666666666667,8.43,26.095333333333333,634.4493333333334,0.8506666666666667,2,0.28608654845409615,0.6910443899401981,0.022869061605705746,O3
2026-02-27 14:45:00,0.287054,2.7033333333333336,10.393333333333333,24.918,629.5753333333333,0.868,2,0.2970808428676269,0.6809627313327193,0.021956425799653772,O3
2026-02-27 15:00:00,0.28151666666666664,2.564,12.471333333333334,23.923333333333332,625.962,1.054,2,0.31382926780943377,0.6648290218039493,0.021341710386616884,O3
2026-02-27 15:15:00,0.281872,2.42,11.593333333333334,25.572,624.234,0.8046666666666666,2,0.3283138034527506,0.6510186721290379,0.020667524418211597,O3
2026-02-27 15:30:00,0.281578,2.3826666666666667,12.172,25.017333333333333,626.756,0.8713333333333333,2,0.34553785921637936,0.6339837619990636,0.020478378784557008,O3
2026-02-27 15:45:00,0.2821175,2.3225000000000002,12.4825,25.645,622.6424999999999,0.8925,2,0.3623472193066343,0.6172781361003863,0.020374644592979416,O3
2026-02-27 16:00:00,0.2891606666666667,2.2913333333333332,12.314,25.714666666666666,625.8886666666667,0.7833333333333333,2,0.3773618379708061,0.6029177187150894,0.019720443314104528,O3
2026-02-27 16:15:00,0.2845513333333333,2.1846666666666668,12.326666666666666,25.43,626.6593333333333,0.8513333333333334,2,0.39017509402811235,0.5905448984862941,0.019280007485593543,O3
2026-02-27 16:30:00,0.2791726666666667,2.1173333333333333,12.080666666666668,25.220666666666666,629.1253333333333,0.662,2,0.3991961787828017,0.5823204565510981,0.01848336466610012,O3
2026-02-27 16:45:00,0.283784,1.9786666666666666,12.513333333333334,25.055333333333333,629.2533333333333,0.5826666666666667,2,0.40693673040827966,0.5756908855163246,0.017372384075395743,O3
2026-02-27 17:00:00,0.33134933333333333,1.836,16.540666666666667,21.435333333333332,632.948,2.64,2,0.42466547387478043,0.5555737889765421,0.01976073714867752,O3
2026-02-27 17:15:00,0.32363933333333333,1.7613333333333334,15.353333333333333,22.358666666666668,632.0153333333333,1.3766666666666667,2,0.4392887729503796,0.5405981958481798,0.020113031201440573,O3
2026-02-27 17:30:00,0.30916333333333335,1.7086666666666666,16.856,22.217333333333332,627.0606666666666,1.426,2,0.4557304196064562,0.5236006090741847,0.020668971319359075,O3
2026-02-27 17:45:00,0.29652,1.6226666666666667,15.574666666666667,23.503333333333334,623.336,0.9753333333333334,2,0.46492496742575007,0.5144951336257487,0.02057989894850117,O3
2026-02-27 18:00:00,0.291342,1.5346666666666666,16.467333333333332,23.48,619.788,0.882,2,0.4715130096026841,0.5083912401233682,0.02009575027394763,O3
2026-02-27 18:15:00,0.2869753333333333,1.5393333333333334,18.055333333333333,23.836,617.9713333333333,0.9053333333333333,3,0.4824543172820123,0.49760118248386326,0.019944500234124418,O3
2026-02-27 18:30:00,0.28505533333333327,1.4866666666666666,20.594,22.102,615.3053333333334,1.1606666666666667,3,0.4966589419222435,0.48332901341433715,0.020012044663419333,NO2
2026-02-27 18:45:00,0.29274666666666666,1.4813333333333334,20.368666666666666,22.44333333333333,615.17,1.6913333333333334,3,0.509490982918948,0.4696457833262091,0.020863233754842947,NO2
2026-02-27 19:00:00,0.29650333333333334,1.5053333333333334,19.128666666666668,23.644,614.4306666666666,1.2006666666666668,3,0.5198463924605218,0.4589967888985069,0.021156818640971305,NO2
2026-02-27 19:15:00,0.293852,1.4966666666666666,19.708,23.909333333333333,615.1373333333333,1.2666666666666666,3,0.5301217329202349,0.44849078839373496,0.021387478686030203,NO2
2026-02-27 19:30:00,0.35902133333333336,1.658,21.694,16.996666666666666,623.5433333333333,3.2306666666666666,3,0.546806233049092,0.4284733906356162,0.024720376315291785,NO2
2026-02-27 19:45:00,0.44528199999999996,1.318,20.785333333333334,12.190666666666667,628.7073333333333,15.413333333333334,3,0.5559295594308116,0.3991837636800041,0.04488667688918437,NO2
2026-02-27 20:00:00,0.46214666666666665,1.164,20.404,12.002,628.1933333333334,11.025333333333334,3,0.5618829312999422,0.3819043094416388,0.05621275925841904,NO2
2026-02-27 20:15:00,0.4366966666666667,1.0526666666666666,18.090666666666667,11.036666666666667,623.6726666666667,8.755333333333333,3,0.5689744628735499,0.364551882721063,0.06647365440538712,NO2
2026-02-27 20:30:00,0.3678726666666666,0.7973333333333333,17.388,10.702,613.3866666666667,5.311333333333334,3,0.5766819783246302,0.35064810336978375,0.07266991830558603,NO2
2026-02-27 20:45:00,0.353852,0.6226666666666667,17.470666666666666,10.320666666666666,607.1553333333334,3.0566666666666666,3,0.589059615979155,0.3343672958815979,0.07657308813924704,NO2
2026-02-27 21:00:00,0.3259586666666667,0.6913333333333334,16.901333333333334,10.088666666666667,602.5793333333334,3.012,3,0.6003859366819837,0.3186349103094187,0.08097915300859763,NO2
2026-02-27 21:15:00,0.3142506666666666,0.702,16.854,10.156,600.7406666666667,2.5566666666666666,3,0.6111225785145342,0.30356977991787293,0.08530764156759285,NO2
2026-02-27 21:30:00,0.2992846666666667,0.7826666666666666,15.815999999999999,11.516666666666667,598.0746666666666,1.9286666666666665,3,0.6162074904718678,0.2947587247907902,0.08903378473734196,NO2
2026-02-27 21:45:00,0.30756866666666666,0.9666666666666667,16.586666666666666,10.784,601.2466666666667,2.4686666666666666,2,0.6238287468132481,0.28325907681926216,0.09291217636748976,NO2
2026-02-27 22:00:00,0.32347866666666664,0.9626666666666667,16.215333333333334,9.949333333333334,604.82,2.7946666666666666,2,0.6343213955098708,0.26735033154882853,0.09832827294130073,NO2
2026-02-27 22:15:00,0.3229426666666667,1.2213333333333334,14.168666666666667,8.724666666666666,604.4013333333334,2.0246666666666666,2,0.6453249331013817,0.2507301398778187,0.10394492702079951,NO2
2026-02-27 22:30:00,0.33180400000000004,1.4373333333333334,14.087333333333333,9.46,604.602,1.99,2,0.6476035779887661,0.2463625787189743,0.10603384329225961,NO2
2026-02-27 22:45:00,0.33785733333333334,1.488,12.975999999999999,8.518,606.794,2.2306666666666666,2,0.6591197578633139,0.253193825526394,0.08768641661029215,NO2
2026-02-27 23:00:00,0.3271426666666667,1.638,10.876,8.728666666666667,606.722,1.7646666666666666,2,0.6642683302654637,0.26109355762134223,0.07463811211319409,NO2
2026-02-27 23:15:00,0.30599533333333334,1.6373333333333333,10.146666666666667,7.971333333333333,605.944,1.088,2,0.6694969554276431,0.2678341737553481,0.06266887081700881,NO2
2026-02-27 23:30:00,0.3186673333333333,1.7306666666666666,9.613333333333333,7.640666666666666,604.764,1.1953333333333334,2,0.670312290290304,0.27302123254575356,0.0566664771639424,NO2
2026-02-27 23:45:00,0.30934466666666666,1.7326666666666666,9.070666666666666,7.096666666666667,603.0453333333334,1.358,2,0.6669553926544027,0.2776035555139632,0.05544105183163408,NO2
2026-02-28 00:00:00,0.30003399999999997,1.9006666666666667,8.406,7.540666666666667,604.2326666666667,1.3686666666666667,2,0.6618713793137231,0.28398309583927056,0.05414552484700635,NO2
2026-02-28 00:15:00,0.29412333333333335,2.0766666666666667,8.684666666666667,9.076666666666666,601.4946666666666,0.8386666666666667,2,0.6542660596595153,0.2934788013691775,0.05225513897130716,NO2
2026-02-28 00:30:00,0.28896733333333335,2.0793333333333335,9.56,9.906666666666666,602.45,0.826,2,0.6490714319960241,0.2996042080989418,0.05132435990503404,NO2
2026-02-28 00:45:00,0.28630533333333336,2.1866666666666665,9.139333333333333,9.326,604.9873333333334,1.046,1,0.641690173846588,0.30853615212077434,0.04977367403263768,NO2
2026-02-28 01:00:00,0.27655266666666667,2.162,8.779333333333334,9.034,601.2226666666667,1.204,1,0.6328828596646419,0.3195716902817797,0.047545450053578485,NO2
2026-02-28 01:15:00,0.2711413333333333,2.1946666666666665,7.562,7.429333333333333,599.44,0.9853333333333334,1,0.6246636457936812,0.3288308181196057,0.04650553608671315,NO2
2026-02-28 01:30:00,0.2758833333333333,2.2279999999999998,6.8326666666666664,7.432,595.496,0.766,1,0.6162338058707669,0.3386587140899958,0.04510748003923727,NO2
2026-02-28 01:45:00,0.2747773333333333,2.1853333333333333,7.027333333333333,8.200666666666667,594.0426666666667,1.0266666666666666,1,0.6061519196430539,0.35081932160867496,0.043028758748271084,NO2
2026-02-28 02:00:00,0.27782428571428575,2.22,7.097142857142857,7.934285714285714,594.8214285714286,0.8014285714285714,1,0.6010127025362201,0.3579013033347033,0.04108599412907667,NO2
